Time;Type;Volume;Symbol;Price;Volume;Time;Price;Commission;Swap;Profit
2026.08.03 16:38:08;Sell;0.01;XAUUSD.f;4022.52;0.01;2026.08.03 16:39:00;4026.11;;;-3.59
2026.07.31 04:17:02;Buy;0.01;XAUUSD.f;4089.88;0.01;2026.07.31 11:24:47;4059.38;;;-30.5
2026.07.30 10:18:01;Sell;0.01;XAUUSD.f;4049.21;0.01;2026.07.30 10:22:03;4046.13;;;3.08
2026.07.29 22:35:03;Buy;0.01;XAUUSD.f;4074.18;0.01;2026.07.29 23:00:13;4043.64;;;-30.54
2026.07.29 22:01:50;Buy;0.01;XAUUSD.f;4114.72;0.01;2026.07.29 22:15:00;4099.07;;;-15.65
2026.07.29 22:01:50;Buy;0.01;XAUUSD.f;4114.72;0.01;2026.07.29 22:15:00;4099.67;;;-15.05
2026.07.29 22:02:03;Buy;0.01;XAUUSD.f;4116.21;0.01;2026.07.29 22:03:00;4110.29;;;-5.92
2026.07.28 12:57:42;Sell;0.01;XAUUSD.f;4024.39;0.01;2026.07.28 18:46:57;4045.01;;;-20.62
2026.07.28 12:57:42;Sell;0.01;XAUUSD.f;4024.48;0.01;2026.07.28 13:46:21;4024.07;;;0.41
2026.07.28 12:57:42;Sell;0.01;XAUUSD.f;4024.56;0.01;2026.07.28 13:32:50;4023.36;;;1.2
2026.07.28 12:57:43;Sell;0.01;XAUUSD.f;4023.75;0.01;2026.07.28 13:32:44;4022.53;;;1.22
2026.07.23 20:42:02;Buy;0.01;XAUUSD.f;4045.39;0.01;2026.07.23 21:31:00;4046.79;;;1.4
2026.07.22 10:59:02;Buy;0.01;XAUUSD.f;4110.11;0.01;2026.07.22 11:31:02;4117.8;;;7.6899999999999995
2026.07.22 04:00:07;Buy;0.01;XAUUSD.f;4103.87;0.01;2026.07.22 04:17:15;4114.24;;;10.37
2026.07.22 04:00:06;Buy;0.01;XAUUSD.f;4102.14;0.01;2026.07.22 04:06:15;4115.26;;;13.12
2026.07.22 03:30:14;Buy;0.01;XAUUSD.f;4102.32;0.01;2026.07.22 03:31:05;4092.96;;;-9.36
2026.07.22 03:30:14;Buy;0.01;XAUUSD.f;4102.32;0.01;2026.07.22 03:31:00;4096.87;;;-5.45
2026.07.21 16:33:03;Buy;0.01;XAUUSD.f;4055.48;0.01;2026.07.21 17:10:03;4055.19;;;-0.29
2026.07.21 09:48:06;Buy;0.01;XAUUSD.f;4081.34;0.01;2026.07.21 16:43:59;4046.31;;;-35.03
2026.07.21 09:51:03;Sell;0.01;XAUUSD.f;4080.38;0.01;2026.07.21 09:59:02;4079.13;;;1.25
2026.07.17 18:21:11;Buy;0.01;XAUUSD.f;4008.52;0.01;2026.07.17 18:32:09;4013.56;;;5.04
2026.07.17 18:15:40;Buy;0.01;XAUUSD.f;4007.16;0.01;2026.07.17 18:21:01;4008.54;;;1.38
2026.07.17 18:01:10;Sell;0.01;XAUUSD.f;3998.51;0.01;2026.07.17 18:05:36;4013.56;;;-15.05
2026.07.16 16:02:38;Sell;0.01;XAUUSD.f;3984.13;0.01;2026.07.16 16:29:39;4006.13;;;-22
2026.07.16 16:02:38;Sell;0.01;XAUUSD.f;3984.13;0.01;2026.07.16 16:05:57;3983.69;;;0.44
2026.07.16 16:02:38;Sell;0.01;XAUUSD.f;3984.13;0.01;2026.07.16 16:05:53;3983.08;;;1.05
2026.07.16 16:02:38;Sell;0.01;XAUUSD.f;3984.13;0.01;2026.07.16 16:03:25;3982.94;;;1.19
2026.07.15 19:33:29;Buy;0.01;XAUUSD.f;4035.4;0.01;2026.07.15 19:50:40;4037.51;;;2.11
2026.07.13 17:16:45;Sell;0.01;XAUUSD.f;4021.51;0.01;2026.07.13 17:22:17;4006.89;;;14.62
2026.07.13 17:16:45;Sell;0.01;XAUUSD.f;4021.51;0.01;2026.07.13 17:19:04;4021.19;;;0.32
2026.07.13 17:16:45;Sell;0.01;XAUUSD.f;4021.51;0.01;2026.07.13 17:17:05;4009.29;;;12.22
2026.07.13 17:16:45;Sell;0.01;XAUUSD.f;4021.51;0.01;2026.07.13 17:16:51;4011.61;;;9.9
2026.07.13 01:50:23;Buy;0.01;XAUUSD.f;4078.6;0.01;2026.07.13 01:52:01;4080.64;;;2.04
2026.07.10 17:52:02;Sell;0.01;XAUUSD.f;4103.13;0.01;2026.07.10 17:52:48;4102.07;;;1.06
2026.07.10 13:40:17;Sell;0.01;XAUUSD.f;4107.85;0.01;2026.07.10 13:41:52;4107.93;;;-0.08
2026.07.07 11:57:06;Buy;0.01;XAUUSD.f;4125.9;0.01;2026.07.07 11:57:23;4126.47;;;0.57
2026.07.06 20:02:12;Sell;0.01;XAUUSD.f;4153.12;0.01;2026.07.06 20:17:50;4152.05;;;1.07
2026.07.06 18:12:39;Sell;0.01;XAUUSD.f;4140.42;0.01;2026.07.06 18:13:07;4140.4;;;0.02
2026.07.02 22:27:07;Buy;0.01;XAUUSD.f;4110.71;0.01;2026.07.02 22:27:23;4111.83;;;1.12
2026.07.02 21:35:03;Sell;0.01;XAUUSD.f;4125.11;0.01;2026.07.02 21:36:29;4124.74;;;0.37
2026.07.01 19:45:00;Buy;0.01;XAUUSD.f;4074.41;0.01;2026.07.01 19:46:00;4075.26;;;0.85
2026.07.01 19:30:00;Buy;0.01;XAUUSD.f;4081.73;0.01;2026.07.01 19:31:00;4082.49;;;0.76
2026.07.01 19:15:00;Buy;0.01;XAUUSD.f;4082.78;0.01;2026.07.01 19:16:00;4083.33;;;0.55
2026.07.01 19:00:00;Buy;0.01;XAUUSD.f;4081.45;0.01;2026.07.01 19:01:00;4085.58;;;4.13
2026.07.01 16:44:50;Buy;0.01;XAUUSD.f;4095.33;0.01;2026.07.01 17:26:13;4101.06;;;5.73
2026.07.01 16:44:50;Buy;0.01;XAUUSD.f;4097.07;0.01;2026.07.01 16:46:32;4097.47;;;0.4
2026.07.01 16:44:49;Buy;0.01;XAUUSD.f;4094.38;0.01;2026.07.01 16:46:28;4099.41;;;5.03
2026.07.01 16:44:49;Buy;0.01;XAUUSD.f;4094.38;0.01;2026.07.01 16:45:41;4107.78;;;13.4
2026.07.01 05:36:50;Balance;;;;;;;;;-242.74
2026.06.30 04:07:11;Sell;0.01;XAUUSD.f;3962.09;0.01;2026.06.30 08:19:37;3982.21;;;-20.12
2026.06.30 04:07:11;Sell;0.01;XAUUSD.f;3961.33;0.01;2026.06.30 07:29:35;3981.88;;;-20.55
2026.06.30 04:07:11;Sell;0.01;XAUUSD.f;3960.27;0.01;2026.06.30 04:08:32;3958.31;;;1.96
2026.06.30 04:07:11;Sell;0.01;XAUUSD.f;3961.33;0.01;2026.06.30 04:08:29;3955.97;;;5.36
2026.06.30 04:07:11;Sell;0.01;XAUUSD.f;3961.33;0.01;2026.06.30 04:08:29;3954.24;;;7.09
2026.06.30 04:07:11;Sell;0.01;XAUUSD.f;3960.27;0.01;2026.06.30 04:07:37;3946.83;;;13.44
2026.06.30 04:07:11;Sell;0.01;XAUUSD.f;3961.33;0.01;2026.06.30 04:07:36;3948.32;;;13.01
2026.06.29 22:30:55;Sell;0.01;XAUUSD.f;4018.81;0.01;2026.06.29 22:32:29;4017.58;;;1.23
2026.06.26 19:45:00;Buy;0.01;XAUUSD.f;4084.77;0.01;2026.06.26 19:46:01;4086.28;;;1.51
2026.06.26 19:30:00;Buy;0.01;XAUUSD.f;4087.02;0.01;2026.06.26 19:31:00;4092.49;;;5.47
2026.06.26 19:15:00;Buy;0.01;XAUUSD.f;4092.16;0.01;2026.06.26 19:16:00;4092.11;;;-0.05
2026.06.26 19:00:00;Buy;0.01;XAUUSD.f;4091.02;0.01;2026.06.26 19:01:00;4091.87;;;0.85
2026.06.25 21:07:01;Buy;0.01;XAUUSD.f;4029.66;0.01;2026.06.25 21:07:33;4030.82;;;1.16
2026.06.24 20:56:05;Buy;0.01;XAUUSD.f;3982.05;0.01;2026.06.24 21:09:37;3982.59;;;0.54
2026.06.24 15:25:04;Sell;0.01;XAUUSD.f;4018.51;0.01;2026.06.24 16:39:52;4006.04;;;12.47
2026.06.24 15:25:04;Sell;0.01;XAUUSD.f;4018.51;0.01;2026.06.24 15:52:18;4001.08;;;17.43
2026.06.24 15:25:04;Sell;0.01;XAUUSD.f;4018.51;0.01;2026.06.24 15:45:23;4016.48;;;2.03
2026.06.24 15:25:04;Sell;0.01;XAUUSD.f;4018.51;0.01;2026.06.24 15:27:13;4018.53;;;-0.02
2026.06.23 23:05:05;Buy;0.01;XAUUSD.f;4112.61;0.01;2026.06.23 23:10:14;4112.73;;;0.12
2026.06.23 17:09:39;Sell;0.01;XAUUSD.f;4142.71;0.01;2026.06.23 17:13:00;4138.06;;;4.65
2026.06.23 16:51:01;Sell;0.01;XAUUSD.f;4133.12;0.01;2026.06.23 17:13:00;4138.06;;;-4.9399999999999995
2026.06.23 16:44:39;Sell;0.01;XAUUSD.f;4126.76;0.01;2026.06.23 17:13:00;4138.06;;;-11.3
2026.06.23 15:38:08;Sell;0.01;XAUUSD.f;4120.11;0.01;2026.06.23 16:05:57;4115.09;;;5.02
2026.06.23 15:26:18;Sell;0.01;XAUUSD.f;4115.8;0.01;2026.06.23 16:05:57;4115.09;;;0.71
2026.06.23 07:59:06;Sell;0.01;XAUUSD.f;4124.27;0.01;2026.06.23 12:35:08;4119.14;;;5.13
2026.06.23 07:59:06;Sell;0.01;XAUUSD.f;4121.48;0.01;2026.06.23 09:12:44;4121.04;;;0.44
2026.06.23 07:59:06;Sell;0.01;XAUUSD.f;4121.57;0.01;2026.06.23 09:12:36;4120.69;;;0.88
2026.06.23 07:59:06;Sell;0.01;XAUUSD.f;4124.27;0.01;2026.06.23 08:01:10;4122.98;;;1.29
2026.06.19 08:24:00;Sell;0.01;XAUUSD.f;4131.25;0.01;2026.06.19 08:25:00;4129.41;;;1.8399999999999999
2026.06.19 08:12:00;Sell;0.01;XAUUSD.f;4130.14;0.01;2026.06.19 08:13:00;4128.5;;;1.6400000000000001
2026.06.19 08:00:00;Sell;0.01;XAUUSD.f;4125.73;0.01;2026.06.19 08:03:00;4124.62;;;1.11
2026.06.18 22:20:01;Buy;0.01;XAUUSD.f;4205.24;0.01;2026.06.18 22:20:57;4207.25;;;2.01
2026.06.18 19:36:03;Sell;0.01;XAUUSD.f;4218.77;0.01;2026.06.18 22:11:48;4205.69;;;13.08
2026.06.18 21:14:58;Sell;0.01;XAUUSD.f;4229.03;0.01;2026.06.18 21:15:14;4227.65;;;1.38
2026.06.17 20:33:36;Buy;0.01;XAUUSD.f;4368.52;0.01;2026.06.17 21:00:13;4344.09;;;-24.43
2026.06.17 20:33:36;Buy;0.01;XAUUSD.f;4369.67;0.01;2026.06.17 21:00:02;4367.26;;;-2.41
2026.06.17 20:33:35;Buy;0.01;XAUUSD.f;4367.56;0.01;2026.06.17 20:35:18;4373.62;;;6.06
2026.06.17 20:33:35;Buy;0.01;XAUUSD.f;4367.56;0.01;2026.06.17 20:33:56;4381.77;;;14.21
2026.06.15 16:32:08;Buy;0.01;XAUUSD.f;4363.78;0.01;2026.06.15 20:34:53;4326.83;;;-36.95
2026.06.15 16:32:02;Buy;0.01;XAUUSD.f;4361.71;0.01;2026.06.15 16:43:04;4362.49;;;0.78
2026.06.15 16:32:02;Buy;0.01;XAUUSD.f;4362.61;0.01;2026.06.15 16:43:02;4363.8;;;1.19
2026.06.11 23:48:00;Buy;0.01;XAUUSD.f;4211.62;0.01;2026.06.11 23:55:00;4212.09;;;0.47
2026.06.11 23:45:00;Buy;0.01;XAUUSD.f;4209.99;0.01;2026.06.11 23:47:01;4211.05;;;1.06
2026.06.11 23:42:00;Buy;0.01;XAUUSD.f;4212.34;0.01;2026.06.11 23:47:00;4212.08;;;-0.26
2026.06.11 23:30:00;Buy;0.01;XAUUSD.f;4214.38;0.01;2026.06.11 23:36:00;4215.01;;;0.63
2026.06.11 23:24:00;Buy;0.01;XAUUSD.f;4213.49;0.01;2026.06.11 23:25:00;4214.66;;;1.17
2026.06.11 23:18:00;Buy;0.01;XAUUSD.f;4212.85;0.01;2026.06.11 23:20:00;4213.41;;;0.56
2026.06.11 23:12:00;Buy;0.01;XAUUSD.f;4214.7;0.01;2026.06.11 23:13:00;4218.64;;;3.94
2026.06.11 23:06:00;Buy;0.01;XAUUSD.f;4210.81;0.01;2026.06.11 23:07:00;4211.08;;;0.27
2026.06.11 23:00:00;Buy;0.01;XAUUSD.f;4209.33;0.01;2026.06.11 23:01:00;4212.09;;;2.76
2026.06.11 22:54:00;Buy;0.01;XAUUSD.f;4214.69;0.01;2026.06.11 22:55:00;4214.36;;;-0.33
2026.06.11 22:50:00;Buy;0.01;XAUUSD.f;4210.89;0.01;2026.06.11 22:52:03;4212.37;;;1.48
2026.06.11 22:49:00;Buy;0.01;XAUUSD.f;4212.12;0.01;2026.06.11 22:52:02;4212.41;;;0.29
2026.06.11 22:48:00;Buy;0.01;XAUUSD.f;4213.79;0.01;2026.06.11 22:52:00;4212.79;;;-1
2026.06.11 22:45:00;Buy;0.01;XAUUSD.f;4210.83;0.01;2026.06.11 22:48:02;4212.38;;;1.55
2026.06.11 22:42:00;Buy;0.01;XAUUSD.f;4214.6;0.01;2026.06.11 22:43:00;4215.17;;;0.57
2026.06.11 22:36:00;Buy;0.01;XAUUSD.f;4212.93;0.01;2026.06.11 22:37:00;4217.52;;;4.59
2026.06.11 22:30:00;Buy;0.01;XAUUSD.f;4196.13;0.01;2026.06.11 22:31:00;4208.38;;;12.25
2026.06.11 22:24:00;Buy;0.01;XAUUSD.f;4189.3;0.01;2026.06.11 22:25:00;4191.22;;;1.92
2026.06.11 22:18:00;Buy;0.01;XAUUSD.f;4188.92;0.01;2026.06.11 22:19:00;4190.93;;;2.01
2026.06.11 22:15:00;Buy;0.01;XAUUSD.f;4188.59;0.01;2026.06.11 22:17:00;4193.47;;;4.88
2026.06.11 22:12:00;Buy;0.01;XAUUSD.f;4180.43;0.01;2026.06.11 22:13:00;4183.47;;;3.04
2026.06.11 22:06:00;Buy;0.01;XAUUSD.f;4170.67;0.01;2026.06.11 22:07:00;4171.24;;;0.57
2026.06.11 22:00:01;Buy;0.01;XAUUSD.f;4164.52;0.01;2026.06.11 22:01:03;4171.09;;;6.57
2026.06.11 22:00:00;Buy;0.01;XAUUSD.f;4162.13;0.01;2026.06.11 22:01:00;4171.96;;;9.83
2026.06.10 21:50:19;Sell;0.01;XAUUSD.f;4100.67;0.01;2026.06.11 01:30:36;4048.62;;1.3599999999999999;52.05
2026.06.10 21:50:06;Sell;0.01;XAUUSD.f;4102.14;0.01;2026.06.10 23:09:31;4070.65;;;31.49
2026.06.10 20:44:49;Sell;0.01;XAUUSD.f;4102.51;0.01;2026.06.10 23:09:31;4070.65;;;31.86
2026.06.09 18:31:49;Sell;0.01;XAUUSD.f;4271.24;0.01;2026.06.09 18:33:36;4269.9;;;1.34
2026.06.09 18:31:49;Sell;0.01;XAUUSD.f;4269.59;0.01;2026.06.09 18:33:16;4269.15;;;0.44
2026.06.09 18:31:49;Sell;0.01;XAUUSD.f;4269.59;0.01;2026.06.09 18:33:12;4268.28;;;1.31
2026.06.05 16:59:49;Sell;0.01;XAUUSD.f;4367.8;0.01;2026.06.05 17:51:55;4365.88;;;1.92
2026.06.05 16:59:49;Sell;0.01;XAUUSD.f;4369.11;0.01;2026.06.05 17:48:13;4358.13;;;10.98
2026.06.05 16:59:48;Sell;0.01;XAUUSD.f;4369.44;0.01;2026.06.05 17:27:53;4358.91;;;10.53
2026.06.05 16:59:44;Sell;0.01;XAUUSD.f;4370.1;0.01;2026.06.05 17:27:48;4358.76;;;11.34
2026.06.03 11:51:46;Sell;0.01;XAUUSD.f;4450.08;0.01;2026.06.03 12:03:43;4449.88;;;0.2
2026.06.03 11:51:46;Sell;0.01;XAUUSD.f;4450.45;0.01;2026.06.03 12:03:37;4449.11;;;1.34
2026.06.03 11:51:47;Sell;0.01;XAUUSD.f;4449.51;0.01;2026.06.03 12:03:11;4448.22;;;1.29
2026.06.03 09:12:00;Sell;0.01;XAUUSD.f;4464.63;0.01;2026.06.03 09:13:00;4463.33;;;1.3
2026.06.01 22:00:00;Buy;0.01;XAUUSD.f;4486.97;0.01;2026.06.01 22:05:00;4487.82;;;0.85
2026.05.29 19:23:27;Balance;;;;;;;;;-215.48
2026.05.29 18:05:02;Buy;0.01;XAUUSD.f;4579.25;0.01;2026.05.29 18:27:17;4578.92;;;-0.33
2026.05.29 18:04:57;Buy;0.01;XAUUSD.f;4578.46;0.01;2026.05.29 18:11:14;4594.08;;;15.62
2026.05.29 18:04:57;Buy;0.01;XAUUSD.f;4578.46;0.01;2026.05.29 18:11:13;4592.95;;;14.49
2026.05.29 18:05:02;Buy;0.01;XAUUSD.f;4580.17;0.01;2026.05.29 18:06:00;4574.72;;;-5.45
2026.05.29 11:51:00;Buy;0.01;XAUUSD.f;4510.27;0.01;2026.05.29 12:01:17;4513.76;;;3.49
2026.05.29 11:49:00;Buy;0.01;XAUUSD.f;4512.28;0.01;2026.05.29 12:01:14;4513.93;;;1.65
2026.05.29 11:38:00;Buy;0.01;XAUUSD.f;4514.47;0.01;2026.05.29 12:01:13;4513.88;;;-0.59
2026.05.29 11:35:00;Buy;0.01;XAUUSD.f;4516.33;0.01;2026.05.29 12:01:02;4514.69;;;-1.6400000000000001
2026.05.29 11:30:00;Buy;0.01;XAUUSD.f;4517.31;0.01;2026.05.29 12:01:00;4517.29;;;-0.02
2026.05.29 11:25:00;Buy;0.01;XAUUSD.f;4515.72;0.01;2026.05.29 11:28:00;4517.35;;;1.63
2026.05.28 22:45:00;Buy;0.01;XAUUSD.f;4499.52;0.01;2026.05.28 22:51:00;4500.04;;;0.52
2026.05.28 22:30:00;Buy;0.01;XAUUSD.f;4500;0.01;2026.05.28 22:31:00;4500.7;;;0.7
2026.05.28 22:15:00;Buy;0.01;XAUUSD.f;4499.77;0.01;2026.05.28 22:16:00;4500.48;;;0.71
2026.05.28 22:00:00;Buy;0.01;XAUUSD.f;4501.44;0.01;2026.05.28 22:01:00;4502.53;;;1.09
2026.05.27 13:46:17;Sell;0.01;XAUUSD.f;4455.03;0.01;2026.05.27 15:19:14;4453.38;;;1.65
2026.05.27 13:46:16;Sell;0.01;XAUUSD.f;4457.78;0.01;2026.05.27 14:42:22;4442.65;;;15.13
2026.05.27 13:46:16;Sell;0.01;XAUUSD.f;4457.83;0.01;2026.05.27 14:23:15;4440.83;;;17
2026.05.27 13:46:15;Sell;0.01;XAUUSD.f;4456.96;0.01;2026.05.27 14:00:26;4447.98;;;8.98
2026.05.27 13:46:16;Sell;0.01;XAUUSD.f;4457.83;0.01;2026.05.27 14:00:05;4447.02;;;10.81
2026.05.27 13:46:16;Sell;0.01;XAUUSD.f;4457.83;0.01;2026.05.27 13:59:52;4449.04;;;8.79
2026.05.26 02:10:34;Buy;0.01;XAUUSD.f;4578.04;0.01;2026.05.26 03:21:56;4547.1;;;-30.94
2026.05.25 02:05:53;Buy;0.01;XAUUSD.f;4568.66;0.01;2026.05.25 02:58:32;4569.96;;;1.3
2026.05.25 02:03:32;Buy;0.01;XAUUSD.f;4568.64;0.01;2026.05.25 02:58:32;4569.96;;;1.32
2026.05.25 02:06:04;Buy;0.01;XAUUSD.f;4568.69;0.01;2026.05.25 02:57:12;4570.55;;;1.8599999999999999
2026.05.25 02:07:14;Buy;0.01;XAUUSD.f;4570.81;0.01;2026.05.25 02:57:12;4571.29;;;0.48
2026.05.20 23:43:00;Buy;0.01;XAUUSD.f;4543.27;0.01;2026.05.21 01:06:02;4545.04;;-1.7;1.77
2026.05.20 23:36:00;Buy;0.01;XAUUSD.f;4544.68;0.01;2026.05.21 01:06:00;4546.57;;-1.7;1.8900000000000001
2026.05.20 23:18:00;Buy;0.01;XAUUSD.f;4546.34;0.01;2026.05.20 23:19:00;4547.26;;;0.92
2026.05.20 23:12:00;Buy;0.01;XAUUSD.f;4547.36;0.01;2026.05.20 23:16:00;4548.35;;;0.99
2026.05.20 23:06:00;Buy;0.01;XAUUSD.f;4545.79;0.01;2026.05.20 23:08:00;4546.42;;;0.63
2026.05.20 23:00:00;Buy;0.01;XAUUSD.f;4546.13;0.01;2026.05.20 23:03:01;4547.69;;;1.56
2026.05.20 22:54:00;Buy;0.01;XAUUSD.f;4548.27;0.01;2026.05.20 23:03:00;4547.91;;;-0.36
2026.05.20 22:48:00;Buy;0.01;XAUUSD.f;4546.66;0.01;2026.05.20 22:52:00;4548.29;;;1.63
2026.05.20 22:45:00;Buy;0.01;XAUUSD.f;4546.9;0.01;2026.05.20 22:46:00;4547.62;;;0.72
2026.05.20 22:42:00;Buy;0.01;XAUUSD.f;4548.05;0.01;2026.05.20 22:43:00;4549.16;;;1.11
2026.05.20 22:30:00;Buy;0.01;XAUUSD.f;4545.63;0.01;2026.05.20 22:31:00;4546.78;;;1.15
2026.05.20 22:00:00;Buy;0.01;XAUUSD.f;4542.7;0.01;2026.05.20 22:01:00;4544.34;;;1.6400000000000001
2026.05.19 16:31:21;Sell;0.01;XAUUSD.f;4481.36;0.01;2026.05.19 16:43:05;4476.19;;;5.17
2026.05.19 16:31:21;Sell;0.01;XAUUSD.f;4481.36;0.01;2026.05.19 16:32:51;4482.26;;;-0.9
2026.05.19 16:31:21;Sell;0.01;XAUUSD.f;4481.36;0.01;2026.05.19 16:31:44;4466;;;15.36
2026.05.19 16:31:21;Sell;0.01;XAUUSD.f;4481.36;0.01;2026.05.19 16:31:39;4467.51;;;13.85
2026.05.18 23:30:00;Buy;0.01;XAUUSD.f;4563.58;0.01;2026.05.18 23:44:00;4564.6;;;1.02
2026.05.18 03:33:58;Sell;0.01;XAUUSD.f;4503.42;0.01;2026.05.18 03:46:22;4487.31;;;16.11
2026.05.18 03:33:58;Sell;0.01;XAUUSD.f;4503.42;0.01;2026.05.18 03:46:22;4487.31;;;16.11
2026.05.18 03:33:58;Sell;0.01;XAUUSD.f;4501.59;0.01;2026.05.18 03:41:22;4486.11;;;15.48
2026.05.15 03:25:18;Sell;0.01;XAUUSD.f;4640.41;0.01;2026.05.15 14:09:50;4564;;;76.41
2026.05.15 09:31:00;Sell;0.01;XAUUSD.f;4579.71;0.01;2026.05.15 09:49:20;4573.02;;;6.6899999999999995
2026.05.15 09:17:00;Sell;0.01;XAUUSD.f;4576.45;0.01;2026.05.15 09:49:17;4572.34;;;4.11
2026.05.15 09:16:00;Sell;0.01;XAUUSD.f;4573.34;0.01;2026.05.15 09:49:16;4573.22;;;0.12
2026.05.15 09:12:00;Sell;0.01;XAUUSD.f;4570.15;0.01;2026.05.15 09:49:13;4572.62;;;-2.4699999999999998
2026.05.15 09:06:00;Sell;0.01;XAUUSD.f;4566.43;0.01;2026.05.15 09:49:07;4570.99;;;-4.5600000000000005
2026.05.15 09:02:00;Sell;0.01;XAUUSD.f;4562.9;0.01;2026.05.15 09:49:07;4570.99;;;-8.09
2026.05.15 09:01:00;Sell;0.01;XAUUSD.f;4561.03;0.01;2026.05.15 09:49:04;4569.68;;;-8.65
2026.05.15 09:00:00;Sell;0.01;XAUUSD.f;4558.83;0.01;2026.05.15 09:49:00;4565.93;;;-7.1
2026.05.15 08:49:00;Sell;0.01;XAUUSD.f;4568.14;0.01;2026.05.15 08:50:04;4566.74;;;1.4
2026.05.15 08:48:00;Sell;0.01;XAUUSD.f;4564.63;0.01;2026.05.15 08:50:00;4564.21;;;0.42
2026.05.15 03:25:18;Sell;0.01;XAUUSD.f;4639.76;0.01;2026.05.15 03:30:54;4624.05;;;15.71
2026.05.15 03:25:18;Sell;0.01;XAUUSD.f;4640.41;0.01;2026.05.15 03:30:54;4624.05;;;16.36
2026.05.15 03:25:18;Sell;0.01;XAUUSD.f;4640.41;0.01;2026.05.15 03:27:56;4630.99;;;9.42
2026.05.12 23:54:00;Buy;0.01;XAUUSD.f;4714.42;0.01;2026.05.12 23:58:00;4715.1;;;0.68
2026.05.12 23:48:00;Buy;0.01;XAUUSD.f;4714.63;0.01;2026.05.12 23:49:00;4715.18;;;0.55
2026.05.12 23:42:00;Buy;0.01;XAUUSD.f;4712.56;0.01;2026.05.12 23:43:00;4714.6;;;2.04
2026.05.12 23:36:00;Buy;0.01;XAUUSD.f;4713.59;0.01;2026.05.12 23:37:00;4715.2;;;1.6099999999999999
2026.05.12 23:24:00;Buy;0.01;XAUUSD.f;4713.3;0.01;2026.05.12 23:32:00;4714.15;;;0.85
2026.05.12 23:18:00;Buy;0.01;XAUUSD.f;4714.83;0.01;2026.05.12 23:19:00;4715.83;;;1
2026.05.12 23:12:00;Buy;0.01;XAUUSD.f;4713.38;0.01;2026.05.12 23:13:00;4714.58;;;1.2
2026.05.12 23:06:00;Buy;0.01;XAUUSD.f;4713.35;0.01;2026.05.12 23:07:00;4714.13;;;0.78
2026.05.12 23:00:00;Buy;0.01;XAUUSD.f;4715.79;0.01;2026.05.12 23:01:00;4717.62;;;1.83
2026.05.12 22:54:00;Buy;0.01;XAUUSD.f;4712.06;0.01;2026.05.12 22:55:00;4712.62;;;0.56
2026.05.12 22:42:00;Buy;0.01;XAUUSD.f;4709.72;0.01;2026.05.12 22:49:00;4710.3;;;0.58
2026.05.12 22:36:00;Buy;0.01;XAUUSD.f;4709.02;0.01;2026.05.12 22:37:00;4709.51;;;0.49
2026.05.12 22:30:00;Buy;0.01;XAUUSD.f;4703.71;0.01;2026.05.12 22:31:00;4704.56;;;0.85
2026.05.12 18:22:47;Sell;0.01;XAUUSD.f;4650.66;0.01;2026.05.12 18:25:36;4650.12;;;0.54
2026.05.12 18:22:47;Sell;0.01;XAUUSD.f;4650.66;0.01;2026.05.12 18:25:33;4649.22;;;1.44
2026.05.12 18:22:47;Sell;0.01;XAUUSD.f;4647.4;0.01;2026.05.12 18:25:23;4645.97;;;1.43
2026.05.12 02:52:19;Buy;0.01;XAUUSD.f;4763.77;0.01;2026.05.12 04:26:02;4739.97;;;-23.8
2026.05.12 02:52:16;Buy;0.01;XAUUSD.f;4761.75;0.01;2026.05.12 03:23:11;4761.45;;;-0.3
2026.05.12 02:52:19;Buy;0.01;XAUUSD.f;4762.57;0.01;2026.05.12 03:23:04;4763.94;;;1.37
2026.05.12 02:52:38;Buy;0.01;XAUUSD.f;4764.87;0.01;2026.05.12 03:22:35;4765.03;;;0.16
2026.05.12 02:52:19;Buy;0.01;XAUUSD.f;4763.57;0.01;2026.05.12 03:00:23;4764.85;;;1.28
2026.05.11 03:58:02;Buy;0.01;XAUUSD.f;4681.09;0.01;2026.05.11 04:00:04;4682.66;;;1.5699999999999998
2026.05.07 23:24:03;Buy;0.01;XAUUSD.f;4713.67;0.01;2026.05.07 23:26:33;4713.58;;;-0.09
2026.05.06 08:56:29;Buy;0.01;XAUUSD.f;4659.47;0.01;2026.05.06 15:01:47;4684.97;;;25.5
2026.05.06 08:56:30;Buy;0.01;XAUUSD.f;4660.35;0.01;2026.05.06 09:42:08;4660.69;;;0.34
2026.05.06 08:56:28;Buy;0.01;XAUUSD.f;4658.14;0.01;2026.05.06 09:04:52;4659.32;;;1.18
2026.05.06 08:56:28;Buy;0.01;XAUUSD.f;4658.08;0.01;2026.05.06 09:04:52;4659.32;;;1.24
2026.05.05 20:14:59;Buy;0.01;XAUUSD.f;4556.41;0.01;2026.05.05 20:18:44;4559.87;;;3.46
2026.05.04 19:07:59;Sell;0.01;XAUUSD.f;4512.16;0.01;2026.05.05 10:02:15;4552.94;;0.46;-40.78
2026.05.04 19:07:53;Sell;0.01;XAUUSD.f;4513.08;0.01;2026.05.05 04:08:34;4535.94;;0.46;-22.86
2026.05.04 19:07:59;Sell;0.01;XAUUSD.f;4512.16;0.01;2026.05.04 20:17:20;4529.49;;;-17.33
2026.05.04 19:07:59;Sell;0.01;XAUUSD.f;4512.16;0.01;2026.05.04 19:11:26;4511.05;;;1.11
2026.05.04 19:07:59;Sell;0.01;XAUUSD.f;4512.16;0.01;2026.05.04 19:11:26;4511.05;;;1.11
2026.05.04 13:03:52;Sell;0.01;XAUUSD.f;4562.54;0.01;2026.05.04 13:07:18;4546.12;;;16.42
2026.05.01 18:10:24;Buy;0.01;XAUUSD.f;4627.45;0.01;2026.05.01 18:12:34;4630.85;;;3.4
2026.05.01 17:12:19;Buy;0.01;XAUUSD.f;4647.87;0.01;2026.05.01 17:16:11;4657.77;;;9.9
2026.05.01 17:12:18;Buy;0.01;XAUUSD.f;4645.29;0.01;2026.05.01 17:13:35;4659.57;;;14.28
2026.05.01 17:12:18;Buy;0.01;XAUUSD.f;4645.29;0.01;2026.05.01 17:13:10;4657.12;;;11.83
2026.04.30 22:59:07;Buy;0.01;XAUUSD.f;4617.86;0.01;2026.04.30 23:00:16;4618.93;;;1.07
2026.04.30 13:48:00;Buy;0.01;XAUUSD.f;4637.46;0.01;2026.04.30 14:00:00;4639.84;;;2.38
2026.04.30 13:36:00;Buy;0.01;XAUUSD.f;4637.48;0.01;2026.04.30 13:43:00;4640.39;;;2.91
2026.04.30 13:24:00;Buy;0.01;XAUUSD.f;4633.74;0.01;2026.04.30 13:28:00;4639.6;;;5.86
2026.04.30 13:12:00;Buy;0.01;XAUUSD.f;4626.83;0.01;2026.04.30 13:17:00;4631.54;;;4.71
2026.04.30 13:00:00;Buy;0.01;XAUUSD.f;4625.46;0.01;2026.04.30 13:02:00;4628.82;;;3.36
2026.04.30 12:42:00;Buy;0.01;XAUUSD.f;4619.36;0.01;2026.04.30 12:53:02;4623.96;;;4.6
2026.04.30 12:36:00;Buy;0.01;XAUUSD.f;4625.41;0.01;2026.04.30 12:53:00;4624.64;;;-0.77
2026.04.30 12:24:00;Buy;0.01;XAUUSD.f;4618.4;0.01;2026.04.30 12:28:00;4621.44;;;3.04
2026.04.30 12:12:00;Buy;0.01;XAUUSD.f;4616.92;0.01;2026.04.30 12:16:00;4620.27;;;3.35
2026.04.30 11:48:00;Buy;0.01;XAUUSD.f;4617.85;0.01;2026.04.30 12:10:00;4620.07;;;2.22
2026.04.30 11:36:00;Buy;0.01;XAUUSD.f;4614.59;0.01;2026.04.30 11:39:00;4619.9;;;5.31
2026.04.30 11:24:00;Buy;0.01;XAUUSD.f;4614.63;0.01;2026.04.30 11:26:00;4617.21;;;2.58
2026.04.30 11:12:00;Buy;0.01;XAUUSD.f;4616.12;0.01;2026.04.30 11:13:00;4619.65;;;3.5300000000000002
2026.04.29 12:50:12;Sell;0.01;XAUUSD.f;4556.3;0.01;2026.04.29 16:02:00;4552.38;;;3.92
2026.04.28 11:36:11;Sell;0.01;XAUUSD.f;4631.25;0.01;2026.04.28 11:36:27;4629.39;;;1.8599999999999999
2026.04.28 08:30:20;Sell;0.01;XAUUSD.f;4647.58;0.01;2026.04.28 09:08:34;4641.77;;;5.8100000000000005
2026.04.28 08:55:00;Sell;0.01;XAUUSD.f;4631.86;0.01;2026.04.28 09:02:03;4628.78;;;3.08
2026.04.28 08:48:00;Sell;0.01;XAUUSD.f;4628.32;0.01;2026.04.28 09:02:00;4626.41;;;1.9100000000000001
2026.04.28 08:36:00;Sell;0.01;XAUUSD.f;4641.73;0.01;2026.04.28 08:37:00;4639.25;;;2.48
2026.04.28 08:24:00;Sell;0.01;XAUUSD.f;4658.64;0.01;2026.04.28 08:31:00;4647.61;;;11.03
2026.04.28 08:06:16;Sell;0.01;XAUUSD.f;4659.92;0.01;2026.04.28 08:20:14;4658.75;;;1.17
2026.04.28 08:06:16;Sell;0.01;XAUUSD.f;4659.15;0.01;2026.04.28 08:20:13;4657.85;;;1.3
2026.04.28 08:06:16;Sell;0.01;XAUUSD.f;4659.92;0.01;2026.04.28 08:07:32;4651.62;;;8.3
2026.04.28 08:06:16;Sell;0.01;XAUUSD.f;4659.92;0.01;2026.04.28 08:07:23;4651.11;;;8.81
2026.04.27 13:37:14;Buy;0.01;XAUUSD.f;4708.66;0.01;2026.04.27 13:42:35;4710.19;;;1.53
2026.04.23 21:48:08;Sell;0.01;XAUUSD.f;4707.58;0.01;2026.04.23 21:58:01;4705.37;;;2.21
2026.04.23 21:39:01;Sell;0.01;XAUUSD.f;4715.19;0.01;2026.04.23 21:45:03;4711.1;;;4.09
2026.04.23 20:45:27;Sell;0.01;XAUUSD.f;4671.27;0.01;2026.04.23 21:00:02;4710.97;;;-39.7
2026.04.23 20:46:40;Sell;0.01;XAUUSD.f;4670.2;0.01;2026.04.23 21:00:02;4710.97;;;-40.77
2026.04.23 20:45:26;Sell;0.01;XAUUSD.f;4671.93;0.01;2026.04.23 21:00:00;4710.15;;;-38.22
2026.04.23 20:26:28;Buy;0.01;XAUUSD.f;4716;0.01;2026.04.23 20:58:01;4705.11;;;-10.89
2026.04.23 20:45:26;Sell;0.01;XAUUSD.f;4671.93;0.01;2026.04.23 20:53:18;4695.33;;;-23.4
2026.04.22 05:00:11;Balance;;;;;;;;;-112.56
2026.04.21 17:49:05;Buy;0.01;XAUUSD.f;4732.99;0.01;2026.04.21 17:53:13;4735.94;;;2.95
2026.04.21 17:46:38;Sell;0.01;XAUUSD.f;4739.16;0.01;2026.04.21 17:53:03;4736.51;;;2.65
2026.04.21 17:46:38;Sell;0.01;XAUUSD.f;4739.64;0.01;2026.04.21 17:49:27;4729.31;;;10.33
2026.04.21 17:46:38;Sell;0.01;XAUUSD.f;4739.64;0.01;2026.04.21 17:48:21;4724.03;;;15.61
2026.04.21 17:46:38;Sell;0.01;XAUUSD.f;4739.64;0.01;2026.04.21 17:48:18;4726.22;;;13.42
2026.04.21 08:25:00;Sell;0.01;XAUUSD.f;4789.48;0.01;2026.04.21 08:29:05;4786.56;;;2.92
2026.04.21 08:24:00;Sell;0.01;XAUUSD.f;4786.82;0.01;2026.04.21 08:29:00;4786.99;;;-0.17
2026.04.21 08:12:00;Sell;0.01;XAUUSD.f;4789.27;0.01;2026.04.21 08:13:00;4788.16;;;1.11
2026.04.21 08:00:00;Sell;0.01;XAUUSD.f;4789.31;0.01;2026.04.21 08:01:00;4787.18;;;2.13
2026.04.20 22:40:00;Buy;0.01;XAUUSD.f;4811.24;0.01;2026.04.20 23:01:00;4815.84;;;4.6
2026.04.20 22:36:00;Buy;0.01;XAUUSD.f;4812.85;0.01;2026.04.20 23:01:00;4815.87;;;3.02
2026.04.20 22:33:00;Buy;0.01;XAUUSD.f;4815.41;0.01;2026.04.20 23:01:00;4815.87;;;0.46
2026.04.20 22:27:00;Buy;0.01;XAUUSD.f;4817.44;0.01;2026.04.20 23:01:00;4815.87;;;-1.5699999999999998
2026.04.20 22:18:00;Buy;0.01;XAUUSD.f;4818.96;0.01;2026.04.20 23:01:00;4815.87;;;-3.09
2026.04.20 02:23:52;Sell;0.01;XAUUSD.f;4769.2;0.01;2026.04.20 02:43:20;4750.76;;;18.44
2026.04.17 16:10:53;Buy;0.01;XAUUSD.f;4873.39;0.01;2026.04.17 16:16:11;4873.49;;;0.1
2026.04.17 16:10:53;Buy;0.01;XAUUSD.f;4870.64;0.01;2026.04.17 16:15:26;4881.81;;;11.17
2026.04.17 16:10:53;Buy;0.01;XAUUSD.f;4869.46;0.01;2026.04.17 16:13:25;4889.03;;;19.57
2026.04.17 16:10:53;Buy;0.01;XAUUSD.f;4869.46;0.01;2026.04.17 16:13:11;4885.55;;;16.09
2026.04.17 15:48:12;Buy;0.01;XAUUSD.f;4838.43;0.01;2026.04.17 15:49:00;4831.25;;;-7.18
2026.04.17 03:46:35;Balance;;;;;;;;;-73.43
2026.04.15 22:44:17;Buy;0.01;XAUUSD.f;4798.48;0.01;2026.04.15 22:50:14;4801.08;;;2.6
2026.04.15 04:16:11;Buy;0.01;XAUUSD.f;4856.48;0.01;2026.04.15 04:20:49;4856.71;;;0.23
2026.04.15 04:16:12;Buy;0.01;XAUUSD.f;4857.45;0.01;2026.04.15 04:20:49;4857.42;;;-0.03
2026.04.15 04:16:05;Buy;0.01;XAUUSD.f;4854.44;0.01;2026.04.15 04:20:49;4857.42;;;2.98
2026.04.15 04:16:10;Buy;0.01;XAUUSD.f;4855.33;0.01;2026.04.15 04:18:10;4871.46;;;16.13
2026.04.15 04:16:10;Buy;0.01;XAUUSD.f;4855.33;0.01;2026.04.15 04:17:19;4870.82;;;15.49
2026.04.14 23:48:00;Buy;0.01;XAUUSD.f;4842.18;0.01;2026.04.15 01:05:00;4849.39;;-0.6;7.21
2026.04.14 23:42:00;Buy;0.01;XAUUSD.f;4840.73;0.01;2026.04.14 23:43:00;4842.29;;;1.56
2026.04.14 22:45:00;Buy;0.01;XAUUSD.f;4841.27;0.01;2026.04.14 22:46:00;4842.64;;;1.37
2026.04.14 22:27:00;Buy;0.01;XAUUSD.f;4838.85;0.01;2026.04.14 22:31:02;4841.27;;;2.42
2026.04.14 22:20:00;Buy;0.01;XAUUSD.f;4840.46;0.01;2026.04.14 22:31:01;4841.13;;;0.67
2026.04.14 22:15:00;Buy;0.01;XAUUSD.f;4841.3;0.01;2026.04.14 22:31:00;4840.91;;;-0.39
2026.04.14 22:00:00;Buy;0.01;XAUUSD.f;4835.98;0.01;2026.04.14 22:01:00;4838.39;;;2.41
2026.04.14 20:27:18;Sell;0.01;XAUUSD.f;4829.27;0.01;2026.04.14 20:28:06;4827.3;;;1.97
2026.04.14 16:38:28;Buy;0.01;XAUUSD.f;4801.61;0.01;2026.04.14 17:39:33;4802.11;;;0.5
2026.04.14 16:38:08;Buy;0.01;XAUUSD.f;4798.99;0.01;2026.04.14 17:31:27;4808.94;;;9.95
2026.04.14 10:39:50;Buy;0.01;XAUUSD.f;4777.72;0.01;2026.04.14 10:41:15;4778.35;;;0.63
2026.04.14 10:27:00;Buy;0.01;XAUUSD.f;4773.32;0.01;2026.04.14 10:34:40;4773.34;;;0.02
2026.04.09 23:39:14;Buy;0.01;XAUUSD.f;4766.05;0.01;2026.04.09 23:53:15;4767.36;;;1.31
2026.04.09 23:02:02;Buy;0.01;XAUUSD.f;4770.71;0.01;2026.04.09 23:13:03;4770.63;;;-0.08
2026.04.09 19:45:00;Buy;0.01;XAUUSD.f;4787.62;0.01;2026.04.09 19:47:00;4788.4;;;0.78
2026.04.09 19:30:00;Buy;0.01;XAUUSD.f;4793.28;0.01;2026.04.09 19:34:00;4795.22;;;1.94
2026.04.09 19:15:00;Buy;0.01;XAUUSD.f;4788.46;0.01;2026.04.09 19:16:00;4789.96;;;1.5
2026.04.09 19:00:00;Buy;0.01;XAUUSD.f;4793.61;0.01;2026.04.09 19:02:00;4796.47;;;2.86
2026.04.08 18:53:48;Balance;;;;;;;;;-185.69
2026.04.08 01:54:37;Buy;0.01;XAUUSD.f;4799.44;0.01;2026.04.08 02:00:45;4804.17;;;4.73
2026.04.08 01:54:37;Buy;0.01;XAUUSD.f;4799.44;0.01;2026.04.08 02:00:45;4807.66;;;8.22
2026.04.08 01:54:37;Buy;0.01;XAUUSD.f;4801.18;0.01;2026.04.08 02:00:37;4810.88;;;9.7
2026.04.08 01:54:37;Buy;0.01;XAUUSD.f;4799.44;0.01;2026.04.08 01:56:22;4814.76;;;15.32
2026.04.08 01:54:37;Buy;0.01;XAUUSD.f;4799.44;0.01;2026.04.08 01:56:17;4814.07;;;14.63
2026.04.08 01:47:00;Sell;0.01;XAUUSD.f;4768.17;0.01;2026.04.08 01:48:27;4766.39;;;1.78
2026.04.07 22:45:55;Buy;0.01;XAUUSD.f;4711.42;0.01;2026.04.08 01:05:00;4744.47;;-0.62;33.05
2026.04.07 22:45:55;Buy;0.01;XAUUSD.f;4711.42;0.01;2026.04.08 01:05:00;4744.47;;-0.62;33.05
2026.04.07 22:45:55;Buy;0.01;XAUUSD.f;4711.42;0.01;2026.04.08 01:05:00;4744.47;;-0.62;33.05
2026.04.07 23:53:00;Buy;0.01;XAUUSD.f;4708.73;0.01;2026.04.07 23:56:01;4709.34;;;0.61
2026.04.07 23:48:00;Buy;0.01;XAUUSD.f;4712.53;0.01;2026.04.07 23:56:00;4713.38;;;0.85
2026.04.07 23:37:00;Buy;0.01;XAUUSD.f;4706.18;0.01;2026.04.07 23:42:03;4712.41;;;6.23
2026.04.07 23:36:00;Buy;0.01;XAUUSD.f;4714.26;0.01;2026.04.07 23:42:00;4715.4;;;1.1400000000000001
2026.04.07 23:30:00;Buy;0.01;XAUUSD.f;4711.78;0.01;2026.04.07 23:32:00;4713.8;;;2.02
2026.04.07 23:24:00;Buy;0.01;XAUUSD.f;4705.1;0.01;2026.04.07 23:25:00;4707.65;;;2.55
2026.04.07 23:18:00;Buy;0.01;XAUUSD.f;4707.3;0.01;2026.04.07 23:19:00;4708.86;;;1.56
2026.04.07 23:12:00;Buy;0.01;XAUUSD.f;4705.62;0.01;2026.04.07 23:13:00;4707.2;;;1.58
2026.04.07 23:06:00;Buy;0.01;XAUUSD.f;4699.65;0.01;2026.04.07 23:07:00;4702.76;;;3.11
2026.04.07 23:00:00;Buy;0.01;XAUUSD.f;4701.46;0.01;2026.04.07 23:02:00;4710.57;;;9.11
2026.04.07 22:54:00;Buy;0.01;XAUUSD.f;4698.8;0.01;2026.04.07 22:55:00;4700.18;;;1.38
2026.04.07 22:50:00;Buy;0.01;XAUUSD.f;4708.22;0.01;2026.04.07 22:52:03;4709.78;;;1.56
2026.04.07 22:49:00;Buy;0.01;XAUUSD.f;4711.69;0.01;2026.04.07 22:52:03;4710.35;;;-1.34
2026.04.07 22:48:00;Buy;0.01;XAUUSD.f;4713.46;0.01;2026.04.07 22:52:00;4711.77;;;-1.69
2026.04.07 14:16:08;Buy;0.01;XAUUSD.f;4640.65;0.01;2026.04.07 14:19:56;4641.45;;;0.8
2026.04.06 18:28:04;Buy;0.01;XAUUSD.f;4667.79;0.01;2026.04.06 18:30:55;4669.18;;;1.3900000000000001
2026.04.02 22:45:00;Buy;0.01;XAUUSD.f;4666.24;0.01;2026.04.02 22:46:00;4667.16;;;0.92
2026.04.02 20:32:02;Buy;0.01;XAUUSD.f;4649.94;0.01;2026.04.02 20:33:10;4651.66;;;1.72
2026.04.01 22:52:05;Buy;0.01;XAUUSD.f;4764.84;0.01;2026.04.01 22:52:30;4765.36;;;0.52
2026.04.01 12:36:32;Balance;;;;;;;;;-107.66
2026.03.31 23:18:00;Buy;0.01;XAUUSD.f;4677.96;0.01;2026.03.31 23:19:00;4678.97;;;1.01
2026.03.31 23:18:00;Buy;0.01;XAUUSD.f;4677.96;0.01;2026.03.31 23:19:00;4678.97;;;1.01
2026.03.31 22:57:00;Buy;0.01;XAUUSD.f;4681.7;0.01;2026.03.31 23:01:01;4685.48;;;3.7800000000000002
2026.03.31 22:57:00;Buy;0.01;XAUUSD.f;4681.7;0.01;2026.03.31 23:01:01;4685.48;;;3.7800000000000002
2026.03.31 22:54:00;Buy;0.01;XAUUSD.f;4684.06;0.01;2026.03.31 23:01:00;4686.15;;;2.09
2026.03.31 22:54:00;Buy;0.01;XAUUSD.f;4684.06;0.01;2026.03.31 23:01:00;4686.15;;;2.09
2026.03.31 22:48:00;Buy;0.01;XAUUSD.f;4682.3;0.01;2026.03.31 22:49:00;4683.79;;;1.49
2026.03.31 22:48:00;Buy;0.01;XAUUSD.f;4682.3;0.01;2026.03.31 22:49:00;4683.79;;;1.49
2026.03.31 22:45:00;Buy;0.01;XAUUSD.f;4681.02;0.01;2026.03.31 22:46:00;4681.65;;;0.63
2026.03.31 22:45:00;Buy;0.01;XAUUSD.f;4681.02;0.01;2026.03.31 22:46:00;4681.65;;;0.63
2026.03.31 22:30:00;Buy;0.01;XAUUSD.f;4673.43;0.01;2026.03.31 22:31:00;4677.71;;;4.28
2026.03.31 22:30:00;Buy;0.01;XAUUSD.f;4673.09;0.01;2026.03.31 22:31:00;4677.71;;;4.62
2026.03.31 22:15:00;Buy;0.01;XAUUSD.f;4672.15;0.01;2026.03.31 22:16:00;4674.69;;;2.54
2026.03.31 22:15:00;Buy;0.01;XAUUSD.f;4672.15;0.01;2026.03.31 22:16:00;4674.69;;;2.54
2026.03.31 22:09:00;Buy;0.01;XAUUSD.f;4664.17;0.01;2026.03.31 22:11:06;4668.91;;;4.74
2026.03.31 22:10:00;Buy;0.01;XAUUSD.f;4662.27;0.01;2026.03.31 22:11:05;4668.87;;;6.6
2026.03.31 22:07:00;Buy;0.01;XAUUSD.f;4669.66;0.01;2026.03.31 22:11:05;4668.87;;;-0.79
2026.03.31 22:07:00;Buy;0.01;XAUUSD.f;4669.66;0.01;2026.03.31 22:11:04;4668.71;;;-0.95
2026.03.31 22:06:00;Buy;0.01;XAUUSD.f;4670.91;0.01;2026.03.31 22:11:00;4671.44;;;0.53
2026.03.31 22:06:00;Buy;0.01;XAUUSD.f;4670.91;0.01;2026.03.31 22:11:00;4671.48;;;0.57
2026.03.31 22:00:00;Buy;0.01;XAUUSD.f;4667.84;0.01;2026.03.31 22:01:07;4671.65;;;3.81
2026.03.31 22:00:00;Buy;0.01;XAUUSD.f;4667.79;0.01;2026.03.31 22:01:00;4672.94;;;5.15
2026.03.31 22:00:00;Buy;0.01;XAUUSD.f;4668.76;0.01;2026.03.31 22:01:00;4672.94;;;4.18
2026.03.31 22:00:00;Buy;0.01;XAUUSD.f;4667.79;0.01;2026.03.31 22:00:02;4668.62;;;0.83
2026.03.31 04:41:11;Buy;0.01;XAUUSD.f;4601.32;0.01;2026.03.31 04:46:45;4606.15;;;4.83
2026.03.31 04:41:14;Buy;0.01;XAUUSD.f;4602.6;0.01;2026.03.31 04:45:41;4611;;;8.4
2026.03.31 04:41:10;Buy;0.01;XAUUSD.f;4600.29;0.01;2026.03.31 04:42:34;4601.68;;;1.3900000000000001
2026.03.31 04:41:10;Buy;0.01;XAUUSD.f;4600.43;0.01;2026.03.31 04:42:34;4601.68;;;1.25
2026.03.27 22:08:00;Buy;0.01;XAUUSD.f;4508.55;0.01;2026.03.27 22:13:02;4510.46;;;1.9100000000000001
2026.03.27 22:04:00;Buy;0.01;XAUUSD.f;4510.63;0.01;2026.03.27 22:13:01;4510.62;;;-0.01
2026.03.27 22:02:00;Buy;0.01;XAUUSD.f;4513.27;0.01;2026.03.27 22:13:00;4512.5;;;-0.77
2026.03.27 22:00:00;Buy;0.01;XAUUSD.f;4516.99;0.01;2026.03.27 22:13:00;4513.91;;;-3.08
2026.03.27 22:00:00;Buy;0.01;XAUUSD.f;4516.99;0.01;2026.03.27 22:00:16;4518.62;;;1.63
2026.03.26 09:36:00;Sell;0.01;XAUUSD.f;4443.6;0.01;2026.03.26 09:37:00;4431.46;;;12.14
2026.03.26 09:24:00;Sell;0.01;XAUUSD.f;4434.12;0.01;2026.03.26 09:25:00;4432.39;;;1.73
2026.03.26 09:12:00;Sell;0.01;XAUUSD.f;4427.69;0.01;2026.03.26 09:14:00;4425.16;;;2.5300000000000002
2026.03.26 09:01:00;Sell;0.01;XAUUSD.f;4446.24;0.01;2026.03.26 09:02:02;4434.67;;;11.57
2026.03.26 09:00:00;Sell;0.01;XAUUSD.f;4439.11;0.01;2026.03.26 09:02:00;4431.62;;;7.49
2026.03.24 07:39:07;Balance;;;;;;;;;-44.92
2026.03.23 09:53:00;Sell;0.01;XAUUSD.f;4228.23;0.01;2026.03.23 10:03:24;4193.06;;;35.17
2026.03.23 09:52:00;Sell;0.01;XAUUSD.f;4225.08;0.01;2026.03.23 10:03:07;4199.53;;;25.55
2026.03.23 09:51:00;Sell;0.01;XAUUSD.f;4217.01;0.01;2026.03.23 10:03:03;4195.29;;;21.72
2026.03.23 09:50:00;Sell;0.01;XAUUSD.f;4206.56;0.01;2026.03.23 10:03:03;4195.33;;;11.23
2026.03.23 09:49:00;Sell;0.01;XAUUSD.f;4191.98;0.01;2026.03.23 10:03:00;4193.8;;;-1.8199999999999998
2026.03.23 09:48:00;Sell;0.01;XAUUSD.f;4170.5;0.01;2026.03.23 10:02:00;4191.51;;;-21.01
2026.03.23 03:15:37;Sell;0.01;XAUUSD.f;4404.84;0.01;2026.03.23 03:19:15;4430.76;;;-25.92
2026.03.21 17:11:37;Balance;;;;;;;;;-110.06
2026.03.20 21:50:33;Sell;0.01;XAUUSD.f;4504.67;0.01;2026.03.20 21:57:08;4478.03;;;26.64
2026.03.20 21:50:33;Sell;0.01;XAUUSD.f;4503.82;0.01;2026.03.20 21:55:36;4487.92;;;15.9
2026.03.20 21:50:33;Sell;0.01;XAUUSD.f;4504.67;0.01;2026.03.20 21:55:34;4489.33;;;15.34
2026.03.19 23:48:00;Buy;0.01;XAUUSD.f;4654.57;0.01;2026.03.19 23:49:00;4656.45;;;1.88
2026.03.19 23:42:00;Buy;0.01;XAUUSD.f;4656.72;0.01;2026.03.19 23:43:00;4658.09;;;1.37
2026.03.19 23:36:00;Buy;0.01;XAUUSD.f;4657.09;0.01;2026.03.19 23:39:00;4658.15;;;1.06
2026.03.19 23:30:00;Buy;0.01;XAUUSD.f;4657.53;0.01;2026.03.19 23:31:00;4658.36;;;0.83
2026.03.19 23:28:00;Buy;0.01;XAUUSD.f;4656.85;0.01;2026.03.19 23:29:01;4658.38;;;1.53
2026.03.19 23:24:00;Buy;0.01;XAUUSD.f;4658.72;0.01;2026.03.19 23:29:00;4659.2;;;0.48
2026.03.19 23:18:00;Buy;0.01;XAUUSD.f;4651.42;0.01;2026.03.19 23:19:00;4658.82;;;7.4
2026.03.19 23:12:00;Buy;0.01;XAUUSD.f;4653.7;0.01;2026.03.19 23:13:00;4657.36;;;3.66
2026.03.19 23:06:00;Buy;0.01;XAUUSD.f;4653.61;0.01;2026.03.19 23:07:00;4654.41;;;0.8
2026.03.19 09:48:00;Sell;0.01;XAUUSD.f;4765.65;0.01;2026.03.19 09:49:00;4763.18;;;2.4699999999999998
2026.03.18 13:35:37;Sell;0.01;XAUUSD.f;4970.83;0.01;2026.03.18 14:14:39;4968.06;;;2.77
2026.03.18 13:35:37;Sell;0.01;XAUUSD.f;4968.87;0.01;2026.03.18 14:09:53;4957.2;;;11.67
2026.03.18 13:35:37;Sell;0.01;XAUUSD.f;4968.87;0.01;2026.03.18 14:06:27;4953.91;;;14.96
2026.03.18 13:35:37;Sell;0.01;XAUUSD.f;4968.87;0.01;2026.03.18 13:58:48;4967.57;;;1.3
2026.03.18 04:47:33;Balance;;;;;;;;;-308.26
2026.03.13 22:47:20;Sell;0.01;XAUUSD.f;5016.32;0.01;2026.03.16 03:00:54;5007.92;;0.53;8.4
2026.03.13 22:47:20;Sell;0.01;XAUUSD.f;5016.32;0.01;2026.03.16 01:30:31;5015.7;;0.53;0.62
2026.03.13 22:47:20;Sell;0.01;XAUUSD.f;5016.32;0.01;2026.03.16 01:23:34;5014.69;;0.53;1.63
2026.03.13 22:47:20;Sell;0.01;XAUUSD.f;5016.32;0.01;2026.03.13 22:53:46;5014.98;;;1.34
2026.03.10 04:52:51;Buy;0.01;XAUUSD.f;5172.42;0.01;2026.03.10 05:08:08;5174.09;;;1.67
2026.03.10 04:54:38;Buy;0.01;XAUUSD.f;5174.89;0.01;2026.03.10 05:05:47;5175.47;;;0.58
2026.03.10 04:52:51;Buy;0.01;XAUUSD.f;5172.42;0.01;2026.03.10 05:05:17;5175.96;;;3.54
2026.03.09 23:27:00;Buy;0.01;XAUUSD.f;5136.74;0.01;2026.03.09 23:30:01;5138.23;;;1.49
2026.03.09 23:14:00;Buy;0.01;XAUUSD.f;5138.33;0.01;2026.03.09 23:30:00;5138.38;;;0.05
2026.03.09 23:12:00;Buy;0.01;XAUUSD.f;5141.15;0.01;2026.03.09 23:30:00;5139.21;;;-1.94
2026.03.09 23:06:00;Buy;0.01;XAUUSD.f;5142.77;0.01;2026.03.09 23:07:00;5146.6;;;3.83
2026.03.09 23:00:00;Buy;0.01;XAUUSD.f;5141.63;0.01;2026.03.09 23:01:00;5145.15;;;3.52
2026.03.09 22:54:00;Buy;0.01;XAUUSD.f;5135.86;0.01;2026.03.09 22:55:00;5136.14;;;0.28
2026.03.09 22:47:00;Buy;0.01;XAUUSD.f;5131.63;0.01;2026.03.09 22:51:00;5134.87;;;3.24
2026.03.09 22:46:00;Buy;0.01;XAUUSD.f;5134.25;0.01;2026.03.09 22:51:00;5135.13;;;0.88
2026.03.09 22:45:00;Buy;0.01;XAUUSD.f;5135.52;0.01;2026.03.09 22:51:00;5134.76;;;-0.76
2026.03.09 22:48:00;Buy;0.01;XAUUSD.f;5132.71;0.01;2026.03.09 22:49:00;5135.45;;;2.74
2026.03.09 22:42:00;Buy;0.01;XAUUSD.f;5132.11;0.01;2026.03.09 22:44:00;5137.56;;;5.45
2026.03.09 22:36:00;Buy;0.01;XAUUSD.f;5129.97;0.01;2026.03.09 22:37:00;5131.75;;;1.78
2026.03.09 22:31:00;Buy;0.01;XAUUSD.f;5129.99;0.01;2026.03.09 22:34:01;5134.75;;;4.76
2026.03.09 22:30:00;Buy;0.01;XAUUSD.f;5139.82;0.01;2026.03.09 22:34:00;5136.38;;;-3.44
2026.03.09 22:24:00;Buy;0.01;XAUUSD.f;5138.75;0.01;2026.03.09 22:25:00;5139.44;;;0.69
2026.03.09 22:18:00;Buy;0.01;XAUUSD.f;5123.92;0.01;2026.03.09 22:19:00;5126.18;;;2.26
2026.03.09 02:42:57;Sell;0.01;XAUUSD.f;5050.92;0.01;2026.03.09 03:15:03;5037.91;;;13.01
2026.03.09 02:42:57;Sell;0.01;XAUUSD.f;5050.92;0.01;2026.03.09 03:13:40;5035.38;;;15.54
2026.03.09 02:42:57;Sell;0.01;XAUUSD.f;5050.92;0.01;2026.03.09 03:13:31;5036.74;;;14.18
2026.03.06 22:45:00;Buy;0.01;XAUUSD.f;5157.9;0.01;2026.03.06 22:46:00;5158.99;;;1.09
2026.03.06 22:30:00;Buy;0.01;XAUUSD.f;5154.02;0.01;2026.03.06 22:34:00;5155.09;;;1.07
2026.03.06 22:00:00;Buy;0.01;XAUUSD.f;5160.06;0.01;2026.03.06 22:03:00;5160.62;;;0.56
2026.03.05 08:24:00;Sell;0.01;XAUUSD.f;5143.08;0.01;2026.03.05 08:27:00;5140.82;;;2.26
2026.03.05 08:24:00;Sell;0.01;XAUUSD.f;5143.08;0.01;2026.03.05 08:27:00;5140.82;;;2.26
2026.03.03 13:31:30;Sell;0.01;XAUUSD.f;5090.72;0.01;2026.03.03 13:33:49;5092.14;;;-1.42
2026.03.03 13:31:30;Sell;0.01;XAUUSD.f;5092.24;0.01;2026.03.03 13:32:29;5079.76;;;12.48
2026.03.03 13:29:37;Sell;0.01;XAUUSD.f;5127.87;0.01;2026.03.03 13:31:29;5092.56;;;35.31
2026.03.03 13:29:37;Sell;0.01;XAUUSD.f;5127.87;0.01;2026.03.03 13:29:47;5113.74;;;14.13
2026.03.03 13:29:37;Sell;0.01;XAUUSD.f;5127.87;0.01;2026.03.03 13:29:47;5113.74;;;14.13
2026.03.03 10:06:00;Sell;0.01;XAUUSD.f;5335.24;0.01;2026.03.03 10:15:54;5318.65;;;16.59
2026.03.03 10:06:00;Sell;0.01;XAUUSD.f;5335.24;0.01;2026.03.03 10:15:50;5318.95;;;16.29
2026.03.03 10:05:00;Sell;0.01;XAUUSD.f;5332.36;0.01;2026.03.03 10:15:40;5319.2;;;13.16
2026.03.03 10:05:00;Sell;0.01;XAUUSD.f;5332.36;0.01;2026.03.03 10:15:40;5319.17;;;13.19
2026.03.03 09:56:00;Sell;0.01;XAUUSD.f;5330.17;0.01;2026.03.03 10:15:40;5319.08;;;11.09
2026.03.03 09:56:00;Sell;0.01;XAUUSD.f;5330.17;0.01;2026.03.03 10:15:38;5319.42;;;10.75
2026.03.03 09:47:00;Sell;0.01;XAUUSD.f;5327.84;0.01;2026.03.03 10:15:37;5319.52;;;8.32
2026.03.03 09:47:00;Sell;0.01;XAUUSD.f;5327.84;0.01;2026.03.03 10:15:37;5319.52;;;8.32
2026.03.03 09:39:00;Sell;0.01;XAUUSD.f;5325.01;0.01;2026.03.03 10:15:34;5319.25;;;5.76
2026.03.03 09:39:00;Sell;0.01;XAUUSD.f;5325.01;0.01;2026.03.03 10:15:30;5319.89;;;5.12
2026.03.03 09:34:00;Sell;0.01;XAUUSD.f;5320.32;0.01;2026.03.03 10:15:30;5319.89;;;0.43
2026.03.03 09:34:00;Sell;0.01;XAUUSD.f;5320.32;0.01;2026.03.03 10:15:26;5320.18;;;0.14
2026.03.03 09:18:00;Sell;0.01;XAUUSD.f;5317.5;0.01;2026.03.03 10:15:26;5320.18;;;-2.68
2026.03.03 09:18:00;Sell;0.01;XAUUSD.f;5317.5;0.01;2026.03.03 10:15:09;5320.93;;;-3.43
2026.03.03 09:13:00;Sell;0.01;XAUUSD.f;5313.48;0.01;2026.03.03 10:15:09;5320.93;;;-7.45
2026.03.03 09:13:00;Sell;0.01;XAUUSD.f;5313.48;0.01;2026.03.03 10:15:07;5321.15;;;-7.67
2026.03.03 09:12:00;Sell;0.01;XAUUSD.f;5310.39;0.01;2026.03.03 10:15:00;5320.98;;;-10.59
2026.03.03 09:12:00;Sell;0.01;XAUUSD.f;5310.39;0.01;2026.03.03 10:15:00;5320.98;;;-10.59
2026.03.03 09:00:00;Sell;0.01;XAUUSD.f;5310.31;0.01;2026.03.03 09:01:00;5307.04;;;3.27
2026.03.03 09:00:00;Sell;0.01;XAUUSD.f;5310.31;0.01;2026.03.03 09:01:00;5307.04;;;3.27
2026.03.03 08:48:00;Sell;0.01;XAUUSD.f;5306.68;0.01;2026.03.03 08:50:00;5304.31;;;2.37
2026.03.03 08:48:00;Sell;0.01;XAUUSD.f;5307.61;0.01;2026.03.03 08:49:00;5306.13;;;1.48
2026.03.03 08:36:00;Sell;0.01;XAUUSD.f;5309.1;0.01;2026.03.03 08:37:00;5307.19;;;1.9100000000000001
2026.03.03 08:36:00;Sell;0.01;XAUUSD.f;5309.1;0.01;2026.03.03 08:37:00;5306.99;;;2.11
2026.03.03 08:24:00;Sell;0.01;XAUUSD.f;5312.7;0.01;2026.03.03 08:25:00;5308.64;;;4.06
2026.03.03 08:24:00;Sell;0.01;XAUUSD.f;5312.7;0.01;2026.03.03 08:25:00;5308.64;;;4.06
2026.03.02 23:12:00;Buy;0.01;XAUUSD.f;5335.69;0.01;2026.03.02 23:14:00;5336.95;;;1.26
2026.03.02 23:12:00;Buy;0.01;XAUUSD.f;5335.69;0.01;2026.03.02 23:14:00;5336.95;;;1.26
2026.03.02 23:08:00;Buy;0.01;XAUUSD.f;5337.04;0.01;2026.03.02 23:10:02;5338.57;;;1.53
2026.03.02 23:08:00;Buy;0.01;XAUUSD.f;5337.04;0.01;2026.03.02 23:10:02;5338.57;;;1.53
2026.03.02 23:06:00;Buy;0.01;XAUUSD.f;5338.87;0.01;2026.03.02 23:10:00;5339.38;;;0.51
2026.03.02 23:06:00;Buy;0.01;XAUUSD.f;5338.87;0.01;2026.03.02 23:10:00;5339.38;;;0.51
2026.03.02 22:54:00;Buy;0.01;XAUUSD.f;5339.19;0.01;2026.03.02 22:57:00;5340.9;;;1.71
2026.03.02 22:54:00;Buy;0.01;XAUUSD.f;5339.19;0.01;2026.03.02 22:57:00;5340.9;;;1.71
2026.03.02 22:48:00;Buy;0.01;XAUUSD.f;5337.65;0.01;2026.03.02 22:49:00;5338.33;;;0.68
2026.03.02 22:48:00;Buy;0.01;XAUUSD.f;5337.65;0.01;2026.03.02 22:49:00;5338.33;;;0.68
2026.03.02 22:42:00;Buy;0.01;XAUUSD.f;5342.12;0.01;2026.03.02 22:44:00;5343.68;;;1.56
2026.03.02 22:42:00;Buy;0.01;XAUUSD.f;5342.12;0.01;2026.03.02 22:44:00;5343.68;;;1.56
2026.03.02 22:36:00;Buy;0.01;XAUUSD.f;5341.18;0.01;2026.03.02 22:38:00;5343.91;;;2.73
2026.03.02 22:36:00;Buy;0.01;XAUUSD.f;5341.18;0.01;2026.03.02 22:38:00;5343.91;;;2.73
2026.03.02 22:30:00;Buy;0.01;XAUUSD.f;5333.97;0.01;2026.03.02 22:31:00;5335.78;;;1.81
2026.03.02 22:30:00;Buy;0.01;XAUUSD.f;5333.97;0.01;2026.03.02 22:31:00;5335.78;;;1.81
2026.03.02 22:24:00;Buy;0.01;XAUUSD.f;5338.45;0.01;2026.03.02 22:25:00;5344.39;;;5.9399999999999995
2026.03.02 22:24:00;Buy;0.01;XAUUSD.f;5338.45;0.01;2026.03.02 22:25:00;5344.39;;;5.9399999999999995
2026.03.02 22:18:00;Buy;0.01;XAUUSD.f;5334.06;0.01;2026.03.02 22:19:00;5341.42;;;7.36
2026.03.02 22:18:00;Buy;0.01;XAUUSD.f;5334.06;0.01;2026.03.02 22:19:00;5341.42;;;7.36
2026.03.02 06:33:23;Balance;;;;;;;;;-699.84
2026.02.27 17:57:53;Buy;0.01;XAUUSD.f;5245.34;0.01;2026.03.02 01:05:25;5369.01;;-0.59;123.67
2026.02.27 23:48:00;Buy;0.01;XAUUSD.f;5278.62;0.01;2026.03.02 01:05:00;5358.83;;-0.59;80.21
2026.02.27 23:48:00;Buy;0.01;XAUUSD.f;5278.62;0.01;2026.03.02 01:05:00;5358.83;;-0.59;80.21
2026.02.27 18:11:15;Buy;0.01;XAUUSD.f;5250.98;0.01;2026.03.02 01:05:00;5356.41;;-0.59;105.43
2026.02.27 18:11:15;Buy;0.01;XAUUSD.f;5250.98;0.01;2026.02.27 19:44:02;5236.14;;;-14.84
2026.02.27 18:11:15;Buy;0.01;XAUUSD.f;5250.68;0.01;2026.02.27 18:30:00;5234.21;;;-16.47
2026.02.27 18:11:07;Buy;0.01;XAUUSD.f;5248.58;0.01;2026.02.27 18:24:27;5222.15;;;-26.43
2026.02.27 18:11:07;Buy;0.01;XAUUSD.f;5248.58;0.01;2026.02.27 18:24:08;5228.7;;;-19.88
2026.02.27 18:10:50;Buy;0.01;XAUUSD.f;5246.39;0.01;2026.02.27 18:20:15;5246.16;;;-0.23
2026.02.27 18:10:56;Buy;0.01;XAUUSD.f;5247.74;0.01;2026.02.27 18:20:04;5248.89;;;1.15
2026.02.27 18:10:56;Buy;0.01;XAUUSD.f;5247.74;0.01;2026.02.27 18:20:04;5248.89;;;1.15
2026.02.27 18:11:05;Buy;0.01;XAUUSD.f;5248.17;0.01;2026.02.27 18:19:58;5250.17;;;2
2026.02.27 18:11:15;Buy;0.01;XAUUSD.f;5250.68;0.01;2026.02.27 18:19:09;5251.16;;;0.48
2026.02.27 18:10:57;Buy;0.01;XAUUSD.f;5248.05;0.01;2026.02.27 18:19:05;5252.88;;;4.83
2026.02.27 18:11:05;Buy;0.01;XAUUSD.f;5248.17;0.01;2026.02.27 18:19:05;5252.88;;;4.71
2026.02.27 18:11:05;Buy;0.01;XAUUSD.f;5248.17;0.01;2026.02.27 18:19:01;5253.98;;;5.8100000000000005
2026.02.27 17:58:21;Buy;0.01;XAUUSD.f;5246.61;0.01;2026.02.27 17:59:00;5243.26;;;-3.35
2026.02.27 15:15:27;Buy;0.01;XAUUSD.f;5217.49;0.01;2026.02.27 15:30:05;5229;;;11.51
2026.02.27 15:15:26;Buy;0.01;XAUUSD.f;5217.34;0.01;2026.02.27 15:23:49;5234.73;;;17.39
2026.02.27 15:15:26;Buy;0.01;XAUUSD.f;5217.34;0.01;2026.02.27 15:23:49;5234.73;;;17.39
2026.02.27 15:15:26;Buy;0.01;XAUUSD.f;5217.34;0.01;2026.02.27 15:23:41;5233.16;;;15.82
2026.02.27 15:15:26;Buy;0.01;XAUUSD.f;5217.34;0.01;2026.02.27 15:23:39;5232.42;;;15.08
2026.02.27 15:15:26;Buy;0.01;XAUUSD.f;5217.34;0.01;2026.02.27 15:23:18;5230.73;;;13.39
2026.02.27 15:15:26;Buy;0.01;XAUUSD.f;5217.34;0.01;2026.02.27 15:21:25;5228.16;;;10.82
2026.02.23 09:48:00;Sell;0.01;XAUUSD.f;5137.2;0.01;2026.02.23 09:51:00;5135.86;;;1.34
2026.02.23 09:48:00;Sell;0.01;XAUUSD.f;5137.2;0.01;2026.02.23 09:51:00;5135.79;;;1.41
2026.02.23 01:05:00;Buy;0.01;XAUUSD.f;5117.96;0.01;2026.02.23 02:07:21;5138.86;;;20.9
2026.02.23 01:05:00;Buy;0.01;XAUUSD.f;5118.29;0.01;2026.02.23 02:07:21;5138.86;;;20.57
2026.02.23 01:05:05;Buy;0.01;XAUUSD.f;5120.67;0.01;2026.02.23 02:00:47;5148.74;;;28.07
2026.02.23 01:05:00;Buy;0.01;XAUUSD.f;5117.96;0.01;2026.02.23 02:00:28;5155.35;;;37.39
2026.02.20 23:48:00;Buy;0.01;XAUUSD.f;5100.45;0.01;2026.02.20 23:50:00;5104.09;;;3.64
2026.02.20 23:48:00;Buy;0.01;XAUUSD.f;5100.45;0.01;2026.02.20 23:50:00;5104.09;;;3.64
2026.02.20 23:42:00;Buy;0.01;XAUUSD.f;5098.54;0.01;2026.02.20 23:44:00;5099.18;;;0.64
2026.02.20 23:42:00;Buy;0.01;XAUUSD.f;5098.54;0.01;2026.02.20 23:44:00;5099.18;;;0.64
2026.02.20 23:36:00;Buy;0.01;XAUUSD.f;5098.7;0.01;2026.02.20 23:36:06;5099.19;;;0.49
2026.02.20 23:36:00;Buy;0.01;XAUUSD.f;5098.7;0.01;2026.02.20 23:36:03;5099.5;;;0.8
2026.02.20 23:30:00;Buy;0.01;XAUUSD.f;5098.23;0.01;2026.02.20 23:30:27;5099.21;;;0.98
2026.02.20 23:30:00;Buy;0.01;XAUUSD.f;5098.23;0.01;2026.02.20 23:30:07;5098.76;;;0.53
2026.02.20 15:51:12;Buy;0.01;XAUUSD.f;5046.4;0.01;2026.02.20 17:02:47;5046.06;;;-0.34
2026.02.20 15:50:34;Buy;0.01;XAUUSD.f;5044.57;0.01;2026.02.20 16:45:48;5060.56;;;15.99
2026.02.20 15:50:34;Buy;0.01;XAUUSD.f;5044.69;0.01;2026.02.20 15:59:39;5043.42;;;-1.27
2026.02.20 15:50:34;Buy;0.01;XAUUSD.f;5044.48;0.01;2026.02.20 15:57:39;5044.72;;;0.24
2026.02.20 15:50:34;Buy;0.01;XAUUSD.f;5044.48;0.01;2026.02.20 15:57:26;5046.25;;;1.77
2026.02.17 07:31:50;Sell;0.01;XAUUSD.f;4878.39;0.01;2026.02.17 15:56:35;4895.29;;;-16.9
2026.02.17 07:31:50;Sell;0.01;XAUUSD.f;4878.39;0.01;2026.02.17 15:56:35;4895.29;;;-16.9
2026.02.17 07:31:51;Sell;0.01;XAUUSD.f;4877.74;0.01;2026.02.17 12:51:07;4913.66;;;-35.92
2026.02.17 07:31:51;Sell;0.01;XAUUSD.f;4877.74;0.01;2026.02.17 10:26:52;4920.73;;;-42.99
2026.02.17 07:31:50;Sell;0.01;XAUUSD.f;4878.39;0.01;2026.02.17 10:01:35;4923.83;;;-45.44
2026.02.17 07:31:50;Sell;0.01;XAUUSD.f;4878.39;0.01;2026.02.17 08:47:41;4900.3;;;-21.91
2026.02.17 07:31:50;Sell;0.01;XAUUSD.f;4878.39;0.01;2026.02.17 08:35:00;4904.61;;;-26.22
2026.02.17 07:31:50;Sell;0.01;XAUUSD.f;4878.39;0.01;2026.02.17 08:19:26;4900.07;;;-21.68
2026.02.17 07:31:50;Sell;0.01;XAUUSD.f;4878.39;0.01;2026.02.17 07:32:04;4861.63;;;16.76
2026.02.17 07:31:50;Sell;0.01;XAUUSD.f;4878.39;0.01;2026.02.17 07:32:04;4861.63;;;16.76
2026.02.17 07:31:50;Sell;0.01;XAUUSD.f;4878.39;0.01;2026.02.17 07:32:04;4861.63;;;16.76
2026.02.17 07:31:50;Sell;0.01;XAUUSD.f;4878.39;0.01;2026.02.17 07:32:04;4861.63;;;16.76
2026.02.17 07:31:50;Sell;0.01;XAUUSD.f;4878.39;0.01;2026.02.17 07:32:04;4866.79;;;11.6
2026.02.12 23:05:00;Sell;0.01;XAUUSD.f;4917.87;0.01;2026.02.12 23:10:01;4914.52;;;3.35
2026.02.12 23:00:02;Sell;0.01;XAUUSD.f;4914.71;0.01;2026.02.12 23:10:00;4914.48;;;0.23
2026.02.11 12:43:50;Buy;0.01;XAUUSD.f;5087.31;0.01;2026.02.11 13:50:11;5112.39;;;25.08
2026.02.11 12:44:00;Buy;0.01;XAUUSD.f;5093.78;0.01;2026.02.11 13:50:04;5113.99;;;20.21
2026.02.11 12:43:50;Buy;0.01;XAUUSD.f;5087.31;0.01;2026.02.11 13:50:02;5114.01;;;26.7
2026.02.11 12:44:00;Buy;0.01;XAUUSD.f;5093.78;0.01;2026.02.11 13:50:02;5114;;;20.22
2026.02.11 12:43:52;Buy;0.01;XAUUSD.f;5089.83;0.01;2026.02.11 13:50:02;5114;;;24.17
2026.02.11 12:40:58;Buy;0.01;XAUUSD.f;5085.36;0.01;2026.02.11 13:50:02;5114.3;;;28.94
2026.02.11 12:44:00;Buy;0.01;XAUUSD.f;5093.78;0.01;2026.02.11 13:50:00;5113.5;;;19.72
2026.02.11 12:40:34;Buy;0.01;XAUUSD.f;5082.9;0.01;2026.02.11 13:50:00;5113.5;;;30.6
2026.02.11 12:43:50;Buy;0.01;XAUUSD.f;5087.31;0.01;2026.02.11 13:03:11;5087.65;;;0.34
2026.02.11 12:40:34;Buy;0.01;XAUUSD.f;5084.44;0.01;2026.02.11 13:03:08;5088.39;;;3.95
2026.02.11 12:40:35;Buy;0.01;XAUUSD.f;5084.21;0.01;2026.02.11 12:52:01;5094.88;;;10.67
2026.02.11 12:40:34;Buy;0.01;XAUUSD.f;5084.44;0.01;2026.02.11 12:49:39;5101.06;;;16.62
2026.02.11 12:43:52;Buy;0.01;XAUUSD.f;5089.54;0.01;2026.02.11 12:45:55;5091.1;;;1.56
2026.02.11 12:43:52;Buy;0.01;XAUUSD.f;5089.54;0.01;2026.02.11 12:45:55;5091.1;;;1.56
2026.02.11 12:40:35;Buy;0.01;XAUUSD.f;5084.21;0.01;2026.02.11 12:45:48;5093.31;;;9.1
2026.02.11 12:43:52;Buy;0.01;XAUUSD.f;5089.83;0.01;2026.02.11 12:45:39;5094.15;;;4.32
2026.02.11 12:40:35;Buy;0.01;XAUUSD.f;5084.21;0.01;2026.02.11 12:44:15;5099.44;;;15.23
2026.02.11 12:40:35;Buy;0.01;XAUUSD.f;5084.21;0.01;2026.02.11 12:44:10;5097.93;;;13.72
2026.02.05 23:50:00;Sell;0.01;XAUUSD.f;4769.96;0.01;2026.02.05 23:51:00;4762.13;;;7.83
2026.02.05 22:54:49;Sell;0.01;XAUUSD.f;4800.58;0.01;2026.02.05 23:34:30;4771.27;;;29.31
2026.02.05 14:15:07;Sell;0.01;XAUUSD.f;4839.39;0.01;2026.02.05 14:25:40;4813.47;;;25.92
2026.02.04 02:15:49;Buy;0.01;XAUUSD.f;4994.12;0.01;2026.02.04 02:58:22;5012.98;;;18.86
2026.02.03 18:30:01;Buy;0.01;XAUUSD.f;4973.77;0.01;2026.02.04 02:49:12;5002.31;;-0.59;28.54
2026.02.03 09:46:00;Buy;0.01;XAUUSD.f;4916.84;0.01;2026.02.03 09:47:04;4922.72;;;5.88
2026.02.03 09:45:00;Buy;0.01;XAUUSD.f;4921.23;0.01;2026.02.03 09:47:00;4921.18;;;-0.05
2026.02.03 08:19:56;Buy;0.01;XAUUSD.f;4856.01;0.01;2026.02.03 08:50:18;4869.56;;;13.55
2026.02.02 08:38:47;Sell;0.01;XAUUSD.f;4405.03;0.01;2026.02.02 08:50:43;4468.7;;;-63.67
2026.02.02 08:48:00;Sell;0.01;XAUUSD.f;4447.39;0.01;2026.02.02 08:48:08;4444.71;;;2.68
2026.02.02 08:38:47;Sell;0.01;XAUUSD.f;4407.64;0.01;2026.02.02 08:43:57;4429.08;;;-21.44
2026.02.02 08:38:10;Sell;0.01;XAUUSD.f;4410.81;0.01;2026.02.02 08:41:29;4431.25;;;-20.44
2026.02.02 08:36:00;Sell;0.01;XAUUSD.f;4463.97;0.01;2026.02.02 08:37:00;4456.82;;;7.15
2026.02.02 08:24:00;Sell;0.01;XAUUSD.f;4483.91;0.01;2026.02.02 08:24:20;4480.95;;;2.96
2026.02.02 07:49:21;Sell;0.01;XAUUSD.f;4534.66;0.01;2026.02.02 07:58:36;4557.35;;;-22.69
2026.02.02 07:49:16;Sell;0.01;XAUUSD.f;4540.56;0.01;2026.02.02 07:55:43;4541.49;;;-0.93
2026.02.02 07:49:16;Sell;0.01;XAUUSD.f;4540.56;0.01;2026.02.02 07:50:01;4557.15;;;-16.59
2026.02.02 07:49:16;Sell;0.01;XAUUSD.f;4540.56;0.01;2026.02.02 07:50:00;4555.07;;;-14.51
2026.02.02 07:49:20;Sell;0.01;XAUUSD.f;4534.7;0.01;2026.02.02 07:50:00;4555.07;;;-20.37
2026.02.02 07:44:19;Sell;0.01;XAUUSD.f;4584.08;0.01;2026.02.02 07:49:19;4537.53;;;46.55
2026.01.30 04:11:51;Balance;;;;;;;;;-61.82
2026.01.29 03:45:00;Buy;0.01;XAUUSD.f;5540.66;0.01;2026.01.29 03:45:02;5542.26;;;1.6
2026.01.29 03:30:00;Buy;0.01;XAUUSD.f;5509.76;0.01;2026.01.29 03:30:04;5515.06;;;5.3
2026.01.29 03:15:00;Buy;0.01;XAUUSD.f;5480.47;0.01;2026.01.29 03:15:12;5484.98;;;4.51
2026.01.29 03:00:00;Buy;0.01;XAUUSD.f;5519.41;0.01;2026.01.29 03:00:02;5522.78;;;3.37
2026.01.28 23:55:00;Buy;0.01;XAUUSD.f;5408.34;0.01;2026.01.28 23:55:14;5409.65;;;1.31
2026.01.28 23:48:00;Buy;0.01;XAUUSD.f;5384.9;0.01;2026.01.28 23:49:00;5400.11;;;15.21
2026.01.28 23:42:00;Buy;0.01;XAUUSD.f;5384.51;0.01;2026.01.28 23:42:03;5385.68;;;1.17
2026.01.28 23:36:00;Buy;0.01;XAUUSD.f;5383.79;0.01;2026.01.28 23:37:00;5384.76;;;0.97
2026.01.28 23:24:00;Buy;0.01;XAUUSD.f;5388.22;0.01;2026.01.28 23:33:01;5384.75;;;-3.4699999999999998
2026.01.28 23:29:00;Buy;0.01;XAUUSD.f;5383;0.01;2026.01.28 23:33:00;5387.41;;;4.41
2026.01.28 23:18:00;Buy;0.01;XAUUSD.f;5387.07;0.01;2026.01.28 23:21:00;5386.9;;;-0.17
2026.01.28 23:12:00;Buy;0.01;XAUUSD.f;5385.34;0.01;2026.01.28 23:12:05;5388.75;;;3.41
2026.01.28 23:06:00;Buy;0.01;XAUUSD.f;5387.3;0.01;2026.01.28 23:06:02;5389.45;;;2.15
2026.01.28 23:00:00;Buy;0.01;XAUUSD.f;5381.35;0.01;2026.01.28 23:00:07;5382.61;;;1.26
2026.01.28 22:55:00;Buy;0.01;XAUUSD.f;5372.87;0.01;2026.01.28 22:57:04;5380.59;;;7.72
2026.01.28 22:54:00;Buy;0.01;XAUUSD.f;5377.88;0.01;2026.01.28 22:57:00;5378.96;;;1.08
2026.01.28 22:48:00;Buy;0.01;XAUUSD.f;5386.38;0.01;2026.01.28 22:48:03;5387.82;;;1.44
2026.01.28 20:18:23;Buy;0.01;XAUUSD.f;5311.93;0.01;2026.01.28 20:23:19;5322.48;;;10.55
2026.01.28 04:34:48;Balance;;;;;;;;;-296.68
2026.01.28 03:45:00;Buy;0.01;XAUUSD.f;5216.1;0.01;2026.01.28 03:46:00;5220.34;;;4.24
2026.01.28 03:16:30;Buy;0.01;XAUUSD.f;5192.32;0.01;2026.01.28 03:38:03;5200.12;;;7.8
2026.01.28 03:15:01;Buy;0.01;XAUUSD.f;5189.6;0.01;2026.01.28 03:16:00;5190.48;;;0.88
2026.01.28 03:00:03;Buy;0.01;XAUUSD.f;5176.34;0.01;2026.01.28 03:02:04;5171.09;;;-5.25
2026.01.28 03:01:00;Buy;0.01;XAUUSD.f;5169.27;0.01;2026.01.28 03:02:01;5171.18;;;1.9100000000000001
2026.01.28 03:00:17;Buy;0.01;XAUUSD.f;5173.5;0.01;2026.01.28 03:02:00;5172.35;;;-1.15
2026.01.27 23:54:00;Buy;0.01;XAUUSD.f;5178.05;0.01;2026.01.27 23:54:02;5179.55;;;1.5
2026.01.27 23:48:00;Buy;0.01;XAUUSD.f;5187.46;0.01;2026.01.27 23:49:00;5188.06;;;0.6
2026.01.27 23:42:00;Buy;0.01;XAUUSD.f;5180.78;0.01;2026.01.27 23:44:00;5184.79;;;4.01
2026.01.27 23:36:00;Buy;0.01;XAUUSD.f;5175.74;0.01;2026.01.27 23:38:00;5179.01;;;3.27
2026.01.27 23:30:00;Buy;0.01;XAUUSD.f;5174.27;0.01;2026.01.27 23:35:00;5175.32;;;1.05
2026.01.27 23:24:00;Buy;0.01;XAUUSD.f;5172.9;0.01;2026.01.27 23:24:02;5175.25;;;2.35
2026.01.27 23:18:00;Buy;0.01;XAUUSD.f;5177.34;0.01;2026.01.27 23:21:00;5178.28;;;0.94
2026.01.27 23:08:00;Buy;0.01;XAUUSD.f;5177.36;0.01;2026.01.27 23:12:01;5184.38;;;7.02
2026.01.27 23:07:00;Buy;0.01;XAUUSD.f;5180.67;0.01;2026.01.27 23:12:00;5185.73;;;5.06
2026.01.27 23:06:00;Buy;0.01;XAUUSD.f;5184.71;0.01;2026.01.27 23:12:00;5185.73;;;1.02
2026.01.27 23:00:05;Buy;0.01;XAUUSD.f;5181.57;0.01;2026.01.27 23:03:03;5179.94;;;-1.63
2026.01.27 23:01:00;Buy;0.01;XAUUSD.f;5172.58;0.01;2026.01.27 23:03:02;5179.2;;;6.62
2026.01.27 23:00:00;Buy;0.01;XAUUSD.f;5179.57;0.01;2026.01.27 23:03:00;5181.16;;;1.5899999999999999
2026.01.27 22:54:00;Buy;0.01;XAUUSD.f;5173.73;0.01;2026.01.27 22:55:00;5175.34;;;1.6099999999999999
2026.01.27 22:50:00;Buy;0.01;XAUUSD.f;5160.41;0.01;2026.01.27 22:50:11;5163.02;;;2.61
2026.01.27 22:48:02;Buy;0.01;XAUUSD.f;5155.09;0.01;2026.01.27 22:48:06;5155.19;;;0.1
2026.01.27 22:45:00;Buy;0.01;XAUUSD.f;5142.43;0.01;2026.01.27 22:46:00;5148.81;;;6.38
2026.01.27 22:39:00;Buy;0.01;XAUUSD.f;5142.58;0.01;2026.01.27 22:43:05;5143.01;;;0.43
2026.01.27 22:36:00;Buy;0.01;XAUUSD.f;5145.06;0.01;2026.01.27 22:43:00;5147.78;;;2.7199999999999998
2026.01.27 22:40:00;Buy;0.01;XAUUSD.f;5144.5;0.01;2026.01.27 22:43:00;5147.78;;;3.2800000000000002
2026.01.27 22:30:00;Buy;0.01;XAUUSD.f;5141.16;0.01;2026.01.27 22:31:00;5145.1;;;3.94
2026.01.27 22:30:00;Buy;0.01;XAUUSD.f;5141.16;0.01;2026.01.27 22:31:00;5145.1;;;3.94
2026.01.27 22:24:00;Buy;0.01;XAUUSD.f;5138.21;0.01;2026.01.27 22:26:00;5139.78;;;1.5699999999999998
2026.01.27 22:18:00;Buy;0.01;XAUUSD.f;5134.97;0.01;2026.01.27 22:19:00;5140.97;;;6
2026.01.27 22:03:25;Buy;0.01;XAUUSD.f;5111.85;0.01;2026.01.27 22:11:28;5138.94;;;27.09
2026.01.27 22:03:25;Buy;0.01;XAUUSD.f;5111.82;0.01;2026.01.27 22:10:19;5127.61;;;15.79
2026.01.27 22:03:25;Buy;0.01;XAUUSD.f;5110.69;0.01;2026.01.27 22:09:55;5126.57;;;15.88
2026.01.27 22:03:25;Buy;0.01;XAUUSD.f;5110.69;0.01;2026.01.27 22:09:44;5125.48;;;14.79
2026.01.27 22:03:25;Buy;0.01;XAUUSD.f;5111.85;0.01;2026.01.27 22:06:07;5117.07;;;5.22
2026.01.27 22:03:25;Buy;0.01;XAUUSD.f;5111.82;0.01;2026.01.27 22:06:06;5117.43;;;5.61
2026.01.27 22:03:25;Buy;0.01;XAUUSD.f;5111.85;0.01;2026.01.27 22:05:27;5121.27;;;9.42
2026.01.26 23:50:00;Sell;0.01;XAUUSD.f;5014.93;0.01;2026.01.26 23:51:00;5013.78;;;1.15
2026.01.26 23:40:00;Sell;0.01;XAUUSD.f;5001.92;0.01;2026.01.26 23:40:04;5000.92;;;1
2026.01.26 18:03:25;Buy;0.01;XAUUSD.f;5098.49;0.01;2026.01.26 21:02:08;5056.34;;;-42.15
2026.01.26 08:45:03;Buy;0.01;XAUUSD.f;5094.38;0.01;2026.01.26 08:47:57;5107.54;;;13.16
2026.01.26 03:45:00;Buy;0.01;XAUUSD.f;5083.62;0.01;2026.01.26 03:45:03;5084.42;;;0.8
2026.01.26 03:15:00;Buy;0.01;XAUUSD.f;5057.94;0.01;2026.01.26 03:15:02;5058.63;;;0.69
2026.01.26 03:00:00;Buy;0.01;XAUUSD.f;5041.7;0.01;2026.01.26 03:01:00;5043.45;;;1.75
2026.01.23 21:53:40;Buy;0.01;XAUUSD.f;4988.43;0.01;2026.01.26 01:05:07;5012.97;;-0.59;24.54
2026.01.23 19:45:00;Buy;0.01;XAUUSD.f;4982.96;0.01;2026.01.23 19:45:03;4983.9;;;0.94
2026.01.23 19:30:00;Buy;0.01;XAUUSD.f;4983.39;0.01;2026.01.23 19:31:00;4985.76;;;2.37
2026.01.23 19:15:00;Buy;0.01;XAUUSD.f;4984.94;0.01;2026.01.23 19:17:00;4986.31;;;1.37
2026.01.23 19:00:00;Buy;0.01;XAUUSD.f;4981.13;0.01;2026.01.23 19:02:00;4982.7;;;1.5699999999999998
2026.01.23 03:00:00;Buy;0.01;XAUUSD.f;4966.99;0.01;2026.01.23 10:23:10;4926.26;;;-40.73
2026.01.23 07:50:32;Buy;0.01;XAUUSD.f;4967.28;0.01;2026.01.23 10:20:45;4930.9;;;-36.38
2026.01.23 03:45:00;Buy;0.01;XAUUSD.f;4951.86;0.01;2026.01.23 03:45:02;4952.48;;;0.62
2026.01.23 03:00:12;Buy;0.01;XAUUSD.f;4962.69;0.01;2026.01.23 03:35:01;4954.68;;;-8.01
2026.01.23 03:00:00;Buy;0.01;XAUUSD.f;4966.13;0.01;2026.01.23 03:35:01;4954.83;;;-11.3
2026.01.23 03:03:00;Buy;0.01;XAUUSD.f;4940.72;0.01;2026.01.23 03:35:01;4954.84;;;14.12
2026.01.23 03:02:00;Buy;0.01;XAUUSD.f;4951.16;0.01;2026.01.23 03:35:00;4955.73;;;4.57
2026.01.22 23:55:00;Buy;0.01;XAUUSD.f;4936.14;0.01;2026.01.22 23:57:00;4939.25;;;3.11
2026.01.22 23:48:00;Buy;0.01;XAUUSD.f;4938.17;0.01;2026.01.22 23:57:00;4939.25;;;1.08
2026.01.22 22:34:00;Buy;0.01;XAUUSD.f;4924.96;0.01;2026.01.22 23:17:00;4923.95;;;-1.01
2026.01.22 22:30:02;Buy;0.01;XAUUSD.f;4926.76;0.01;2026.01.22 23:17:00;4923.96;;;-2.8
2026.01.22 22:58:00;Buy;0.01;XAUUSD.f;4917.1;0.01;2026.01.22 23:17:00;4923.96;;;6.86
2026.01.22 22:35:00;Buy;0.01;XAUUSD.f;4920.74;0.01;2026.01.22 23:17:00;4923.96;;;3.22
2026.01.22 22:15:01;Buy;0.01;XAUUSD.f;4926.12;0.01;2026.01.22 22:17:00;4926.89;;;0.77
2026.01.22 22:00:02;Buy;0.01;XAUUSD.f;4912.74;0.01;2026.01.22 22:01:00;4913.47;;;0.73
2026.01.22 19:22:55;Buy;0.01;XAUUSD.f;4888.44;0.01;2026.01.22 20:12:37;4914.99;;;26.55
2026.01.22 19:22:54;Buy;0.01;XAUUSD.f;4887.17;0.01;2026.01.22 19:49:24;4902.95;;;15.78
2026.01.22 19:22:54;Buy;0.01;XAUUSD.f;4887.17;0.01;2026.01.22 19:49:24;4902.27;;;15.1
2026.01.22 18:37:45;Buy;0.01;XAUUSD.f;4881.04;0.01;2026.01.22 19:23:02;4890.75;;;9.71
2026.01.22 16:32:40;Buy;0.01;XAUUSD.f;4839.96;0.01;2026.01.22 17:27:06;4852.8;;;12.84
2026.01.22 16:32:25;Buy;0.01;XAUUSD.f;4839.04;0.01;2026.01.22 17:26:31;4849.61;;;10.57
2026.01.21 03:45:00;Buy;0.01;XAUUSD.f;4819.15;0.01;2026.01.21 03:45:04;4820.37;;;1.22
2026.01.21 03:30:07;Buy;0.01;XAUUSD.f;4829.59;0.01;2026.01.21 03:31:00;4831;;;1.41
2026.01.21 03:16:00;Buy;0.01;XAUUSD.f;4807.74;0.01;2026.01.21 03:17:02;4808.36;;;0.62
2026.01.21 03:15:02;Buy;0.01;XAUUSD.f;4809.43;0.01;2026.01.21 03:17:00;4809.59;;;0.16
2026.01.21 03:00:00;Buy;0.01;XAUUSD.f;4785.19;0.01;2026.01.21 03:02:00;4787.4;;;2.21
2026.01.21 01:44:05;Buy;0.01;XAUUSD.f;4766.29;0.01;2026.01.21 01:44:22;4772.01;;;5.72
2026.01.20 16:15:03;Buy;0.01;XAUUSD.f;4742.09;0.01;2026.01.20 16:27:53;4746.17;;;4.08
2026.01.20 06:35:43;Buy;0.01;XAUUSD.f;4690.47;0.01;2026.01.20 07:59:09;4716.37;;;25.9
2026.01.20 06:35:17;Buy;0.01;XAUUSD.f;4688.43;0.01;2026.01.20 07:34:50;4704.39;;;15.96
2026.01.20 06:35:17;Buy;0.01;XAUUSD.f;4688.3;0.01;2026.01.20 07:34:44;4704.12;;;15.82
2026.01.20 06:34:54;Buy;0.01;XAUUSD.f;4688.31;0.01;2026.01.20 07:34:44;4704.12;;;15.81
2026.01.20 02:29:59;Sell;0.01;XAUUSD.f;4659.64;0.01;2026.01.20 06:35:43;4690.12;;;-30.48
2026.01.20 05:51:18;Buy;0.01;XAUUSD.f;4680.55;0.01;2026.01.20 06:28:44;4686.52;;;5.97
2026.01.19 19:54:13;Buy;0.01;XAUUSD.f;4679.08;0.01;2026.01.20 06:28:44;4686.52;;-0.59;7.44
2026.01.19 01:05:00;Buy;0.01;XAUUSD.f;4649.15;0.01;2026.01.19 04:01:17;4654.86;;;5.71
2026.01.19 03:48:00;Buy;0.01;XAUUSD.f;4661.79;0.01;2026.01.19 03:49:01;4662.78;;;0.99
2026.01.19 03:45:01;Buy;0.01;XAUUSD.f;4663.15;0.01;2026.01.19 03:49:00;4663.42;;;0.27
2026.01.19 03:30:00;Buy;0.01;XAUUSD.f;4662.46;0.01;2026.01.19 03:30:04;4664.21;;;1.75
2026.01.19 03:15:00;Buy;0.01;XAUUSD.f;4663.41;0.01;2026.01.19 03:15:06;4665.07;;;1.6600000000000001
2026.01.19 03:01:00;Buy;0.01;XAUUSD.f;4671.92;0.01;2026.01.19 03:02:04;4676.43;;;4.51
2026.01.19 03:00:00;Buy;0.01;XAUUSD.f;4675.37;0.01;2026.01.19 03:02:00;4677.63;;;2.26
2026.01.16 17:28:58;Sell;0.01;XAUUSD.f;4572.42;0.01;2026.01.16 17:33:43;4546.54;;;25.88
2026.01.16 17:26:11;Sell;0.01;XAUUSD.f;4582.28;0.01;2026.01.16 17:31:53;4557.84;;;24.44
2026.01.16 17:29:02;Sell;0.01;XAUUSD.f;4571.36;0.01;2026.01.16 17:30:05;4567.67;;;3.69
2026.01.16 17:26:10;Sell;0.01;XAUUSD.f;4583.75;0.01;2026.01.16 17:29:23;4567.78;;;15.97
2026.01.16 15:29:10;Sell;0.01;XAUUSD.f;4583.93;0.01;2026.01.16 15:30:01;4587.33;;;-3.4
2026.01.16 15:20:13;Sell;0.01;XAUUSD.f;4583.68;0.01;2026.01.16 15:21:00;4587.8;;;-4.12
2026.01.16 15:16:46;Sell;0.01;XAUUSD.f;4589.5;0.01;2026.01.16 15:20:28;4585.35;;;4.15
2026.01.16 15:18:18;Sell;0.01;XAUUSD.f;4583.58;0.01;2026.01.16 15:19:00;4589.15;;;-5.57
2026.01.16 15:18:13;Sell;0.01;XAUUSD.f;4583.87;0.01;2026.01.16 15:19:00;4589.09;;;-5.22
2026.01.16 15:16:03;Sell;0.01;XAUUSD.f;4594.22;0.01;2026.01.16 15:16:55;4588.41;;;5.8100000000000005
2026.01.16 02:45:13;Sell;0.01;XAUUSD.f;4600.82;0.01;2026.01.16 03:01:18;4594.71;;;6.11
2026.01.14 22:00:00;Buy;0.01;XAUUSD.f;4639.47;0.01;2026.01.14 22:02:00;4641.02;;;1.55
2026.01.13 16:47:15;Buy;0.01;XAUUSD.f;4630.3;0.01;2026.01.13 18:27:14;4598.02;;;-32.28
2026.01.13 16:45:56;Buy;0.01;XAUUSD.f;4628;0.01;2026.01.13 16:52:10;4629.08;;;1.08
2026.01.13 08:40:14;Sell;0.01;XAUUSD.f;4575.52;0.01;2026.01.13 15:13:29;4605.54;;;-30.02
2026.01.13 03:51:56;Balance;;;;;;;;;-310.2
2026.01.12 15:15:00;Buy;0.01;XAUUSD.f;4607.32;0.01;2026.01.12 15:48:20;4613.86;;;6.54
2026.01.12 15:07:59;Buy;0.01;XAUUSD.f;4601.13;0.01;2026.01.12 15:13:01;4607.1;;;5.97
2026.01.12 07:45:05;Buy;0.01;XAUUSD.f;4582.45;0.01;2026.01.12 09:58:06;4589.11;;;6.66
2026.01.12 02:06:54;Buy;0.01;XAUUSD.f;4548.86;0.01;2026.01.12 04:08:37;4562.8;;;13.94
2026.01.12 03:45:00;Buy;0.01;XAUUSD.f;4573.65;0.01;2026.01.12 03:46:00;4576.14;;;2.49
2026.01.12 03:30:00;Buy;0.01;XAUUSD.f;4584.04;0.01;2026.01.12 03:41:02;4581.47;;;-2.57
2026.01.12 03:36:00;Buy;0.01;XAUUSD.f;4575.63;0.01;2026.01.12 03:41:02;4581.43;;;5.8
2026.01.12 03:35:00;Buy;0.01;XAUUSD.f;4577.86;0.01;2026.01.12 03:41:01;4581.11;;;3.25
2026.01.12 03:34:00;Buy;0.01;XAUUSD.f;4581.08;0.01;2026.01.12 03:41:00;4580.7;;;-0.38
2026.01.12 03:31:00;Buy;0.01;XAUUSD.f;4582.17;0.01;2026.01.12 03:41:00;4582.51;;;0.34
2026.01.12 03:15:00;Buy;0.01;XAUUSD.f;4582.05;0.01;2026.01.12 03:15:03;4582.94;;;0.89
2026.01.12 03:01:00;Buy;0.01;XAUUSD.f;4587;0.01;2026.01.12 03:02:01;4591.74;;;4.74
2026.01.12 03:00:00;Buy;0.01;XAUUSD.f;4590.12;0.01;2026.01.12 03:02:00;4591.96;;;1.8399999999999999
2026.01.12 02:05:41;Buy;0.01;XAUUSD.f;4546.98;0.01;2026.01.12 03:00:21;4587.24;;;40.26
2026.01.12 02:05:35;Buy;0.01;XAUUSD.f;4546.14;0.01;2026.01.12 02:57:08;4589.33;;;43.19
2026.01.12 02:04:00;Buy;0.01;XAUUSD.f;4543.78;0.01;2026.01.12 02:32:30;4578;;;34.22
2026.01.12 01:42:32;Buy;0.01;XAUUSD.f;4543.72;0.01;2026.01.12 02:32:30;4578;;;34.28
2026.01.12 01:46:55;Buy;0.01;XAUUSD.f;4543.72;0.01;2026.01.12 02:00:00;4540.09;;;-3.63
2026.01.09 17:21:05;Buy;0.01;XAUUSD.f;4500.5;0.01;2026.01.09 18:12:02;4500.97;;;0.47
2026.01.09 17:09:49;Buy;0.01;XAUUSD.f;4500.43;0.01;2026.01.09 18:10:28;4505.87;;;5.44
2026.01.09 17:19:50;Buy;0.01;XAUUSD.f;4498.7;0.01;2026.01.09 17:39:02;4513.97;;;15.27
2026.01.09 17:19:49;Buy;0.01;XAUUSD.f;4498.41;0.01;2026.01.09 17:39:00;4513.43;;;15.02
2026.01.09 17:08:56;Buy;0.01;XAUUSD.f;4498.54;0.01;2026.01.09 17:39:00;4513.53;;;14.99
2026.01.09 17:04:04;Buy;0.01;XAUUSD.f;4498.73;0.01;2026.01.09 17:05:01;4493.47;;;-5.26
2026.01.09 17:04:04;Buy;0.01;XAUUSD.f;4498.73;0.01;2026.01.09 17:05:00;4493.47;;;-5.26
2026.01.08 22:45:00;Buy;0.01;XAUUSD.f;4473.9;0.01;2026.01.08 22:45:10;4474.72;;;0.82
2026.01.08 22:30:00;Buy;0.01;XAUUSD.f;4471.06;0.01;2026.01.08 22:30:08;4472.49;;;1.43
2026.01.08 14:04:51;Sell;0.01;XAUUSD.f;4415.64;0.01;2026.01.08 14:16:05;4409.88;;;5.76
2026.01.08 08:01:00;Sell;0.01;XAUUSD.f;4427.78;0.01;2026.01.08 08:04:02;4423.86;;;3.92
2026.01.08 08:00:12;Sell;0.01;XAUUSD.f;4428.21;0.01;2026.01.08 08:04:00;4424.37;;;3.84
2026.01.08 08:00:00;Sell;0.01;XAUUSD.f;4425.36;0.01;2026.01.08 08:00:08;4424.08;;;1.28
2026.01.08 07:48:00;Sell;0.01;XAUUSD.f;4421.27;0.01;2026.01.08 07:54:00;4418.81;;;2.46
2026.01.08 07:16:33;Sell;0.01;XAUUSD.f;4423.39;0.01;2026.01.08 07:43:46;4417.49;;;5.9
2026.01.08 07:37:00;Sell;0.01;XAUUSD.f;4425.68;0.01;2026.01.08 07:43:00;4420.1;;;5.58
2026.01.08 07:36:00;Sell;0.01;XAUUSD.f;4421.05;0.01;2026.01.08 07:43:00;4420.19;;;0.86
2026.01.08 03:00:34;Sell;0.01;XAUUSD.f;4444.9;0.01;2026.01.08 04:30:06;4439.68;;;5.22
2026.01.07 08:00:00;Sell;0.01;XAUUSD.f;4454.41;0.01;2026.01.07 08:25:00;4455.75;;;-1.34
2026.01.07 08:18:00;Sell;0.01;XAUUSD.f;4459.76;0.01;2026.01.07 08:25:00;4455.75;;;4.01
2026.01.07 08:05:00;Sell;0.01;XAUUSD.f;4456.69;0.01;2026.01.07 08:25:00;4455.37;;;1.32
2026.01.07 02:52:37;Buy;0.01;XAUUSD.f;4485.55;0.01;2026.01.07 02:56:58;4485.76;;;0.21
2026.01.06 16:33:03;Buy;0.01;XAUUSD.f;4475.85;0.01;2026.01.06 16:36:49;4481.45;;;5.6
2026.01.06 13:06:03;Buy;0.01;XAUUSD.f;4450.7;0.01;2026.01.06 13:07:11;4450.69;;;-0.01
2026.01.06 11:56:36;Buy;0.01;XAUUSD.f;4451.33;0.01;2026.01.06 12:11:40;4451.25;;;-0.08
2026.01.06 11:54:51;Buy;0.01;XAUUSD.f;4449.85;0.01;2026.01.06 11:56:36;4451.04;;;1.19
2026.01.06 11:50:01;Buy;0.01;XAUUSD.f;4448.06;0.01;2026.01.06 11:54:51;4449.61;;;1.55
2026.01.06 07:37:00;Buy;0.01;XAUUSD.f;4471.53;0.01;2026.01.06 10:27:38;4474.98;;;3.45
2026.01.06 04:13:20;Buy;0.01;XAUUSD.f;4460.39;0.01;2026.01.06 05:21:06;4463.36;;;2.9699999999999998
2026.01.06 04:08:04;Buy;0.01;XAUUSD.f;4455.87;0.01;2026.01.06 05:12:52;4464.76;;;8.89
2026.01.05 16:55:00;Buy;0.01;XAUUSD.f;4440.96;0.01;2026.01.05 17:03:39;4449.77;;;8.81
2026.01.05 08:23:56;Buy;0.01;XAUUSD.f;4420.82;0.01;2026.01.05 10:16:20;4427.97;;;7.15
2026.01.05 03:45:00;Buy;0.01;XAUUSD.f;4404.39;0.01;2026.01.05 03:46:00;4406.39;;;2
2026.01.02 02:45:28;Buy;0.01;XAUUSD.f;4353.46;0.01;2026.01.02 04:57:25;4362.08;;;8.62
2026.01.02 01:56:07;Buy;0.01;XAUUSD.f;4347.85;0.01;2026.01.02 01:57:13;4350.08;;;2.23
2026.01.02 01:48:46;Buy;0.01;XAUUSD.f;4345.26;0.01;2026.01.02 01:56:07;4347.62;;;2.36
2026.01.02 01:44:18;Buy;0.01;XAUUSD.f;4344.81;0.01;2026.01.02 01:48:46;4345.01;;;0.2
2026.01.02 01:36:04;Buy;0.01;XAUUSD.f;4343.17;0.01;2026.01.02 01:44:18;4344.59;;;1.42
2026.01.02 01:35:43;Buy;0.01;XAUUSD.f;4342.04;0.01;2026.01.02 01:36:04;4342.97;;;0.93
2026.01.02 01:26:37;Buy;0.01;XAUUSD.f;4341.87;0.01;2026.01.02 01:35:43;4341.49;;;-0.38
2026.01.02 01:25:41;Buy;0.01;XAUUSD.f;4341.59;0.01;2026.01.02 01:26:36;4341.71;;;0.12
2026.01.02 01:24:58;Buy;0.01;XAUUSD.f;4340.15;0.01;2026.01.02 01:25:41;4341.4;;;1.25
2026.01.02 01:24:07;Buy;0.01;XAUUSD.f;4339.67;0.01;2026.01.02 01:24:58;4339.87;;;0.2
2026.01.02 01:20:09;Buy;0.01;XAUUSD.f;4334.11;0.01;2026.01.02 01:24:06;4339.24;;;5.13
2026.01.02 01:19:29;Buy;0.01;XAUUSD.f;4333.6;0.01;2026.01.02 01:20:09;4333.71;;;0.11
2026.01.02 01:17:36;Buy;0.01;XAUUSD.f;4333.38;0.01;2026.01.02 01:19:28;4333.46;;;0.08
2026.01.02 01:14:01;Buy;0.01;XAUUSD.f;4331.56;0.01;2026.01.02 01:17:36;4333.14;;;1.58
2025.12.31 08:59:35;Buy;0.01;XAUUSD.f;4328.41;0.01;2025.12.31 09:00:56;4329.36;;;0.95
2025.12.31 08:59:01;Buy;0.01;XAUUSD.f;4327.48;0.01;2025.12.31 08:59:35;4327.84;;;0.36
2025.12.31 07:50:44;Sell;0.01;XAUUSD.f;4302.59;0.01;2025.12.31 08:11:00;4297.25;;;5.34
2025.12.31 07:50:44;Sell;0.01;XAUUSD.f;4302.59;0.01;2025.12.31 07:55:03;4278.8;;;23.79
2025.12.31 07:50:44;Sell;0.01;XAUUSD.f;4302.59;0.01;2025.12.31 07:53:13;4284.05;;;18.54
2025.12.31 07:50:44;Sell;0.01;XAUUSD.f;4302.59;0.01;2025.12.31 07:53:13;4284.05;;;18.54
2025.12.31 07:48:27;Sell;0.01;XAUUSD.f;4314.43;0.01;2025.12.31 07:50:46;4304.39;;;10.04
2025.12.30 17:50:39;Sell;0.01;XAUUSD.f;4364.2;0.01;2025.12.30 17:50:57;4364.09;;;0.11
2025.12.30 17:48:01;Sell;0.01;XAUUSD.f;4364.67;0.01;2025.12.30 17:50:38;4364.23;;;0.44
2025.12.30 17:47:10;Sell;0.01;XAUUSD.f;4364.19;0.01;2025.12.30 17:47:44;4363.66;;;0.53
2025.12.30 17:46:12;Sell;0.01;XAUUSD.f;4364.02;0.01;2025.12.30 17:46:50;4363.67;;;0.35
2025.12.30 09:50:05;Buy;0.01;XAUUSD.f;4382.58;0.01;2025.12.30 12:30:18;4384.52;;;1.94
2025.12.30 07:52:01;Buy;0.01;XAUUSD.f;4378.41;0.01;2025.12.30 09:50:05;4382.39;;;3.98
2025.12.30 05:44:53;Sell;0.01;XAUUSD.f;4363.5;0.01;2025.12.30 05:53:40;4360.13;;;3.37
2025.12.30 05:37:01;Sell;0.01;XAUUSD.f;4363.77;0.01;2025.12.30 05:43:38;4362.36;;;1.41
2025.12.29 17:52:00;Sell;0.01;XAUUSD.f;4325.15;0.01;2025.12.29 19:26:33;4324.59;;;0.56
2025.12.29 17:22:07;Sell;0.01;XAUUSD.f;4303.35;0.01;2025.12.29 18:55:00;4345.92;;;-42.57
2025.12.29 17:22:07;Sell;0.01;XAUUSD.f;4303.35;0.01;2025.12.29 18:41:51;4334.39;;;-31.04
2025.12.29 17:46:57;Sell;0.01;XAUUSD.f;4334.64;0.01;2025.12.29 17:48:54;4330.67;;;3.9699999999999998
2025.12.29 17:40:12;Buy;0.01;XAUUSD.f;4326.9;0.01;2025.12.29 17:43:46;4334.15;;;7.25
2025.12.29 17:31:46;Buy;0.01;XAUUSD.f;4322.58;0.01;2025.12.29 17:36:56;4334.43;;;11.85
2025.12.29 17:21:39;Buy;0.01;XAUUSD.f;4318.38;0.01;2025.12.29 17:28:27;4324.98;;;6.6
2025.12.29 17:16:36;Buy;0.01;XAUUSD.f;4331.67;0.01;2025.12.29 17:18:58;4333.45;;;1.78
2025.12.29 15:45:02;Sell;0.01;XAUUSD.f;4428.12;0.01;2025.12.29 15:47:33;4420.46;;;7.66
2025.12.29 13:40:03;Sell;0.01;XAUUSD.f;4445.06;0.01;2025.12.29 13:40:36;4436.78;;;8.28
2025.12.29 11:11:04;Sell;0.01;XAUUSD.f;4462.53;0.01;2025.12.29 11:37:01;4461.96;;;0.57
2025.12.26 15:24:02;Sell;0.01;XAUUSD.f;4514.79;0.01;2025.12.26 19:31:20;4514.86;;;-0.07
2025.12.26 15:18:58;Sell;0.01;XAUUSD.f;4515.94;0.01;2025.12.26 15:21:30;4514.9;;;1.04
2025.12.26 03:02:30;Buy;0.01;XAUUSD.f;4523.76;0.01;2025.12.26 03:03:00;4521.82;;;-1.94
2025.12.24 09:54:45;Buy;0.01;XAUUSD.f;4487.65;0.01;2025.12.24 10:27:11;4489.09;;;1.44
2025.12.24 09:46:16;Buy;0.01;XAUUSD.f;4487.01;0.01;2025.12.24 09:50:01;4486.48;;;-0.53
2025.12.24 03:45:00;Buy;0.01;XAUUSD.f;4521.07;0.01;2025.12.24 03:49:00;4522.7;;;1.63
2025.12.24 03:30:01;Buy;0.01;XAUUSD.f;4521.77;0.01;2025.12.24 03:36:00;4522.47;;;0.7
2025.12.24 03:15:00;Buy;0.01;XAUUSD.f;4512.36;0.01;2025.12.24 03:17:00;4515.2;;;2.84
2025.12.24 02:15:05;Buy;0.01;XAUUSD.f;4508.81;0.01;2025.12.24 02:30:36;4514.68;;;5.87
2025.12.23 22:58:48;Buy;0.01;XAUUSD.f;4497.8;0.01;2025.12.24 01:37:07;4502;;-0.58;4.2
2025.12.23 22:30:00;Buy;0.01;XAUUSD.f;4492.32;0.01;2025.12.23 22:54:00;4494.4;;;2.08
2025.12.23 22:12:00;Buy;0.01;XAUUSD.f;4493.9;0.01;2025.12.23 22:44:00;4492.57;;;-1.33
2025.12.23 22:40:00;Buy;0.01;XAUUSD.f;4490.01;0.01;2025.12.23 22:44:00;4492.57;;;2.56
2025.12.23 22:28:00;Buy;0.01;XAUUSD.f;4491.8;0.01;2025.12.23 22:44:00;4492.57;;;0.77
2025.12.23 22:06:00;Buy;0.01;XAUUSD.f;4492.04;0.01;2025.12.23 22:07:00;4492.88;;;0.84
2025.12.23 22:00:00;Buy;0.01;XAUUSD.f;4490.97;0.01;2025.12.23 22:02:00;4492.83;;;1.8599999999999999
2025.12.23 17:43:46;Buy;0.01;XAUUSD.f;4454.15;0.01;2025.12.23 17:48:56;4456.81;;;2.66
2025.12.23 17:16:51;Buy;0.01;XAUUSD.f;4450.07;0.01;2025.12.23 17:41:54;4454.53;;;4.46
2025.12.23 17:10:06;Buy;0.01;XAUUSD.f;4443.11;0.01;2025.12.23 17:14:27;4446.67;;;3.56
2025.12.23 17:05:02;Buy;0.01;XAUUSD.f;4432.95;0.01;2025.12.23 17:06:49;4439.55;;;6.6
2025.12.23 16:24:41;Buy;0.01;XAUUSD.f;4465.29;0.01;2025.12.23 16:29:45;4466.51;;;1.22
2025.12.23 16:14:35;Buy;0.01;XAUUSD.f;4469.45;0.01;2025.12.23 16:22:40;4469.99;;;0.54
2025.12.23 16:06:09;Buy;0.01;XAUUSD.f;4466.45;0.01;2025.12.23 16:11:35;4469.02;;;2.57
2025.12.23 15:14:00;Buy;0.01;XAUUSD.f;4494.2;0.01;2025.12.23 16:03:57;4472.32;;;-21.88
2025.12.23 11:51:14;Buy;0.01;XAUUSD.f;4480.64;0.01;2025.12.23 12:08:27;4483.44;;;2.8
2025.12.23 07:31:27;Sell;0.01;XAUUSD.f;4478.75;0.01;2025.12.23 07:58:40;4477.36;;;1.3900000000000001
2025.12.23 06:30:35;Buy;0.01;XAUUSD.f;4485.94;0.01;2025.12.23 06:42:35;4485.98;;;0.04
2025.12.23 03:57:05;Buy;0.01;XAUUSD.f;4487.93;0.01;2025.12.23 04:32:41;4492.61;;;4.68
2025.12.23 03:45:18;Buy;0.01;XAUUSD.f;4485.39;0.01;2025.12.23 03:54:02;4487.95;;;2.56
2025.12.23 03:45:00;Buy;0.01;XAUUSD.f;4486.12;0.01;2025.12.23 03:49:00;4485.84;;;-0.28
2025.12.23 03:48:00;Buy;0.01;XAUUSD.f;4483.95;0.01;2025.12.23 03:49:00;4485.89;;;1.94
2025.12.23 03:30:00;Buy;0.01;XAUUSD.f;4477.54;0.01;2025.12.23 03:30:02;4478.32;;;0.78
2025.12.23 03:16:00;Buy;0.01;XAUUSD.f;4484.23;0.01;2025.12.23 03:28:02;4480.48;;;-3.75
2025.12.23 03:15:00;Buy;0.01;XAUUSD.f;4485.79;0.01;2025.12.23 03:28:02;4480.49;;;-5.3
2025.12.23 03:24:00;Buy;0.01;XAUUSD.f;4472.07;0.01;2025.12.23 03:28:01;4480.49;;;8.42
2025.12.23 03:23:00;Buy;0.01;XAUUSD.f;4475.01;0.01;2025.12.23 03:28:01;4480.47;;;5.46
2025.12.23 03:18:00;Buy;0.01;XAUUSD.f;4477.16;0.01;2025.12.23 03:28:00;4481.36;;;4.2
2025.12.23 03:00:00;Buy;0.01;XAUUSD.f;4470.85;0.01;2025.12.23 03:01:00;4475.1;;;4.25
2025.12.22 23:57:00;Buy;0.01;XAUUSD.f;4443.81;0.01;2025.12.23 01:05:00;4449.5;;-0.58;5.6899999999999995
2025.12.22 23:54:00;Buy;0.01;XAUUSD.f;4445.54;0.01;2025.12.23 01:05:00;4449.49;;-0.58;3.95
2025.12.22 23:48:00;Buy;0.01;XAUUSD.f;4444.71;0.01;2025.12.22 23:50:00;4445.68;;;0.97
2025.12.22 23:04:17;Buy;0.01;XAUUSD.f;4442.18;0.01;2025.12.22 23:27:40;4446.93;;;4.75
2025.12.22 20:24:21;Buy;0.01;XAUUSD.f;4437.58;0.01;2025.12.22 22:17:11;4436.77;;;-0.81
2025.12.22 15:15:07;Buy;0.01;XAUUSD.f;4427.04;0.01;2025.12.22 17:49:27;4430.42;;;3.38
2025.12.22 16:47:06;Buy;0.01;XAUUSD.f;4428.31;0.01;2025.12.22 17:46:01;4430.37;;;2.06
2025.12.22 14:54:23;Sell;0.01;XAUUSD.f;4414.49;0.01;2025.12.22 15:11:51;4424.57;;;-10.08
2025.12.22 08:38:58;Buy;0.01;XAUUSD.f;4404.59;0.01;2025.12.22 08:50:03;4411.75;;;7.16
2025.12.22 08:27:08;Buy;0.01;XAUUSD.f;4400.98;0.01;2025.12.22 08:36:05;4402.97;;;1.99
2025.12.22 03:39:06;Buy;0.01;XAUUSD.f;4375.42;0.01;2025.12.22 07:32:11;4407.03;;;31.61
2025.12.22 03:38:45;Buy;0.01;XAUUSD.f;4374.46;0.01;2025.12.22 06:49:42;4398.64;;;24.18
2025.12.22 03:39:40;Buy;0.01;XAUUSD.f;4377.8;0.01;2025.12.22 06:34:55;4395.4;;;17.6
2025.12.22 03:36:12;Buy;0.01;XAUUSD.f;4372.6;0.01;2025.12.22 04:52:21;4387.58;;;14.98
2025.12.22 03:36:11;Buy;0.01;XAUUSD.f;4372.56;0.01;2025.12.22 04:51:59;4386.96;;;14.4
2025.12.22 03:00:57;Buy;0.01;XAUUSD.f;4372.62;0.01;2025.12.22 03:15:00;4364.73;;;-7.89
2025.12.22 03:00:57;Buy;0.01;XAUUSD.f;4372.59;0.01;2025.12.22 03:15:00;4364.73;;;-7.86
2025.12.18 18:10:13;Buy;0.01;XAUUSD.f;4347.53;0.01;2025.12.18 19:06:08;4350.12;;;2.59
2025.12.18 18:10:23;Buy;0.01;XAUUSD.f;4350.69;0.01;2025.12.18 19:06:03;4352.22;;;1.53
2025.12.18 18:11:21;Buy;0.01;XAUUSD.f;4352.61;0.01;2025.12.18 18:55:13;4357.96;;;5.35
2025.12.18 18:10:25;Buy;0.01;XAUUSD.f;4349.87;0.01;2025.12.18 18:32:52;4363.66;;;13.79
2025.12.18 18:11:23;Buy;0.01;XAUUSD.f;4354.09;0.01;2025.12.18 18:24:08;4366.91;;;12.82
2025.12.18 18:10:17;Buy;0.01;XAUUSD.f;4348.72;0.01;2025.12.18 18:19:06;4372.58;;;23.86
2025.12.18 18:10:52;Buy;0.01;XAUUSD.f;4351.53;0.01;2025.12.18 18:13:49;4366.55;;;15.02
2025.12.18 18:10:52;Buy;0.01;XAUUSD.f;4351.53;0.01;2025.12.18 18:13:45;4365.83;;;14.3
2025.12.18 18:09:57;Buy;0.01;XAUUSD.f;4346.91;0.01;2025.12.18 18:12:48;4361.85;;;14.94
2025.12.18 16:45:01;Sell;0.01;XAUUSD.f;4312.99;0.01;2025.12.18 17:03:19;4334.83;;;-21.84
2025.12.17 09:09:34;Sell;0.01;XAUUSD.f;4325.18;0.01;2025.12.17 09:14:33;4324.98;;;0.2
2025.12.17 03:00:14;Buy;0.01;XAUUSD.f;4315.88;0.01;2025.12.17 03:33:40;4320.97;;;5.09
2025.12.16 05:11:18;Sell;0.01;XAUUSD.f;4285.23;0.01;2025.12.16 07:30:13;4276.14;;;9.09
2025.12.16 05:00:04;Sell;0.01;XAUUSD.f;4288.77;0.01;2025.12.16 05:11:37;4283.55;;;5.22
2025.12.16 03:37:39;Buy;0.01;XAUUSD.f;4317.87;0.01;2025.12.16 04:54:21;4295.34;;;-22.53
2025.12.15 03:45:00;Buy;0.01;XAUUSD.f;4320.08;0.01;2025.12.15 03:48:00;4321.33;;;1.25
2025.12.12 16:04:08;Buy;0.01;XAUUSD.f;4341.71;0.01;2025.12.12 16:52:07;4347.05;;;5.34
2025.12.12 09:07:12;Buy;0.01;XAUUSD.f;4285.9;0.01;2025.12.12 10:05:48;4291.61;;;5.71
2025.12.12 09:06:25;Buy;0.01;XAUUSD.f;4284.46;0.01;2025.12.12 09:36:30;4289.82;;;5.36
2025.12.11 18:19:29;Buy;0.01;XAUUSD.f;4258.9;0.01;2025.12.12 09:35:29;4289.44;;-0.58;30.54
2025.12.11 17:50:18;Buy;0.01;XAUUSD.f;4258.92;0.01;2025.12.12 09:35:28;4289.24;;-0.58;30.32
2025.12.11 22:06:00;Buy;0.01;XAUUSD.f;4271.96;0.01;2025.12.11 22:16:02;4269.33;;;-2.63
2025.12.11 22:00:00;Buy;0.01;XAUUSD.f;4273.83;0.01;2025.12.11 22:16:01;4269.6;;;-4.23
2025.12.11 22:09:00;Buy;0.01;XAUUSD.f;4265.73;0.01;2025.12.11 22:16:01;4269.53;;;3.8
2025.12.11 22:08:00;Buy;0.01;XAUUSD.f;4268.69;0.01;2025.12.11 22:16:00;4270.63;;;1.94
2025.12.11 17:50:09;Buy;0.01;XAUUSD.f;4258.13;0.01;2025.12.11 21:01:40;4263.23;;;5.1
2025.12.11 17:51:36;Buy;0.01;XAUUSD.f;4261.46;0.01;2025.12.11 21:01:05;4263.38;;;1.92
2025.12.11 18:45:06;Buy;0.01;XAUUSD.f;4263.54;0.01;2025.12.11 20:58:27;4268.57;;;5.03
2025.12.11 18:22:48;Buy;0.01;XAUUSD.f;4261.89;0.01;2025.12.11 20:56:00;4274.73;;;12.84
2025.12.11 19:48:00;Buy;0.01;XAUUSD.f;4275.88;0.01;2025.12.11 19:56:00;4278;;;2.12
2025.12.11 19:45:00;Buy;0.01;XAUUSD.f;4277.85;0.01;2025.12.11 19:56:00;4278.2;;;0.35
2025.12.11 19:30:00;Buy;0.01;XAUUSD.f;4276.32;0.01;2025.12.11 19:40:00;4275.82;;;-0.5
2025.12.11 19:34:00;Buy;0.01;XAUUSD.f;4274.32;0.01;2025.12.11 19:40:00;4275.87;;;1.55
2025.12.11 17:50:24;Buy;0.01;XAUUSD.f;4259.12;0.01;2025.12.11 19:35:08;4273.07;;;13.95
2025.12.11 19:16:00;Buy;0.01;XAUUSD.f;4275.41;0.01;2025.12.11 19:17:00;4279.3;;;3.89
2025.12.11 19:15:00;Buy;0.01;XAUUSD.f;4277.69;0.01;2025.12.11 19:17:00;4279.33;;;1.6400000000000001
2025.12.11 19:00:00;Buy;0.01;XAUUSD.f;4273.77;0.01;2025.12.11 19:04:00;4275.69;;;1.92
2025.12.11 17:50:04;Buy;0.01;XAUUSD.f;4257.61;0.01;2025.12.11 18:48:20;4272.78;;;15.17
2025.12.11 17:50:04;Buy;0.01;XAUUSD.f;4257.61;0.01;2025.12.11 18:48:14;4271.6;;;13.99
2025.12.11 18:30:05;Buy;0.01;XAUUSD.f;4259.22;0.01;2025.12.11 18:31:00;4255.97;;;-3.25
2025.12.10 22:04:17;Buy;0.01;XAUUSD.f;4223.91;0.01;2025.12.10 23:06:32;4224.35;;;0.44
2025.12.10 22:04:17;Buy;0.01;XAUUSD.f;4223.91;0.01;2025.12.10 22:13:04;4233.4;;;9.49
2025.12.10 22:04:17;Buy;0.01;XAUUSD.f;4223.91;0.01;2025.12.10 22:10:29;4225.35;;;1.44
2025.12.10 21:11:10;Buy;0.01;XAUUSD.f;4219.53;0.01;2025.12.10 21:12:00;4212.63;;;-6.9
2025.12.10 21:11:10;Buy;0.01;XAUUSD.f;4219.53;0.01;2025.12.10 21:12:00;4212.54;;;-6.99
2025.12.09 08:09:33;Sell;0.01;XAUUSD.f;4175.11;0.01;2025.12.09 11:26:17;4207.01;;;-31.9
2025.12.09 08:09:33;Sell;0.01;XAUUSD.f;4174.77;0.01;2025.12.09 11:04:39;4198.17;;;-23.4
2025.12.09 08:04:45;Sell;0.01;XAUUSD.f;4177.47;0.01;2025.12.09 08:15:25;4177;;;0.47
2025.12.09 08:04:44;Sell;0.01;XAUUSD.f;4177.58;0.01;2025.12.09 08:15:12;4176.24;;;1.34
2025.12.08 18:11:22;Sell;0.01;XAUUSD.f;4177.42;0.01;2025.12.08 18:15:04;4183.02;;;-5.6
2025.12.08 18:11:17;Sell;0.01;XAUUSD.f;4177.62;0.01;2025.12.08 18:15:01;4183.57;;;-5.95
2025.12.08 17:15:36;Sell;0.01;XAUUSD.f;4177.38;0.01;2025.12.08 17:16:00;4179.03;;;-1.65
2025.12.08 17:15:38;Sell;0.01;XAUUSD.f;4176.81;0.01;2025.12.08 17:16:00;4179.03;;;-2.22
2025.12.08 17:15:06;Sell;0.01;XAUUSD.f;4178.33;0.01;2025.12.08 17:16:00;4178.98;;;-0.65
2025.12.08 17:09:49;Sell;0.01;XAUUSD.f;4177.34;0.01;2025.12.08 17:10:17;4181.81;;;-4.47
2025.12.08 17:09:49;Sell;0.01;XAUUSD.f;4177.34;0.01;2025.12.08 17:10:00;4180.55;;;-3.21
2025.12.05 17:39:26;Buy;0.01;XAUUSD.f;4258.89;0.01;2025.12.05 18:27:33;4217.86;;;-41.03
2025.12.05 16:47:32;Buy;0.01;XAUUSD.f;4241.36;0.01;2025.12.05 17:47:09;4250;;;8.64
2025.12.05 16:47:24;Buy;0.01;XAUUSD.f;4239.68;0.01;2025.12.05 17:33:17;4253.63;;;13.95
2025.12.05 16:47:24;Buy;0.01;XAUUSD.f;4239.68;0.01;2025.12.05 16:56:59;4240.93;;;1.25
2025.12.05 15:00:14;Buy;0.01;XAUUSD.f;4231.15;0.01;2025.12.05 15:30:54;4234.5;;;3.35
2025.12.05 07:28:29;Buy;0.01;XAUUSD.f;4219.59;0.01;2025.12.05 08:08:50;4224.03;;;4.44
2025.12.03 01:05:00;Buy;0.01;XAUUSD.f;4203.03;0.01;2025.12.03 01:10:00;4212.21;;;9.18
2025.12.02 23:57:00;Buy;0.01;XAUUSD.f;4206;0.01;2025.12.03 01:10:00;4212.21;;-0.58;6.21
2025.12.02 23:50:00;Buy;0.01;XAUUSD.f;4208.08;0.01;2025.12.03 01:10:00;4212.26;;-0.58;4.18
2025.12.02 23:42:00;Buy;0.01;XAUUSD.f;4209.65;0.01;2025.12.03 01:10:00;4212.29;;-0.58;2.64
2025.12.02 23:30:00;Buy;0.01;XAUUSD.f;4210.26;0.01;2025.12.02 23:39:00;4211.32;;;1.06
2025.12.02 23:18:00;Buy;0.01;XAUUSD.f;4208.88;0.01;2025.12.02 23:23:00;4209.57;;;0.69
2025.12.02 23:12:00;Buy;0.01;XAUUSD.f;4208.35;0.01;2025.12.02 23:15:00;4209.16;;;0.81
2025.12.02 22:48:00;Buy;0.01;XAUUSD.f;4211.71;0.01;2025.12.02 23:01:01;4211.01;;;-0.7
2025.12.02 22:51:00;Buy;0.01;XAUUSD.f;4209.45;0.01;2025.12.02 23:01:00;4211.43;;;1.98
2025.12.02 22:42:00;Buy;0.01;XAUUSD.f;4212.13;0.01;2025.12.02 22:47:00;4211.87;;;-0.26
2025.12.02 22:45:00;Buy;0.01;XAUUSD.f;4210.15;0.01;2025.12.02 22:47:00;4211.82;;;1.67
2025.12.02 22:36:00;Buy;0.01;XAUUSD.f;4205.94;0.01;2025.12.02 22:37:00;4207.03;;;1.09
2025.12.01 03:53:54;Buy;0.01;XAUUSD.f;4244.08;0.01;2025.12.01 07:22:05;4223.64;;;-20.44
2025.12.01 03:39:33;Buy;0.01;XAUUSD.f;4241.87;0.01;2025.12.01 04:22:12;4243.82;;;1.95
2025.12.01 03:39:36;Buy;0.01;XAUUSD.f;4242.82;0.01;2025.12.01 04:14:18;4245.58;;;2.76
2025.11.28 03:45:00;Buy;0.01;XAUUSD.f;4192.6;0.01;2025.11.28 04:26:01;4191.68;;;-0.92
2025.11.28 04:08:00;Buy;0.01;XAUUSD.f;4189.02;0.01;2025.11.28 04:26:00;4191.68;;;2.66
2025.11.28 03:58:00;Buy;0.01;XAUUSD.f;4190.88;0.01;2025.11.28 04:26:00;4191.95;;;1.07
2025.11.28 03:30:00;Buy;0.01;XAUUSD.f;4187.13;0.01;2025.11.28 03:31:00;4189.19;;;2.06
2025.11.28 03:15:00;Buy;0.01;XAUUSD.f;4186.59;0.01;2025.11.28 03:21:01;4186.4;;;-0.19
2025.11.28 03:18:00;Buy;0.01;XAUUSD.f;4184.47;0.01;2025.11.28 03:21:00;4186.6;;;2.13
2025.11.28 02:33:55;Buy;0.01;XAUUSD.f;4173.22;0.01;2025.11.28 03:18:39;4183.89;;;10.67
2025.11.28 02:28:12;Buy;0.01;XAUUSD.f;4171.5;0.01;2025.11.28 03:00:54;4185.75;;;14.25
2025.11.28 02:30:03;Buy;0.01;XAUUSD.f;4171.5;0.01;2025.11.28 03:00:31;4185.28;;;13.78
2025.11.28 02:28:11;Buy;0.01;XAUUSD.f;4171.41;0.01;2025.11.28 03:00:31;4185.33;;;13.92
2025.11.28 03:00:00;Buy;0.01;XAUUSD.f;4180.85;0.01;2025.11.28 03:00:04;4180.96;;;0.11
2025.11.24 22:37:22;Buy;0.01;XAUUSD.f;4131.97;0.01;2025.11.25 09:29:47;4135.61;;-0.58;3.64
2025.11.24 23:57:00;Buy;0.01;XAUUSD.f;4135.48;0.01;2025.11.25 01:42:02;4134.52;;-0.58;-0.96
2025.11.24 23:54:00;Buy;0.01;XAUUSD.f;4137.87;0.01;2025.11.25 01:42:02;4134.52;;-0.58;-3.35
2025.11.25 01:14:00;Buy;0.01;XAUUSD.f;4128.56;0.01;2025.11.25 01:42:01;4134.52;;;5.96
2025.11.25 01:12:00;Buy;0.01;XAUUSD.f;4131.4;0.01;2025.11.25 01:42:00;4134.51;;;3.11
2025.11.24 22:35:58;Buy;0.01;XAUUSD.f;4130.9;0.01;2025.11.25 01:11:40;4131.87;;-0.58;0.97
2025.11.24 22:33:57;Buy;0.01;XAUUSD.f;4131.01;0.01;2025.11.25 01:11:40;4131.87;;-0.58;0.86
2025.11.24 22:33:57;Buy;0.01;XAUUSD.f;4131.01;0.01;2025.11.25 01:11:40;4132.21;;-0.58;1.2
2025.11.24 22:37:25;Buy;0.01;XAUUSD.f;4133.19;0.01;2025.11.24 23:58:22;4133.65;;;0.46
2025.11.24 23:48:00;Buy;0.01;XAUUSD.f;4138.13;0.01;2025.11.24 23:50:00;4139.62;;;1.49
2025.11.24 23:42:00;Buy;0.01;XAUUSD.f;4133.66;0.01;2025.11.24 23:43:00;4138.35;;;4.6899999999999995
2025.11.24 23:18:00;Buy;0.01;XAUUSD.f;4132.48;0.01;2025.11.24 23:36:00;4133.44;;;0.96
2025.11.24 23:12:00;Buy;0.01;XAUUSD.f;4131.73;0.01;2025.11.24 23:16:00;4132.3;;;0.57
2025.11.24 23:00:00;Buy;0.01;XAUUSD.f;4132.75;0.01;2025.11.24 23:08:01;4132.4;;;-0.35
2025.11.24 23:05:00;Buy;0.01;XAUUSD.f;4130.58;0.01;2025.11.24 23:08:00;4132.37;;;1.79
2025.11.24 22:48:00;Buy;0.01;XAUUSD.f;4131.79;0.01;2025.11.24 22:51:01;4131.36;;;-0.43
2025.11.24 22:49:00;Buy;0.01;XAUUSD.f;4129.37;0.01;2025.11.24 22:51:00;4131.41;;;2.04
2025.11.24 22:42:00;Buy;0.01;XAUUSD.f;4130.88;0.01;2025.11.24 22:45:00;4131.48;;;0.6
2025.11.24 22:36:00;Buy;0.01;XAUUSD.f;4130.79;0.01;2025.11.24 22:38:00;4133.03;;;2.24
2025.11.24 22:24:00;Buy;0.01;XAUUSD.f;4124.9;0.01;2025.11.24 22:30:01;4124.82;;;-0.08
2025.11.24 22:27:00;Buy;0.01;XAUUSD.f;4122.58;0.01;2025.11.24 22:30:00;4124.8;;;2.22
2025.11.24 22:18:00;Buy;0.01;XAUUSD.f;4122.73;0.01;2025.11.24 22:19:00;4123.85;;;1.12
2025.11.24 22:15:00;Buy;0.01;XAUUSD.f;4122.22;0.01;2025.11.24 22:17:00;4123.17;;;0.95
2025.11.24 22:08:00;Buy;0.01;XAUUSD.f;4121.43;0.01;2025.11.24 22:13:01;4122.5;;;1.07
2025.11.24 22:06:00;Buy;0.01;XAUUSD.f;4123.29;0.01;2025.11.24 22:13:00;4123.3;;;0.01
2025.11.24 22:00:00;Buy;0.01;XAUUSD.f;4118.63;0.01;2025.11.24 22:02:00;4119.71;;;1.08
2025.11.24 22:00:00;Buy;0.01;XAUUSD.f;4118.63;0.01;2025.11.24 22:02:00;4119.78;;;1.15
2025.11.24 20:37:44;Buy;0.01;XAUUSD.f;4102.44;0.01;2025.11.24 20:53:25;4125.2;;;22.76
2025.11.21 08:20:12;Sell;0.01;XAUUSD.f;4040.38;0.01;2025.11.21 08:21:01;4044.05;;;-3.67
2025.11.21 07:54:04;Sell;0.01;XAUUSD.f;4040.39;0.01;2025.11.21 07:55:00;4041.68;;;-1.29
2025.11.21 03:00:00;Buy;0.01;XAUUSD.f;4073.41;0.01;2025.11.21 03:49:02;4068.04;;;-5.37
2025.11.21 03:01:00;Buy;0.01;XAUUSD.f;4070;0.01;2025.11.21 03:49:01;4068.04;;;-1.96
2025.11.21 03:29:00;Buy;0.01;XAUUSD.f;4061.81;0.01;2025.11.21 03:49:01;4068.04;;;6.23
2025.11.21 03:12:00;Buy;0.01;XAUUSD.f;4064.08;0.01;2025.11.21 03:49:00;4068.04;;;3.96
2025.11.21 03:03:00;Buy;0.01;XAUUSD.f;4067.77;0.01;2025.11.21 03:49:00;4068.12;;;0.35
2025.11.21 03:04:00;Buy;0.01;XAUUSD.f;4066.24;0.01;2025.11.21 03:49:00;4068.12;;;1.88
2025.11.19 17:15:58;Buy;0.01;XAUUSD.f;4132.88;0.01;2025.11.19 17:41:35;4109.27;;;-23.61
2025.11.19 17:17:12;Buy;0.01;XAUUSD.f;4130.11;0.01;2025.11.19 17:41:35;4109.41;;;-20.7
2025.11.19 17:18:36;Buy;0.01;XAUUSD.f;4128.31;0.01;2025.11.19 17:41:35;4109.41;;;-18.9
2025.11.19 17:24:57;Buy;0.01;XAUUSD.f;4125.21;0.01;2025.11.19 17:41:35;4109.31;;;-15.9
2025.11.19 17:25:33;Buy;0.01;XAUUSD.f;4121.79;0.01;2025.11.19 17:41:35;4109.31;;;-12.48
2025.11.19 17:30:10;Buy;0.01;XAUUSD.f;4116.81;0.01;2025.11.19 17:41:34;4109.41;;;-7.4
2025.11.19 17:39:33;Buy;0.01;XAUUSD.f;4112.05;0.01;2025.11.19 17:41:34;4109.33;;;-2.7199999999999998
2025.11.19 17:15:33;Buy;0.01;XAUUSD.f;4131.56;0.01;2025.11.19 17:15:49;4131.76;;;0.2
2025.11.19 17:15:11;Buy;0.01;XAUUSD.f;4130.46;0.01;2025.11.19 17:15:26;4131;;;0.54
2025.11.19 17:14:47;Buy;0.01;XAUUSD.f;4129.81;0.01;2025.11.19 17:15:05;4129.71;;;-0.1
2025.11.19 17:14:30;Buy;0.01;XAUUSD.f;4127.35;0.01;2025.11.19 17:14:39;4129.06;;;1.71
2025.11.19 17:14:18;Buy;0.01;XAUUSD.f;4126.43;0.01;2025.11.19 17:14:26;4127.04;;;0.61
2025.11.19 17:13:19;Buy;0.01;XAUUSD.f;4123.35;0.01;2025.11.19 17:13:48;4124.53;;;1.18
2025.11.19 17:10:29;Buy;0.01;XAUUSD.f;4125.28;0.01;2025.11.19 17:12:55;4124.07;;;-1.21
2025.11.19 17:11:13;Buy;0.01;XAUUSD.f;4122.5;0.01;2025.11.19 17:12:55;4124.13;;;1.63
2025.11.18 09:36:20;Sell;0.01;XAUUSD.f;4001.4;0.01;2025.11.18 15:35:36;4057.21;;;-55.81
2025.11.18 09:39:33;Sell;0.01;XAUUSD.f;4003.57;0.01;2025.11.18 15:35:33;4057.47;;;-53.9
2025.11.18 09:40:15;Sell;0.01;XAUUSD.f;4006.87;0.01;2025.11.18 15:35:25;4057.53;;;-50.66
2025.11.18 09:41:07;Sell;0.01;XAUUSD.f;4013.32;0.01;2025.11.18 15:35:25;4057.52;;;-44.2
2025.11.18 09:48:30;Sell;0.01;XAUUSD.f;4016.45;0.01;2025.11.18 15:35:21;4056.93;;;-40.48
2025.11.18 09:48:32;Sell;0.01;XAUUSD.f;4016.4;0.01;2025.11.18 15:35:21;4056.96;;;-40.56
2025.11.18 10:06:09;Sell;0.01;XAUUSD.f;4021.77;0.01;2025.11.18 15:35:15;4057.13;;;-35.36
2025.11.18 10:07:04;Sell;0.01;XAUUSD.f;4024.69;0.01;2025.11.18 15:35:15;4057.44;;;-32.75
2025.11.18 10:33:32;Sell;0.01;XAUUSD.f;4031.76;0.01;2025.11.18 15:35:14;4057.51;;;-25.75
2025.11.18 10:36:08;Sell;0.01;XAUUSD.f;4038.82;0.01;2025.11.18 15:35:14;4057.68;;;-18.86
2025.11.18 12:50:54;Sell;0.01;XAUUSD.f;4047.47;0.01;2025.11.18 15:35:14;4057.11;;;-9.64
2025.11.18 09:34:56;Sell;0.01;XAUUSD.f;4001.67;0.01;2025.11.18 09:36:09;4001.99;;;-0.32
2025.11.18 09:35:27;Sell;0.01;XAUUSD.f;4003.72;0.01;2025.11.18 09:36:09;4002.21;;;1.51
2025.11.18 09:30:52;Sell;0.01;XAUUSD.f;4001.77;0.01;2025.11.18 09:34:42;4001.31;;;0.46
2025.11.18 09:31:06;Sell;0.01;XAUUSD.f;4003.85;0.01;2025.11.18 09:34:42;4001.32;;;2.5300000000000002
2025.11.18 09:30:10;Sell;0.01;XAUUSD.f;4002.12;0.01;2025.11.18 09:30:32;4002.31;;;-0.19
2025.11.18 09:29:38;Sell;0.01;XAUUSD.f;4003.11;0.01;2025.11.18 09:30:03;4002.54;;;0.57
2025.11.18 09:28:29;Sell;0.01;XAUUSD.f;4004.84;0.01;2025.11.18 09:28:50;4004.15;;;0.69
2025.11.18 09:27:08;Sell;0.01;XAUUSD.f;4005.47;0.01;2025.11.18 09:27:23;4005.24;;;0.23
2025.11.18 09:26:39;Sell;0.01;XAUUSD.f;4006.33;0.01;2025.11.18 09:26:59;4005.31;;;1.02
2025.11.18 09:12:59;Sell;0.01;XAUUSD.f;4005.13;0.01;2025.11.18 09:22:28;4006.25;;;-1.12
2025.11.18 09:13:45;Sell;0.01;XAUUSD.f;4006.86;0.01;2025.11.18 09:22:27;4006.3;;;0.56
2025.11.18 09:15:09;Sell;0.01;XAUUSD.f;4009.17;0.01;2025.11.18 09:22:27;4006.28;;;2.89
2025.11.18 08:18:35;Sell;0.01;XAUUSD.f;4011.92;0.01;2025.11.18 08:18:53;4011.35;;;0.57
2025.11.18 08:04:08;Sell;0.01;XAUUSD.f;4015.06;0.01;2025.11.18 08:06:23;4014.24;;;0.82
2025.11.18 07:58:26;Sell;0.01;XAUUSD.f;4015.99;0.01;2025.11.18 08:02:49;4017.27;;;-1.28
2025.11.18 07:58:55;Sell;0.01;XAUUSD.f;4018.18;0.01;2025.11.18 08:02:48;4017.28;;;0.9
2025.11.18 08:01:10;Sell;0.01;XAUUSD.f;4020.01;0.01;2025.11.18 08:02:48;4017.26;;;2.75
2025.11.18 05:01:24;Sell;0.01;XAUUSD.f;4015.48;0.01;2025.11.18 05:06:14;4015.75;;;-0.27
2025.11.18 05:01:57;Sell;0.01;XAUUSD.f;4017.8;0.01;2025.11.18 05:06:14;4015.74;;;2.06
2025.11.18 04:57:57;Sell;0.01;XAUUSD.f;4015.88;0.01;2025.11.18 05:00:23;4015.9;;;-0.02
2025.11.18 04:59:01;Sell;0.01;XAUUSD.f;4018.49;0.01;2025.11.18 05:00:22;4015.91;;;2.58
2025.11.18 04:01:27;Sell;0.01;XAUUSD.f;4019.63;0.01;2025.11.18 04:48:20;4026.24;;;-6.61
2025.11.18 04:01:43;Sell;0.01;XAUUSD.f;4021.45;0.01;2025.11.18 04:48:20;4026.2;;;-4.75
2025.11.18 04:06:41;Sell;0.01;XAUUSD.f;4027.8;0.01;2025.11.18 04:48:20;4026.2;;;1.6
2025.11.18 04:11:11;Sell;0.01;XAUUSD.f;4032.04;0.01;2025.11.18 04:48:20;4026.13;;;5.91
2025.11.18 04:34:44;Sell;0.01;XAUUSD.f;4034.54;0.01;2025.11.18 04:48:19;4026.2;;;8.34
2025.11.18 04:01:09;Sell;0.01;XAUUSD.f;4021.72;0.01;2025.11.18 04:01:22;4020.11;;;1.6099999999999999
2025.11.18 04:00:12;Sell;0.01;XAUUSD.f;4023.07;0.01;2025.11.18 04:01:05;4022.23;;;0.84
2025.11.18 03:58:46;Sell;0.01;XAUUSD.f;4025.65;0.01;2025.11.18 03:58:57;4024.45;;;1.2
2025.11.18 03:54:26;Sell;0.01;XAUUSD.f;4023.22;0.01;2025.11.18 03:56:03;4022.97;;;0.25
2025.11.18 03:53:58;Sell;0.01;XAUUSD.f;4025.88;0.01;2025.11.18 03:54:21;4024.62;;;1.26
2025.11.17 21:35:16;Sell;0.01;XAUUSD.f;4034.72;0.01;2025.11.17 21:47:18;4023.77;;;10.95
2025.11.17 21:35:24;Sell;0.01;XAUUSD.f;4031.47;0.01;2025.11.17 21:42:48;4019.45;;;12.02
2025.11.17 21:35:15;Sell;0.01;XAUUSD.f;4034.7;0.01;2025.11.17 21:42:47;4019.57;;;15.13
2025.11.17 15:20:57;Buy;0.01;XAUUSD.f;4087.27;0.01;2025.11.17 16:35:31;4076.31;;;-10.96
2025.11.17 15:21:38;Buy;0.01;XAUUSD.f;4084.87;0.01;2025.11.17 16:35:21;4078.38;;;-6.49
2025.11.17 15:23:41;Buy;0.01;XAUUSD.f;4082.2;0.01;2025.11.17 16:35:18;4078.32;;;-3.88
2025.11.17 15:24:43;Buy;0.01;XAUUSD.f;4078.32;0.01;2025.11.17 16:35:18;4078.56;;;0.24
2025.11.17 15:30:15;Buy;0.01;XAUUSD.f;4075.39;0.01;2025.11.17 16:35:17;4078.55;;;3.16
2025.11.17 15:36:29;Buy;0.01;XAUUSD.f;4071.26;0.01;2025.11.17 16:35:17;4078.56;;;7.3
2025.11.17 15:45:20;Buy;0.01;XAUUSD.f;4066.56;0.01;2025.11.17 16:35:17;4078.6;;;12.04
2025.11.17 15:50:43;Buy;0.01;XAUUSD.f;4062.93;0.01;2025.11.17 16:35:17;4078.44;;;15.51
2025.11.17 15:20:10;Buy;0.01;XAUUSD.f;4086.1;0.01;2025.11.17 15:20:48;4085.89;;;-0.21
2025.11.17 15:20:35;Buy;0.01;XAUUSD.f;4084.55;0.01;2025.11.17 15:20:48;4085.89;;;1.34
2025.11.17 15:19:52;Buy;0.01;XAUUSD.f;4085.3;0.01;2025.11.17 15:20:01;4086.45;;;1.15
2025.11.17 15:16:16;Buy;0.01;XAUUSD.f;4083.76;0.01;2025.11.17 15:19:40;4084.63;;;0.87
2025.11.17 15:13:31;Buy;0.01;XAUUSD.f;4085.11;0.01;2025.11.17 15:15:08;4083.92;;;-1.19
2025.11.17 15:13:52;Buy;0.01;XAUUSD.f;4082.32;0.01;2025.11.17 15:15:07;4083.92;;;1.6
2025.11.17 14:45:32;Buy;0.01;XAUUSD.f;4083.15;0.01;2025.11.17 14:55:23;4079.62;;;-3.5300000000000002
2025.11.17 14:47:48;Buy;0.01;XAUUSD.f;4081.26;0.01;2025.11.17 14:55:23;4079.58;;;-1.6800000000000002
2025.11.17 14:51:00;Buy;0.01;XAUUSD.f;4077.91;0.01;2025.11.17 14:55:23;4079.58;;;1.67
2025.11.17 14:52:47;Buy;0.01;XAUUSD.f;4075.31;0.01;2025.11.17 14:55:22;4079.6;;;4.29
2025.11.17 14:37:12;Buy;0.01;XAUUSD.f;4083.24;0.01;2025.11.17 14:45:23;4082.79;;;-0.45
2025.11.17 14:41:58;Buy;0.01;XAUUSD.f;4081.76;0.01;2025.11.17 14:45:22;4082.77;;;1.01
2025.11.17 14:19:19;Sell;0.01;XAUUSD.f;4079.56;0.01;2025.11.17 14:20:43;4077.6;;;1.96
2025.11.17 14:17:04;Sell;0.01;XAUUSD.f;4075.68;0.01;2025.11.17 14:20:42;4077.58;;;-1.9
2025.11.17 14:18:51;Sell;0.01;XAUUSD.f;4077.54;0.01;2025.11.17 14:20:41;4077.35;;;0.19
2025.11.17 14:16:08;Sell;0.01;XAUUSD.f;4076.14;0.01;2025.11.17 14:16:57;4075.68;;;0.46
2025.11.17 13:03:35;Sell;0.01;XAUUSD.f;4061.51;0.01;2025.11.17 13:13:36;4067.69;;;-6.18
2025.11.17 13:04:19;Sell;0.01;XAUUSD.f;4064.19;0.01;2025.11.17 13:13:36;4067.69;;;-3.5
2025.11.17 13:07:25;Sell;0.01;XAUUSD.f;4067.89;0.01;2025.11.17 13:13:35;4067.61;;;0.28
2025.11.17 13:08:42;Sell;0.01;XAUUSD.f;4070.2;0.01;2025.11.17 13:13:35;4067.59;;;2.61
2025.11.17 13:09:52;Sell;0.01;XAUUSD.f;4073.01;0.01;2025.11.17 13:13:34;4067.55;;;5.46
2025.11.17 13:03:02;Sell;0.01;XAUUSD.f;4062.86;0.01;2025.11.17 13:03:31;4061.58;;;1.28
2025.11.17 13:02:45;Sell;0.01;XAUUSD.f;4064.42;0.01;2025.11.17 13:02:55;4063.78;;;0.64
2025.11.17 13:02:28;Sell;0.01;XAUUSD.f;4065.26;0.01;2025.11.17 13:02:41;4064.72;;;0.54
2025.11.17 13:01:15;Sell;0.01;XAUUSD.f;4065.85;0.01;2025.11.17 13:02:13;4065.81;;;0.04
2025.11.17 13:01:59;Sell;0.01;XAUUSD.f;4067.61;0.01;2025.11.17 13:02:12;4066.19;;;1.42
2025.11.17 13:00:27;Sell;0.01;XAUUSD.f;4065.56;0.01;2025.11.17 13:01:05;4064.84;;;0.72
2025.11.17 12:54:34;Sell;0.01;XAUUSD.f;4068.65;0.01;2025.11.17 12:58:32;4069.36;;;-0.71
2025.11.17 12:55:08;Sell;0.01;XAUUSD.f;4070.27;0.01;2025.11.17 12:58:32;4069.34;;;0.93
2025.11.17 12:56:32;Sell;0.01;XAUUSD.f;4072.49;0.01;2025.11.17 12:58:32;4069.34;;;3.15
2025.11.17 12:54:09;Sell;0.01;XAUUSD.f;4070.1;0.01;2025.11.17 12:54:30;4069.34;;;0.76
2025.11.17 12:53:50;Sell;0.01;XAUUSD.f;4071.13;0.01;2025.11.17 12:54:03;4070.68;;;0.45
2025.11.17 03:25:37;Buy;0.01;XAUUSD.f;4094.61;0.01;2025.11.17 03:27:38;4094.12;;;-0.49
2025.11.17 03:26:17;Buy;0.01;XAUUSD.f;4092.75;0.01;2025.11.17 03:27:37;4094.12;;;1.37
2025.11.17 03:25:11;Buy;0.01;XAUUSD.f;4092.79;0.01;2025.11.17 03:25:31;4093.6;;;0.81
2025.11.17 02:52:01;Buy;0.01;XAUUSD.f;4090.06;0.01;2025.11.17 03:00:58;4087.42;;;-2.64
2025.11.17 02:54:14;Buy;0.01;XAUUSD.f;4088.08;0.01;2025.11.17 03:00:58;4087.43;;;-0.65
2025.11.17 02:55:23;Buy;0.01;XAUUSD.f;4085.47;0.01;2025.11.17 03:00:56;4087.16;;;1.69
2025.11.17 02:59:35;Buy;0.01;XAUUSD.f;4082.23;0.01;2025.11.17 03:00:56;4087.04;;;4.8100000000000005
2025.11.17 02:51:37;Buy;0.01;XAUUSD.f;4089.65;0.01;2025.11.17 02:51:49;4090.52;;;0.87
2025.11.17 02:50:03;Buy;0.01;XAUUSD.f;4091.29;0.01;2025.11.17 02:51:20;4090.72;;;-0.57
2025.11.17 02:50:39;Buy;0.01;XAUUSD.f;4089.47;0.01;2025.11.17 02:51:20;4090.53;;;1.06
2025.11.17 02:49:20;Buy;0.01;XAUUSD.f;4089.96;0.01;2025.11.17 02:49:53;4090.71;;;0.75
2025.11.14 16:34:11;Sell;0.01;XAUUSD.f;4032.89;0.01;2025.11.14 16:34:14;4034.13;;;-1.24
2025.11.14 16:33:22;Sell;0.01;XAUUSD.f;4037.55;0.01;2025.11.14 16:34:00;4034.47;;;3.08
2025.11.14 16:33:32;Sell;0.01;XAUUSD.f;4036;0.01;2025.11.14 16:33:44;4036.32;;;-0.32
2025.11.14 16:03:32;Sell;0.01;XAUUSD.f;4043.17;0.01;2025.11.14 16:33:06;4039.03;;;4.14
2025.11.14 16:04:56;Sell;0.01;XAUUSD.f;4048.03;0.01;2025.11.14 16:33:05;4039.61;;;8.42
2025.11.14 16:06:31;Sell;0.01;XAUUSD.f;4052.68;0.01;2025.11.14 16:33:03;4040.01;;;12.67
2025.11.14 16:21:03;Sell;0.01;XAUUSD.f;4055.65;0.01;2025.11.14 16:33:03;4039.54;;;16.11
2025.11.14 16:23:18;Sell;0.01;XAUUSD.f;4060.05;0.01;2025.11.14 16:33:03;4039.78;;;20.27
2025.11.14 16:02:28;Sell;0.01;XAUUSD.f;4039.59;0.01;2025.11.14 16:33:03;4039.6;;;-0.01
2025.11.14 16:02:35;Sell;0.01;XAUUSD.f;4041.1;0.01;2025.11.14 16:33:02;4039.65;;;1.45
2025.11.14 16:02:16;Sell;0.01;XAUUSD.f;4038.26;0.01;2025.11.14 16:02:19;4038.74;;;-0.48
2025.11.14 16:02:00;Sell;0.01;XAUUSD.f;4043.9;0.01;2025.11.14 16:02:09;4040.35;;;3.55
2025.11.14 16:01:26;Sell;0.01;XAUUSD.f;4044.87;0.01;2025.11.14 16:01:50;4044.17;;;0.7
2025.11.14 16:01:36;Sell;0.01;XAUUSD.f;4046.95;0.01;2025.11.14 16:01:50;4044.19;;;2.76
2025.11.14 16:01:06;Sell;0.01;XAUUSD.f;4045.96;0.01;2025.11.14 16:01:20;4044.19;;;1.77
2025.11.14 16:00:55;Sell;0.01;XAUUSD.f;4047.68;0.01;2025.11.14 16:01:02;4047.01;;;0.67
2025.11.14 16:00:21;Sell;0.01;XAUUSD.f;4053.43;0.01;2025.11.14 16:00:46;4050.74;;;2.69
2025.11.14 16:00:33;Sell;0.01;XAUUSD.f;4053.75;0.01;2025.11.14 16:00:46;4050.69;;;3.06
2025.11.14 08:20:48;Buy;0.01;XAUUSD.f;4180.23;0.01;2025.11.14 09:22:29;4163.83;;;-16.4
2025.11.14 08:28:50;Buy;0.01;XAUUSD.f;4174.61;0.01;2025.11.14 09:22:29;4163.88;;;-10.73
2025.11.14 07:00:30;Buy;0.01;XAUUSD.f;4203.25;0.01;2025.11.14 09:22:29;4163.7;;;-39.55
2025.11.14 07:01:26;Buy;0.01;XAUUSD.f;4201.06;0.01;2025.11.14 09:22:29;4163.72;;;-37.34
2025.11.14 07:02:25;Buy;0.01;XAUUSD.f;4199.33;0.01;2025.11.14 09:22:28;4163.73;;;-35.6
2025.11.14 07:09:29;Buy;0.01;XAUUSD.f;4195.14;0.01;2025.11.14 09:22:28;4163.75;;;-31.39
2025.11.14 07:13:32;Buy;0.01;XAUUSD.f;4189.83;0.01;2025.11.14 09:22:28;4163.72;;;-26.11
2025.11.14 08:16:25;Buy;0.01;XAUUSD.f;4185.89;0.01;2025.11.14 09:22:28;4163.76;;;-22.13
2025.11.14 04:58:15;Buy;0.01;XAUUSD.f;4209.47;0.01;2025.11.14 05:03:06;4208.26;;;-1.21
2025.11.14 04:59:53;Buy;0.01;XAUUSD.f;4207.37;0.01;2025.11.14 05:03:06;4208.17;;;0.8
2025.11.14 05:01:32;Buy;0.01;XAUUSD.f;4205.09;0.01;2025.11.14 05:03:06;4208.1;;;3.01
2025.11.14 04:51:00;Buy;0.01;XAUUSD.f;4209.08;0.01;2025.11.14 04:57:29;4208.72;;;-0.36
2025.11.14 04:55:05;Buy;0.01;XAUUSD.f;4206.69;0.01;2025.11.14 04:57:28;4208.71;;;2.02
2025.11.14 04:50:39;Buy;0.01;XAUUSD.f;4207.89;0.01;2025.11.14 04:50:56;4208.88;;;0.99
2025.11.14 04:49:59;Buy;0.01;XAUUSD.f;4205.67;0.01;2025.11.14 04:50:34;4206.88;;;1.21
2025.11.14 04:33:33;Buy;0.01;XAUUSD.f;4204.27;0.01;2025.11.14 04:49:53;4205.36;;;1.09
2025.11.14 04:32:30;Buy;0.01;XAUUSD.f;4203.36;0.01;2025.11.14 04:33:21;4203.9;;;0.54
2025.11.13 10:35:06;Buy;0.01;XAUUSD.f;4237.08;0.01;2025.11.13 10:42:07;4236.82;;;-0.26
2025.11.13 10:38:38;Buy;0.01;XAUUSD.f;4235.09;0.01;2025.11.13 10:42:07;4236.77;;;1.6800000000000002
2025.11.13 10:30:38;Buy;0.01;XAUUSD.f;4238.45;0.01;2025.11.13 10:33:54;4237.48;;;-0.97
2025.11.13 10:32:50;Buy;0.01;XAUUSD.f;4236.14;0.01;2025.11.13 10:33:54;4237.48;;;1.34
2025.11.13 10:23:28;Buy;0.01;XAUUSD.f;4236.87;0.01;2025.11.13 10:30:30;4237.74;;;0.87
2025.11.13 10:22:54;Buy;0.01;XAUUSD.f;4235.04;0.01;2025.11.13 10:23:17;4236.26;;;1.22
2025.11.13 10:18:33;Buy;0.01;XAUUSD.f;4233.51;0.01;2025.11.13 10:22:45;4234.82;;;1.31
2025.11.13 10:16:43;Buy;0.01;XAUUSD.f;4233.84;0.01;2025.11.13 10:18:11;4233.5;;;-0.34
2025.11.13 10:17:38;Buy;0.01;XAUUSD.f;4231.64;0.01;2025.11.13 10:18:10;4233.67;;;2.03
2025.11.13 10:15:42;Buy;0.01;XAUUSD.f;4231.7;0.01;2025.11.13 10:15:51;4233.67;;;1.97
2025.11.13 10:14:49;Buy;0.01;XAUUSD.f;4230;0.01;2025.11.13 10:15:31;4230.48;;;0.48
2025.11.13 10:09:58;Buy;0.01;XAUUSD.f;4229.57;0.01;2025.11.13 10:14:34;4229.31;;;-0.26
2025.11.13 10:12:26;Buy;0.01;XAUUSD.f;4227.56;0.01;2025.11.13 10:14:34;4229.31;;;1.75
2025.11.13 10:08:37;Buy;0.01;XAUUSD.f;4228.27;0.01;2025.11.13 10:09:48;4229.2;;;0.93
2025.11.13 10:07:32;Buy;0.01;XAUUSD.f;4226.94;0.01;2025.11.13 10:08:30;4228.22;;;1.28
2025.11.13 10:06:01;Buy;0.01;XAUUSD.f;4226.1;0.01;2025.11.13 10:07:24;4226.76;;;0.66
2025.11.13 10:03:23;Buy;0.01;XAUUSD.f;4225.77;0.01;2025.11.13 10:05:35;4225.68;;;-0.09
2025.11.13 10:05:05;Buy;0.01;XAUUSD.f;4223.51;0.01;2025.11.13 10:05:35;4225.68;;;2.17
2025.11.13 10:02:39;Buy;0.01;XAUUSD.f;4223.42;0.01;2025.11.13 10:03:12;4224.52;;;1.1
2025.11.13 03:46:04;Balance;;;;;;;;;-254.45
2025.11.12 22:00:01;Buy;0.01;XAUUSD.f;4197.17;0.01;2025.11.12 22:05:02;4197.03;;;-0.14
2025.11.12 22:02:01;Buy;0.01;XAUUSD.f;4195.82;0.01;2025.11.12 22:05:01;4197.2;;;1.38
2025.11.12 22:00:00;Buy;0.01;XAUUSD.f;4197.68;0.01;2025.11.12 22:05:01;4197.21;;;-0.47
2025.11.12 22:02:00;Buy;0.01;XAUUSD.f;4195.79;0.01;2025.11.12 22:05:00;4197.44;;;1.65
2025.11.12 19:45:01;Buy;0.01;XAUUSD.f;4202.92;0.01;2025.11.12 19:48:01;4203.16;;;0.24
2025.11.12 19:45:00;Buy;0.01;XAUUSD.f;4202.77;0.01;2025.11.12 19:48:00;4203.32;;;0.55
2025.11.12 19:30:01;Buy;0.01;XAUUSD.f;4196.78;0.01;2025.11.12 19:31:01;4197.89;;;1.11
2025.11.12 19:30:00;Buy;0.01;XAUUSD.f;4196.45;0.01;2025.11.12 19:31:00;4197.91;;;1.46
2025.11.12 19:15:01;Buy;0.01;XAUUSD.f;4199.35;0.01;2025.11.12 19:25:04;4197.89;;;-1.46
2025.11.12 19:15:00;Buy;0.01;XAUUSD.f;4199.12;0.01;2025.11.12 19:25:01;4197.92;;;-1.2
2025.11.12 19:18:01;Buy;0.01;XAUUSD.f;4196.41;0.01;2025.11.12 19:25:01;4197.99;;;1.58
2025.11.12 19:19:00;Buy;0.01;XAUUSD.f;4193.99;0.01;2025.11.12 19:25:00;4198.01;;;4.02
2025.11.12 19:19:01;Buy;0.01;XAUUSD.f;4194.14;0.01;2025.11.12 19:25:00;4198.11;;;3.9699999999999998
2025.11.12 19:18:00;Buy;0.01;XAUUSD.f;4196.6;0.01;2025.11.12 19:25:00;4197.99;;;1.3900000000000001
2025.11.12 19:00:01;Buy;0.01;XAUUSD.f;4196.73;0.01;2025.11.12 19:01:01;4199;;;2.27
2025.11.12 19:00:00;Buy;0.01;XAUUSD.f;4196.85;0.01;2025.11.12 19:01:00;4199.05;;;2.2
2025.11.12 17:10:20;Buy;0.01;XAUUSD.f;4148.94;0.01;2025.11.12 17:17:36;4172.17;;;23.23
2025.11.10 03:22:46;Buy;0.01;XAUUSD.f;4045.29;0.01;2025.11.12 17:16:18;4166.94;;-1.16;121.65
2025.11.12 17:10:10;Buy;0.01;XAUUSD.f;4147.5;0.01;2025.11.12 17:13:51;4161.41;;;13.91
2025.11.12 17:10:10;Buy;0.01;XAUUSD.f;4147.62;0.01;2025.11.12 17:13:43;4160.74;;;13.12
2025.11.12 14:42:16;Buy;0.01;XAUUSD.f;4135.3;0.01;2025.11.12 14:46:29;4136.03;;;0.73
2025.11.12 09:11:17;Buy;0.01;XAUUSD.f;4125.27;0.01;2025.11.12 10:18:28;4121.23;;;-4.04
2025.11.12 09:19:45;Buy;0.01;XAUUSD.f;4123.18;0.01;2025.11.12 10:18:26;4121.35;;;-1.83
2025.11.12 09:32:20;Buy;0.01;XAUUSD.f;4120.87;0.01;2025.11.12 10:18:26;4121.35;;;0.48
2025.11.12 09:37:11;Buy;0.01;XAUUSD.f;4118.09;0.01;2025.11.12 10:18:26;4121.42;;;3.33
2025.11.12 09:42:41;Buy;0.01;XAUUSD.f;4115.13;0.01;2025.11.12 10:18:26;4121.42;;;6.29
2025.11.12 09:05:53;Buy;0.01;XAUUSD.f;4121.06;0.01;2025.11.12 09:09:08;4121.96;;;0.9
2025.11.12 08:55:56;Buy;0.01;XAUUSD.f;4118.26;0.01;2025.11.12 09:04:56;4117.99;;;-0.27
2025.11.12 09:03:15;Buy;0.01;XAUUSD.f;4116.25;0.01;2025.11.12 09:04:56;4117.99;;;1.74
2025.11.12 08:45:02;Buy;0.01;XAUUSD.f;4117.17;0.01;2025.11.12 08:54:31;4116.64;;;-0.53
2025.11.12 08:47:04;Buy;0.01;XAUUSD.f;4114.53;0.01;2025.11.12 08:54:31;4116.56;;;2.03
2025.11.12 08:39:09;Buy;0.01;XAUUSD.f;4118.59;0.01;2025.11.12 08:44:12;4118.1;;;-0.49
2025.11.12 08:40:41;Buy;0.01;XAUUSD.f;4116.57;0.01;2025.11.12 08:44:12;4118.1;;;1.53
2025.11.12 08:37:05;Buy;0.01;XAUUSD.f;4117.19;0.01;2025.11.12 08:38:57;4117.98;;;0.79
2025.11.12 08:35:22;Buy;0.01;XAUUSD.f;4116.85;0.01;2025.11.12 08:36:51;4117.43;;;0.58
2025.11.12 05:06:01;Sell;0.01;XAUUSD.f;4117.79;0.01;2025.11.12 05:30:16;4119.73;;;-1.94
2025.11.12 05:07:05;Sell;0.01;XAUUSD.f;4119.58;0.01;2025.11.12 05:30:16;4119.72;;;-0.14
2025.11.12 05:08:52;Sell;0.01;XAUUSD.f;4121.81;0.01;2025.11.12 05:30:16;4119.77;;;2.04
2025.11.12 05:05:11;Sell;0.01;XAUUSD.f;4119.52;0.01;2025.11.12 05:05:56;4118.19;;;1.33
2025.11.12 05:04:43;Sell;0.01;XAUUSD.f;4120.81;0.01;2025.11.12 05:04:58;4120.36;;;0.45
2025.11.12 04:55:12;Sell;0.01;XAUUSD.f;4121.32;0.01;2025.11.12 05:03:34;4121.29;;;0.03
2025.11.12 04:59:19;Sell;0.01;XAUUSD.f;4123.21;0.01;2025.11.12 05:03:33;4121.15;;;2.06
2025.11.12 01:26:00;Buy;0.01;XAUUSD.f;4139.05;0.01;2025.11.12 01:33:59;4139.43;;;0.38
2025.11.12 01:27:58;Buy;0.01;XAUUSD.f;4137.79;0.01;2025.11.12 01:33:59;4139.42;;;1.63
2025.11.11 23:33:00;Buy;0.01;XAUUSD.f;4127.1;0.01;2025.11.12 01:05:01;4130.43;;-0.58;3.33
2025.11.11 23:33:00;Buy;0.01;XAUUSD.f;4127.09;0.01;2025.11.12 01:05:01;4130.41;;-0.58;3.32
2025.11.11 23:24:01;Buy;0.01;XAUUSD.f;4129.66;0.01;2025.11.12 01:05:00;4130.68;;-0.58;1.02
2025.11.11 23:24:00;Buy;0.01;XAUUSD.f;4129.77;0.01;2025.11.12 01:05:00;4130.68;;-0.58;0.91
2025.11.11 23:18:01;Buy;0.01;XAUUSD.f;4130.4;0.01;2025.11.11 23:19:01;4131.18;;;0.78
2025.11.11 23:18:00;Buy;0.01;XAUUSD.f;4130.41;0.01;2025.11.11 23:19:00;4131.11;;;0.7
2025.11.11 23:12:00;Buy;0.01;XAUUSD.f;4130.01;0.01;2025.11.11 23:16:00;4131.14;;;1.13
2025.11.11 23:12:01;Buy;0.01;XAUUSD.f;4130;0.01;2025.11.11 23:15:00;4130.42;;;0.42
2025.11.11 23:06:00;Buy;0.01;XAUUSD.f;4128.77;0.01;2025.11.11 23:08:01;4129.41;;;0.64
2025.11.11 23:06:00;Buy;0.01;XAUUSD.f;4128.74;0.01;2025.11.11 23:08:00;4129.35;;;0.61
2025.11.11 23:00:02;Buy;0.01;XAUUSD.f;4129.62;0.01;2025.11.11 23:03:00;4130.18;;;0.56
2025.11.11 23:00:00;Buy;0.01;XAUUSD.f;4129.69;0.01;2025.11.11 23:03:00;4130.25;;;0.56
2025.11.11 22:54:01;Buy;0.01;XAUUSD.f;4130.86;0.01;2025.11.11 22:55:01;4131.18;;;0.32
2025.11.11 22:54:00;Buy;0.01;XAUUSD.f;4130.82;0.01;2025.11.11 22:55:00;4131.54;;;0.72
2025.11.11 22:48:01;Buy;0.01;XAUUSD.f;4129.32;0.01;2025.11.11 22:49:01;4129.99;;;0.67
2025.11.11 22:48:00;Buy;0.01;XAUUSD.f;4129.3;0.01;2025.11.11 22:49:00;4130.01;;;0.71
2025.11.11 06:03:58;Buy;0.01;XAUUSD.f;4149.05;0.01;2025.11.11 11:11:40;4143.33;;;-5.72
2025.11.11 06:06:31;Buy;0.01;XAUUSD.f;4146.1;0.01;2025.11.11 11:11:39;4143.24;;;-2.86
2025.11.11 06:10:43;Buy;0.01;XAUUSD.f;4143.61;0.01;2025.11.11 11:11:38;4143.24;;;-0.37
2025.11.11 07:04:49;Buy;0.01;XAUUSD.f;4139.71;0.01;2025.11.11 11:11:38;4143.24;;;3.5300000000000002
2025.11.11 07:24:25;Buy;0.01;XAUUSD.f;4135.65;0.01;2025.11.11 11:11:38;4143.24;;;7.59
2025.11.11 07:34:15;Buy;0.01;XAUUSD.f;4133.83;0.01;2025.11.11 11:11:38;4143.25;;;9.42
2025.11.11 07:35:37;Buy;0.01;XAUUSD.f;4129.45;0.01;2025.11.11 11:11:37;4143.24;;;13.79
2025.11.11 05:35:09;Buy;0.01;XAUUSD.f;4147.97;0.01;2025.11.11 06:01:27;4147.37;;;-0.6
2025.11.11 05:40:48;Buy;0.01;XAUUSD.f;4145.86;0.01;2025.11.11 06:01:27;4147.39;;;1.53
2025.11.11 05:24:03;Buy;0.01;XAUUSD.f;4144.93;0.01;2025.11.11 05:32:03;4145.49;;;0.56
2025.11.11 05:16:29;Buy;0.01;XAUUSD.f;4145.58;0.01;2025.11.11 05:19:53;4145.35;;;-0.23
2025.11.11 05:18:05;Buy;0.01;XAUUSD.f;4143.39;0.01;2025.11.11 05:19:53;4145.36;;;1.97
2025.11.11 05:15:13;Buy;0.01;XAUUSD.f;4143.85;0.01;2025.11.11 05:16:19;4145.01;;;1.16
2025.11.11 04:58:38;Buy;0.01;XAUUSD.f;4139.93;0.01;2025.11.11 05:08:25;4139.59;;;-0.34
2025.11.11 04:59:50;Buy;0.01;XAUUSD.f;4137.79;0.01;2025.11.11 05:08:25;4139.59;;;1.8
2025.11.11 04:56:26;Buy;0.01;XAUUSD.f;4136.82;0.01;2025.11.11 04:58:29;4139.31;;;2.49
2025.11.11 04:07:54;Balance;;;;;;;;;-129
2025.11.11 03:49:30;Buy;0.01;XAUUSD.f;4137.05;0.01;2025.11.11 03:58:11;4136.17;;;-0.88
2025.11.11 03:56:45;Buy;0.01;XAUUSD.f;4133.21;0.01;2025.11.11 03:58:11;4136.12;;;2.91
2025.11.11 03:47:01;Buy;0.01;XAUUSD.f;4133.87;0.01;2025.11.11 03:49:02;4135.66;;;1.79
2025.11.11 03:47:00;Buy;0.01;XAUUSD.f;4133.82;0.01;2025.11.11 03:49:00;4136.07;;;2.25
2025.11.11 03:45:02;Buy;0.01;XAUUSD.f;4135.91;0.01;2025.11.11 03:49:00;4136.07;;;0.16
2025.11.11 03:45:02;Buy;0.01;XAUUSD.f;4135.98;0.01;2025.11.11 03:49:00;4136.03;;;0.05
2025.11.11 03:34:56;Buy;0.01;XAUUSD.f;4141.3;0.01;2025.11.11 03:42:22;4140.77;;;-0.53
2025.11.11 03:35:21;Buy;0.01;XAUUSD.f;4139.74;0.01;2025.11.11 03:42:21;4140.77;;;1.03
2025.11.11 03:38:55;Buy;0.01;XAUUSD.f;4137.62;0.01;2025.11.11 03:42:21;4140.76;;;3.14
2025.11.11 03:34:13;Buy;0.01;XAUUSD.f;4138.93;0.01;2025.11.11 03:34:44;4140.46;;;1.53
2025.11.11 03:30:02;Buy;0.01;XAUUSD.f;4137.87;0.01;2025.11.11 03:31:01;4138.17;;;0.3
2025.11.11 03:30:00;Buy;0.01;XAUUSD.f;4137.67;0.01;2025.11.11 03:31:00;4138.21;;;0.54
2025.11.11 03:15:01;Buy;0.01;XAUUSD.f;4132.65;0.01;2025.11.11 03:16:01;4135.98;;;3.33
2025.11.11 03:15:00;Buy;0.01;XAUUSD.f;4132.62;0.01;2025.11.11 03:16:00;4136.13;;;3.51
2025.11.11 03:00:03;Buy;0.01;XAUUSD.f;4131.37;0.01;2025.11.11 03:02:01;4133.36;;;1.99
2025.11.11 03:00:02;Buy;0.01;XAUUSD.f;4131.56;0.01;2025.11.11 03:02:00;4133.3;;;1.74
2025.11.11 02:51:57;Buy;0.01;XAUUSD.f;4132.56;0.01;2025.11.11 03:01:50;4133.05;;;0.49
2025.11.11 03:01:10;Buy;0.01;XAUUSD.f;4129.87;0.01;2025.11.11 03:01:43;4132.63;;;2.76
2025.11.11 02:50:42;Buy;0.01;XAUUSD.f;4131.29;0.01;2025.11.11 02:51:51;4132.35;;;1.06
2025.11.11 02:45:48;Buy;0.01;XAUUSD.f;4129.13;0.01;2025.11.11 02:50:28;4131.18;;;2.05
2025.11.11 02:45:10;Buy;0.01;XAUUSD.f;4127.96;0.01;2025.11.11 02:45:38;4129.02;;;1.06
2025.11.11 02:37:40;Buy;0.01;XAUUSD.f;4127.66;0.01;2025.11.11 02:44:54;4129.1;;;1.44
2025.11.10 11:41:58;Buy;0.01;XAUUSD.f;4084.13;0.01;2025.11.10 13:42:56;4082.47;;;-1.6600000000000001
2025.11.10 11:42:49;Buy;0.01;XAUUSD.f;4082.12;0.01;2025.11.10 13:42:55;4082.47;;;0.35
2025.11.10 11:53:15;Buy;0.01;XAUUSD.f;4079.93;0.01;2025.11.10 13:42:55;4082.48;;;2.55
2025.11.10 11:06:34;Buy;0.01;XAUUSD.f;4080.41;0.01;2025.11.10 11:20:12;4078.78;;;-1.63
2025.11.10 11:11:10;Buy;0.01;XAUUSD.f;4078.07;0.01;2025.11.10 11:20:12;4078.79;;;0.72
2025.11.10 11:13:49;Buy;0.01;XAUUSD.f;4075.62;0.01;2025.11.10 11:20:11;4078.79;;;3.17
2025.11.10 11:05:57;Buy;0.01;XAUUSD.f;4079.56;0.01;2025.11.10 11:06:19;4080.14;;;0.58
2025.11.10 09:34:49;Buy;0.01;XAUUSD.f;4077.16;0.01;2025.11.10 09:35:14;4077.6;;;0.44
2025.11.10 09:30:37;Buy;0.01;XAUUSD.f;4076.85;0.01;2025.11.10 09:31:51;4077.69;;;0.84
2025.11.10 09:28:49;Buy;0.01;XAUUSD.f;4075.65;0.01;2025.11.10 09:30:21;4076.6;;;0.95
2025.11.10 09:26:49;Buy;0.01;XAUUSD.f;4074.61;0.01;2025.11.10 09:28:08;4076.12;;;1.51
2025.11.10 09:22:08;Buy;0.01;XAUUSD.f;4073.75;0.01;2025.11.10 09:25:30;4074.89;;;1.1400000000000001
2025.11.10 07:40:24;Buy;0.01;XAUUSD.f;4062.65;0.01;2025.11.10 08:41:47;4075.41;;;12.76
2025.11.10 07:35:17;Buy;0.01;XAUUSD.f;4059.68;0.01;2025.11.10 07:37:55;4060.91;;;1.23
2025.11.10 06:26:58;Buy;0.01;XAUUSD.f;4054.56;0.01;2025.11.10 06:51:21;4054.17;;;-0.39
2025.11.10 06:46:19;Buy;0.01;XAUUSD.f;4051.02;0.01;2025.11.10 06:51:20;4054.18;;;3.16
2025.11.10 06:09:24;Buy;0.01;XAUUSD.f;4055.16;0.01;2025.11.10 06:25:26;4056.07;;;0.91
2025.11.10 05:19:41;Buy;0.01;XAUUSD.f;4046.54;0.01;2025.11.10 05:48:35;4049.09;;;2.55
2025.11.10 04:47:06;Buy;0.01;XAUUSD.f;4045.38;0.01;2025.11.10 05:17:17;4045.23;;;-0.15
2025.11.10 03:22:28;Buy;0.01;XAUUSD.f;4044.81;0.01;2025.11.10 03:52:50;4046.02;;;1.21
2025.11.10 03:23:44;Buy;0.01;XAUUSD.f;4046.19;0.01;2025.11.10 03:52:50;4046.56;;;0.37
2025.11.10 03:45:03;Buy;0.01;XAUUSD.f;4051.09;0.01;2025.11.10 03:48:02;4051.82;;;0.73
2025.11.10 03:45:00;Buy;0.01;XAUUSD.f;4051.14;0.01;2025.11.10 03:48:00;4051.67;;;0.53
2025.11.10 03:30:04;Buy;0.01;XAUUSD.f;4048.89;0.01;2025.11.10 03:32:01;4049.01;;;0.12
2025.11.10 03:31:00;Buy;0.01;XAUUSD.f;4046.16;0.01;2025.11.10 03:32:01;4049.01;;;2.85
2025.11.10 03:31:00;Buy;0.01;XAUUSD.f;4045.94;0.01;2025.11.10 03:32:00;4049.01;;;3.07
2025.11.10 03:30:00;Buy;0.01;XAUUSD.f;4048.17;0.01;2025.11.10 03:32:00;4048.98;;;0.81
2025.11.07 18:34:59;Buy;0.01;XAUUSD.f;4018.1;0.01;2025.11.07 18:42:52;4019.19;;;1.09
2025.11.07 18:34:59;Buy;0.01;XAUUSD.f;4018.1;0.01;2025.11.07 18:42:51;4019.4;;;1.3
2025.11.07 18:35:35;Buy;0.01;XAUUSD.f;4020.19;0.01;2025.11.07 18:36:00;4018.29;;;-1.9
2025.11.07 10:21:03;Buy;0.01;XAUUSD.f;4006.84;0.01;2025.11.07 10:33:11;4006.63;;;-0.21
2025.11.07 10:24:20;Buy;0.01;XAUUSD.f;4005.09;0.01;2025.11.07 10:33:11;4006.63;;;1.54
2025.11.07 09:14:08;Buy;0.01;XAUUSD.f;4010.01;0.01;2025.11.07 09:20:20;4009.1;;;-0.91
2025.11.07 09:15:05;Buy;0.01;XAUUSD.f;4008.17;0.01;2025.11.07 09:20:19;4009.03;;;0.86
2025.11.07 09:11:02;Buy;0.01;XAUUSD.f;4007.82;0.01;2025.11.07 09:13:19;4008.48;;;0.66
2025.11.07 09:07:07;Buy;0.01;XAUUSD.f;4006.41;0.01;2025.11.07 09:08:50;4007.78;;;1.37
2025.11.07 08:51:12;Buy;0.01;XAUUSD.f;4005.75;0.01;2025.11.07 08:51:44;4006.95;;;1.2
2025.11.07 08:49:08;Buy;0.01;XAUUSD.f;4004.28;0.01;2025.11.07 08:50:26;4005.32;;;1.04
2025.11.07 08:35:27;Buy;0.01;XAUUSD.f;4003.23;0.01;2025.11.07 08:48:45;4003.08;;;-0.15
2025.11.07 08:36:07;Buy;0.01;XAUUSD.f;4001.4;0.01;2025.11.07 08:48:44;4003.08;;;1.6800000000000002
2025.11.07 08:33:48;Buy;0.01;XAUUSD.f;4001.79;0.01;2025.11.07 08:35:19;4003.04;;;1.25
2025.11.07 08:32:57;Buy;0.01;XAUUSD.f;4000.74;0.01;2025.11.07 08:33:37;4001.46;;;0.72
2025.11.07 08:31:39;Buy;0.01;XAUUSD.f;3997.97;0.01;2025.11.07 08:32:17;3998.94;;;0.97
2025.11.07 08:30:39;Buy;0.01;XAUUSD.f;3996.97;0.01;2025.11.07 08:31:20;3998.32;;;1.35
2025.11.07 08:28:54;Buy;0.01;XAUUSD.f;3997.53;0.01;2025.11.07 08:30:14;3998.04;;;0.51
2025.11.07 08:24:08;Buy;0.01;XAUUSD.f;3999.43;0.01;2025.11.07 08:27:41;3998.57;;;-0.86
2025.11.07 08:25:25;Buy;0.01;XAUUSD.f;3997.21;0.01;2025.11.07 08:27:41;3998.82;;;1.6099999999999999
2025.11.07 08:20:20;Buy;0.01;XAUUSD.f;3996.56;0.01;2025.11.07 08:23:57;3999.14;;;2.58
2025.11.07 07:42:58;Buy;0.01;XAUUSD.f;3997.55;0.01;2025.11.07 08:09:01;3996.33;;;-1.22
2025.11.07 07:59:02;Buy;0.01;XAUUSD.f;3995.18;0.01;2025.11.07 08:09:01;3996.43;;;1.25
2025.11.07 08:03:57;Buy;0.01;XAUUSD.f;3993.66;0.01;2025.11.07 08:09:01;3996.43;;;2.77
2025.11.07 06:23:29;Buy;0.01;XAUUSD.f;3996.7;0.01;2025.11.07 07:09:16;3998.08;;;1.38
2025.11.07 07:03:10;Buy;0.01;XAUUSD.f;3997.71;0.01;2025.11.07 07:09:10;3998.14;;;0.43
2025.11.07 06:10:37;Buy;0.01;XAUUSD.f;3992.78;0.01;2025.11.07 06:19:54;3994.62;;;1.8399999999999999
2025.11.07 06:07:51;Buy;0.01;XAUUSD.f;3992.32;0.01;2025.11.07 06:09:44;3992.13;;;-0.19
2025.11.07 06:08:21;Buy;0.01;XAUUSD.f;3990.69;0.01;2025.11.07 06:09:44;3992.12;;;1.43
2025.11.07 06:05:14;Buy;0.01;XAUUSD.f;3990.64;0.01;2025.11.07 06:07:33;3991.73;;;1.09
2025.11.07 04:25:11;Buy;0.01;XAUUSD.f;3996.64;0.01;2025.11.07 04:52:04;3996.54;;;-0.1
2025.11.07 04:48:30;Buy;0.01;XAUUSD.f;3994.25;0.01;2025.11.07 04:52:04;3996.54;;;2.29
2025.11.07 03:30:00;Buy;0.01;XAUUSD.f;3997.68;0.01;2025.11.07 03:41:01;3999.77;;;2.09
2025.11.07 03:30:00;Buy;0.01;XAUUSD.f;3997.68;0.01;2025.11.07 03:41:00;3999.75;;;2.07
2025.11.06 14:06:30;Buy;0.01;XAUUSD.f;4016.65;0.01;2025.11.06 15:07:51;4011.72;;;-4.93
2025.11.06 14:09:10;Buy;0.01;XAUUSD.f;4014.57;0.01;2025.11.06 15:07:50;4011.72;;;-2.85
2025.11.06 14:22:18;Buy;0.01;XAUUSD.f;4011.77;0.01;2025.11.06 15:07:50;4011.72;;;-0.05
2025.11.06 14:38:55;Buy;0.01;XAUUSD.f;4008;0.01;2025.11.06 15:07:50;4011.72;;;3.7199999999999998
2025.11.06 14:53:33;Buy;0.01;XAUUSD.f;4005.17;0.01;2025.11.06 15:07:50;4011.72;;;6.55
2025.11.06 10:59:47;Buy;0.01;XAUUSD.f;4015.08;0.01;2025.11.06 11:15:17;4013.22;;;-1.8599999999999999
2025.11.06 11:03:57;Buy;0.01;XAUUSD.f;4013.05;0.01;2025.11.06 11:15:17;4013.29;;;0.24
2025.11.06 11:14:44;Buy;0.01;XAUUSD.f;4011.48;0.01;2025.11.06 11:15:16;4013.28;;;1.8
2025.11.06 10:49:17;Buy;0.01;XAUUSD.f;4012.13;0.01;2025.11.06 10:53:33;4013.03;;;0.9
2025.11.06 10:28:10;Buy;0.01;XAUUSD.f;4015.1;0.01;2025.11.06 10:28:27;4016.02;;;0.92
2025.11.06 10:17:50;Buy;0.01;XAUUSD.f;4013.66;0.01;2025.11.06 10:24:27;4012.72;;;-0.94
2025.11.06 10:20:03;Buy;0.01;XAUUSD.f;4011.31;0.01;2025.11.06 10:24:27;4012.76;;;1.45
2025.11.06 10:16:10;Buy;0.01;XAUUSD.f;4010.28;0.01;2025.11.06 10:17:40;4012.74;;;2.46
2025.11.06 10:06:08;Buy;0.01;XAUUSD.f;4008.17;0.01;2025.11.06 10:14:26;4008.74;;;0.57
2025.11.06 10:12:28;Buy;0.01;XAUUSD.f;4007.03;0.01;2025.11.06 10:14:25;4008.75;;;1.72
2025.11.06 09:52:26;Buy;0.01;XAUUSD.f;4006.27;0.01;2025.11.06 10:04:28;4008.41;;;2.14
2025.11.06 09:33:30;Buy;0.01;XAUUSD.f;4005.46;0.01;2025.11.06 09:40:55;4006.75;;;1.29
2025.11.06 09:07:42;Buy;0.01;XAUUSD.f;3997.72;0.01;2025.11.06 09:18:34;3999.18;;;1.46
2025.11.06 08:50:12;Buy;0.01;XAUUSD.f;3986.87;0.01;2025.11.06 08:51:24;3987.21;;;0.34
2025.11.06 08:38:48;Buy;0.01;XAUUSD.f;3986.4;0.01;2025.11.06 08:48:10;3985.36;;;-1.04
2025.11.06 08:45:20;Buy;0.01;XAUUSD.f;3984.73;0.01;2025.11.06 08:48:10;3985.3;;;0.57
2025.11.06 08:46:57;Buy;0.01;XAUUSD.f;3982.91;0.01;2025.11.06 08:48:09;3985.31;;;2.4
2025.11.06 08:34:39;Buy;0.01;XAUUSD.f;3986.34;0.01;2025.11.06 08:36:18;3987.32;;;0.98
2025.11.06 08:13:25;Buy;0.01;XAUUSD.f;3988.54;0.01;2025.11.06 08:25:05;3987.89;;;-0.65
2025.11.06 08:16:54;Buy;0.01;XAUUSD.f;3986.47;0.01;2025.11.06 08:25:05;3987.9;;;1.43
2025.11.06 05:35:04;Buy;0.01;XAUUSD.f;3988.9;0.01;2025.11.06 06:16:06;3986.87;;;-2.03
2025.11.06 05:47:24;Buy;0.01;XAUUSD.f;3987.03;0.01;2025.11.06 06:16:06;3986.88;;;-0.15
2025.11.06 06:10:35;Buy;0.01;XAUUSD.f;3984.88;0.01;2025.11.06 06:16:05;3986.9;;;2.02
2025.11.06 05:12:34;Buy;0.01;XAUUSD.f;3985.25;0.01;2025.11.06 05:23:36;3985.49;;;0.24
2025.11.06 05:18:00;Buy;0.01;XAUUSD.f;3983.45;0.01;2025.11.06 05:23:36;3985.48;;;2.03
2025.11.06 04:53:17;Buy;0.01;XAUUSD.f;3983.4;0.01;2025.11.06 05:12:02;3984.26;;;0.86
2025.11.06 05:04:47;Buy;0.01;XAUUSD.f;3981.4;0.01;2025.11.06 05:12:02;3984.26;;;2.86
2025.11.06 04:44:48;Buy;0.01;XAUUSD.f;3980.56;0.01;2025.11.06 04:52:15;3981.9;;;1.34
2025.11.06 04:10:24;Buy;0.01;XAUUSD.f;3978.71;0.01;2025.11.06 04:43:22;3980.92;;;2.21
2025.11.06 03:55:11;Balance;;;;;;;;;-143.32
2025.11.05 05:00:29;Sell;0.01;XAUUSD.f;3948;0.01;2025.11.05 12:07:23;3959.55;;;-11.55
2025.11.05 05:01:36;Sell;0.01;XAUUSD.f;3950.16;0.01;2025.11.05 12:07:15;3960.37;;;-10.21
2025.11.05 05:04:02;Sell;0.01;XAUUSD.f;3951.75;0.01;2025.11.05 12:07:12;3960.12;;;-8.37
2025.11.05 05:07:00;Sell;0.01;XAUUSD.f;3954.92;0.01;2025.11.05 12:07:05;3959.14;;;-4.22
2025.11.05 05:46:32;Sell;0.01;XAUUSD.f;3960.79;0.01;2025.11.05 12:07:05;3959.21;;;1.58
2025.11.05 06:34:01;Sell;0.01;XAUUSD.f;3967.56;0.01;2025.11.05 12:07:03;3959.77;;;7.79
2025.11.05 06:42:48;Sell;0.01;XAUUSD.f;3971.96;0.01;2025.11.05 12:07:03;3959.78;;;12.18
2025.11.05 07:24:31;Sell;0.01;XAUUSD.f;3975.31;0.01;2025.11.05 12:07:03;3959.87;;;15.44
2025.11.05 10:07:09;Sell;0.01;XAUUSD.f;3984.53;0.01;2025.11.05 12:07:03;3959.9;;;24.63
2025.11.05 04:59:23;Sell;0.01;XAUUSD.f;3949.11;0.01;2025.11.05 05:00:18;3947.95;;;1.16
2025.11.05 04:53:07;Sell;0.01;XAUUSD.f;3947.88;0.01;2025.11.05 04:57:29;3949.21;;;-1.33
2025.11.05 04:55:48;Sell;0.01;XAUUSD.f;3950.1;0.01;2025.11.05 04:57:29;3949.21;;;0.89
2025.11.05 04:21:05;Sell;0.01;XAUUSD.f;3938.89;0.01;2025.11.05 04:22:36;3938.49;;;0.4
2025.11.04 23:40:01;Sell;0.01;XAUUSD.f;3930.89;0.01;2025.11.05 01:50:02;3932.72;;0.27;-1.83
2025.11.05 01:05:01;Sell;0.01;XAUUSD.f;3937.72;0.01;2025.11.05 01:50:02;3932.57;;;5.15
2025.11.04 23:40:00;Sell;0.01;XAUUSD.f;3930.89;0.01;2025.11.05 01:50:01;3932.53;;0.27;-1.6400000000000001
2025.11.05 01:05:00;Sell;0.01;XAUUSD.f;3937.5;0.01;2025.11.05 01:50:00;3932.26;;;5.24
2025.11.04 23:30:03;Sell;0.01;XAUUSD.f;3934.02;0.01;2025.11.04 23:35:01;3932.8;;;1.22
2025.11.04 23:30:00;Sell;0.01;XAUUSD.f;3933.94;0.01;2025.11.04 23:35:00;3932.76;;;1.18
2025.11.04 23:20:00;Sell;0.01;XAUUSD.f;3934.78;0.01;2025.11.04 23:25:00;3934.24;;;0.54
2025.11.04 23:20:01;Sell;0.01;XAUUSD.f;3934.76;0.01;2025.11.04 23:21:00;3934;;;0.76
2025.11.04 18:17:34;Buy;0.01;XAUUSD.f;3972.38;0.01;2025.11.04 18:19:27;3971.8;;;-0.58
2025.11.04 18:18:07;Buy;0.01;XAUUSD.f;3970.32;0.01;2025.11.04 18:19:27;3971.88;;;1.56
2025.11.04 18:17:22;Buy;0.01;XAUUSD.f;3970.07;0.01;2025.11.04 18:17:30;3971.56;;;1.49
2025.11.04 16:35:19;Sell;0.01;XAUUSD.f;3937.06;0.01;2025.11.04 16:35:23;3937.06;;;0
2025.11.04 16:34:35;Sell;0.01;XAUUSD.f;3937.65;0.01;2025.11.04 16:34:46;3936.65;;;1
2025.11.04 16:29:18;Sell;0.01;XAUUSD.f;3964.73;0.01;2025.11.04 16:33:12;3942.14;;;22.59
2025.11.04 16:29:19;Sell;0.01;XAUUSD.f;3958.1;0.01;2025.11.04 16:31:55;3949.46;;;8.64
2025.11.04 16:29:18;Sell;0.01;XAUUSD.f;3964.96;0.01;2025.11.04 16:29:59;3951.52;;;13.44
2025.11.04 16:05:46;Sell;0.01;XAUUSD.f;3965.39;0.01;2025.11.04 16:15:01;3975.92;;;-10.53
2025.11.04 16:05:44;Sell;0.01;XAUUSD.f;3964.44;0.01;2025.11.04 16:15:00;3976.07;;;-11.63
2025.11.04 15:59:28;Buy;0.01;XAUUSD.f;3976.33;0.01;2025.11.04 16:13:07;3975.81;;;-0.52
2025.11.04 16:00:14;Buy;0.01;XAUUSD.f;3973.15;0.01;2025.11.04 16:13:07;3975.82;;;2.67
2025.11.04 16:01:20;Buy;0.01;XAUUSD.f;3970.85;0.01;2025.11.04 16:13:07;3975.82;;;4.97
2025.11.04 15:58:48;Buy;0.01;XAUUSD.f;3977.89;0.01;2025.11.04 16:13:06;3975.86;;;-2.03
2025.11.04 15:58:24;Buy;0.01;XAUUSD.f;3976.57;0.01;2025.11.04 15:58:42;3977.54;;;0.97
2025.11.04 15:56:39;Buy;0.01;XAUUSD.f;3976.75;0.01;2025.11.04 15:58:11;3977.14;;;0.39
2025.11.04 15:35:27;Sell;0.01;XAUUSD.f;3978.18;0.01;2025.11.04 15:38:19;3977.84;;;0.34
2025.11.04 15:36:00;Sell;0.01;XAUUSD.f;3980.86;0.01;2025.11.04 15:38:18;3977.92;;;2.94
2025.11.04 15:34:13;Sell;0.01;XAUUSD.f;3982;0.01;2025.11.04 15:34:53;3979.67;;;2.33
2025.11.04 15:34:03;Sell;0.01;XAUUSD.f;3983.56;0.01;2025.11.04 15:34:08;3982.88;;;0.68
2025.11.04 15:33:13;Sell;0.01;XAUUSD.f;3986.09;0.01;2025.11.04 15:33:44;3985.64;;;0.45
2025.11.04 12:01:31;Sell;0.01;XAUUSD.f;3986.31;0.01;2025.11.04 12:05:27;3986.73;;;-0.42
2025.11.04 12:01:44;Sell;0.01;XAUUSD.f;3987.36;0.01;2025.11.04 12:05:26;3986.75;;;0.61
2025.11.04 12:02:09;Sell;0.01;XAUUSD.f;3990.19;0.01;2025.11.04 12:05:26;3986.7;;;3.49
2025.11.04 10:16:44;Sell;0.01;XAUUSD.f;3993.17;0.01;2025.11.04 11:04:34;3995.68;;;-2.51
2025.11.04 10:20:05;Sell;0.01;XAUUSD.f;3994.25;0.01;2025.11.04 11:04:33;3995.68;;;-1.43
2025.11.04 10:22:59;Sell;0.01;XAUUSD.f;3997.16;0.01;2025.11.04 11:04:33;3995.68;;;1.48
2025.11.04 10:27:04;Sell;0.01;XAUUSD.f;3999.31;0.01;2025.11.04 11:04:32;3995.68;;;3.63
2025.11.04 04:53:04;Sell;0.01;XAUUSD.f;3981.33;0.01;2025.11.04 07:08:16;3983.12;;;-1.79
2025.11.04 04:56:02;Sell;0.01;XAUUSD.f;3984.43;0.01;2025.11.04 07:08:15;3983.13;;;1.3
2025.11.04 05:00:33;Sell;0.01;XAUUSD.f;3988.43;0.01;2025.11.04 07:08:15;3983.13;;;5.3
2025.11.04 05:25:55;Sell;0.01;XAUUSD.f;3991.1;0.01;2025.11.04 07:08:15;3983.11;;;7.99
2025.11.04 05:31:19;Sell;0.01;XAUUSD.f;3996.19;0.01;2025.11.04 07:08:15;3983.09;;;13.1
2025.11.04 04:50:39;Sell;0.01;XAUUSD.f;3979.26;0.01;2025.11.04 07:08:14;3982.97;;;-3.71
2025.11.04 04:49:53;Sell;0.01;XAUUSD.f;3976.55;0.01;2025.11.04 07:08:13;3982.64;;;-6.09
2025.11.04 04:49:40;Sell;0.01;XAUUSD.f;3978.09;0.01;2025.11.04 04:49:46;3976.91;;;1.18
2025.11.04 04:48:25;Sell;0.01;XAUUSD.f;3980.05;0.01;2025.11.04 04:49:27;3979.38;;;0.67
2025.11.04 04:26:46;Sell;0.01;XAUUSD.f;3982.4;0.01;2025.11.04 04:27:51;3981.78;;;0.62
2025.11.03 19:20:42;Buy;0.01;XAUUSD.f;4011.87;0.01;2025.11.03 20:33:38;4006.52;;;-5.35
2025.11.03 19:25:41;Buy;0.01;XAUUSD.f;4009.68;0.01;2025.11.03 20:33:38;4006.52;;;-3.16
2025.11.03 19:27:43;Buy;0.01;XAUUSD.f;4007.78;0.01;2025.11.03 20:33:38;4006.55;;;-1.23
2025.11.03 19:31:21;Buy;0.01;XAUUSD.f;4005.21;0.01;2025.11.03 20:33:37;4006.59;;;1.38
2025.11.03 20:12:06;Buy;0.01;XAUUSD.f;4002.33;0.01;2025.11.03 20:33:37;4006.59;;;4.26
2025.11.03 20:22:50;Buy;0.01;XAUUSD.f;4000.5;0.01;2025.11.03 20:33:37;4006.47;;;5.97
2025.11.03 18:46:00;Buy;0.01;XAUUSD.f;4003.17;0.01;2025.11.03 18:46:51;4003.94;;;0.77
2025.11.03 16:45:55;Buy;0.01;XAUUSD.f;4016.19;0.01;2025.11.03 16:46:15;4017.25;;;1.06
2025.11.03 16:36:29;Buy;0.01;XAUUSD.f;4012.37;0.01;2025.11.03 16:39:28;4010.59;;;-1.78
2025.11.03 16:36:45;Buy;0.01;XAUUSD.f;4010.57;0.01;2025.11.03 16:39:28;4010.74;;;0.17
2025.11.03 16:37:30;Buy;0.01;XAUUSD.f;4008.07;0.01;2025.11.03 16:39:27;4010.75;;;2.68
2025.11.03 16:36:07;Buy;0.01;XAUUSD.f;4012.16;0.01;2025.11.03 16:36:18;4012.81;;;0.65
2025.11.03 14:48:43;Buy;0.01;XAUUSD.f;4012.97;0.01;2025.11.03 14:55:29;4012.36;;;-0.61
2025.11.03 14:51:24;Buy;0.01;XAUUSD.f;4011.06;0.01;2025.11.03 14:55:29;4012.36;;;1.3
2025.11.03 14:40:06;Buy;0.01;XAUUSD.f;4010.22;0.01;2025.11.03 14:48:26;4011.26;;;1.04
2025.11.03 14:44:35;Buy;0.01;XAUUSD.f;4008.71;0.01;2025.11.03 14:48:26;4011.27;;;2.56
2025.11.03 14:36:51;Buy;0.01;XAUUSD.f;4010.49;0.01;2025.11.03 14:39:11;4010.69;;;0.2
2025.11.03 14:36:24;Buy;0.01;XAUUSD.f;4008.53;0.01;2025.11.03 14:36:43;4009.4;;;0.87
2025.11.03 13:28:04;Buy;0.01;XAUUSD.f;4006.74;0.01;2025.11.03 13:38:59;4006.81;;;0.07
2025.11.03 13:32:23;Buy;0.01;XAUUSD.f;4005.16;0.01;2025.11.03 13:38:59;4006.81;;;1.65
2025.11.03 11:41:52;Sell;0.01;XAUUSD.f;3998.5;0.01;2025.11.03 11:44:07;3996.76;;;1.74
2025.11.03 11:41:28;Sell;0.01;XAUUSD.f;3999.28;0.01;2025.11.03 11:41:37;3998.78;;;0.5
2025.11.03 11:41:09;Sell;0.01;XAUUSD.f;4001.1;0.01;2025.11.03 11:41:21;3998.46;;;2.64
2025.11.03 11:40:53;Sell;0.01;XAUUSD.f;4002.4;0.01;2025.11.03 11:41:03;4000.59;;;1.81
2025.11.03 11:05:14;Buy;0.01;XAUUSD.f;4020.83;0.01;2025.11.03 11:06:45;4021.18;;;0.35
2025.11.03 11:01:02;Buy;0.01;XAUUSD.f;4020.29;0.01;2025.11.03 11:04:52;4019.97;;;-0.32
2025.11.03 11:01:26;Buy;0.01;XAUUSD.f;4017.8;0.01;2025.11.03 11:04:52;4019.97;;;2.17
2025.11.03 09:04:14;Buy;0.01;XAUUSD.f;4023.43;0.01;2025.11.03 09:29:09;4019.87;;;-3.56
2025.11.03 09:05:28;Buy;0.01;XAUUSD.f;4021.39;0.01;2025.11.03 09:29:09;4019.81;;;-1.58
2025.11.03 09:11:44;Buy;0.01;XAUUSD.f;4019.11;0.01;2025.11.03 09:29:09;4019.65;;;0.54
2025.11.03 09:12:41;Buy;0.01;XAUUSD.f;4016.4;0.01;2025.11.03 09:29:09;4019.67;;;3.27
2025.11.03 09:03:19;Buy;0.01;XAUUSD.f;4022.63;0.01;2025.11.03 09:03:36;4023.15;;;0.52
2025.11.03 09:01:58;Buy;0.01;XAUUSD.f;4021.44;0.01;2025.11.03 09:02:59;4021.08;;;-0.36
2025.11.03 09:02:22;Buy;0.01;XAUUSD.f;4019.5;0.01;2025.11.03 09:02:59;4021.34;;;1.8399999999999999
2025.11.03 08:58:33;Buy;0.01;XAUUSD.f;4018.28;0.01;2025.11.03 09:01:31;4019.9;;;1.62
2025.11.03 08:55:25;Buy;0.01;XAUUSD.f;4016.77;0.01;2025.11.03 08:57:16;4016.02;;;-0.75
2025.11.03 08:56:12;Buy;0.01;XAUUSD.f;4015.49;0.01;2025.11.03 08:57:15;4016.32;;;0.83
2025.11.03 07:30:21;Buy;0.01;XAUUSD.f;4012.91;0.01;2025.11.03 07:30:50;4013.88;;;0.97
2025.11.03 07:27:17;Buy;0.01;XAUUSD.f;4012.29;0.01;2025.11.03 07:29:43;4011.55;;;-0.74
2025.11.03 07:28:14;Buy;0.01;XAUUSD.f;4010.02;0.01;2025.11.03 07:29:43;4011.55;;;1.53
2025.11.03 07:25:17;Buy;0.01;XAUUSD.f;4008;0.01;2025.11.03 07:26:00;4009.18;;;1.18
2025.11.03 07:24:27;Buy;0.01;XAUUSD.f;4007.06;0.01;2025.11.03 07:25:04;4007.81;;;0.75
2025.11.03 04:22:04;Buy;0.01;XAUUSD.f;4005.91;0.01;2025.11.03 04:40:22;4004.21;;;-1.7
2025.11.03 04:22:55;Buy;0.01;XAUUSD.f;4003.47;0.01;2025.11.03 04:40:21;4004.15;;;0.68
2025.11.03 04:24:02;Buy;0.01;XAUUSD.f;4000.26;0.01;2025.11.03 04:40:21;4003.94;;;3.68
2025.11.03 04:27:20;Buy;0.01;XAUUSD.f;3996.7;0.01;2025.11.03 04:40:21;4003.94;;;7.24
2025.11.03 04:21:29;Buy;0.01;XAUUSD.f;4005.13;0.01;2025.11.03 04:21:54;4006.19;;;1.06
2025.11.03 04:21:41;Buy;0.01;XAUUSD.f;4003.44;0.01;2025.11.03 04:21:54;4006.21;;;2.77
2025.10.31 06:03:08;Balance;;;;;;;;;-93.22
2025.10.31 03:15:01;Buy;0.01;XAUUSD.f;4032.05;0.01;2025.10.31 03:16:00;4033.29;;;1.24
2025.10.31 03:15:00;Buy;0.01;XAUUSD.f;4032.04;0.01;2025.10.31 03:16:00;4033.28;;;1.24
2025.10.31 03:00:01;Buy;0.01;XAUUSD.f;4037.14;0.01;2025.10.31 03:11:02;4034.24;;;-2.9
2025.10.31 03:04:00;Buy;0.01;XAUUSD.f;4033.45;0.01;2025.10.31 03:11:01;4034.24;;;0.79
2025.10.31 03:06:01;Buy;0.01;XAUUSD.f;4030.32;0.01;2025.10.31 03:11:01;4034.25;;;3.93
2025.10.31 03:00:00;Buy;0.01;XAUUSD.f;4036.79;0.01;2025.10.31 03:11:01;4034.25;;;-2.54
2025.10.31 03:06:00;Buy;0.01;XAUUSD.f;4030.31;0.01;2025.10.31 03:11:01;4034.23;;;3.92
2025.10.31 03:03:00;Buy;0.01;XAUUSD.f;4034.79;0.01;2025.10.31 03:11:01;4034.23;;;-0.56
2025.10.31 03:04:00;Buy;0.01;XAUUSD.f;4033.2;0.01;2025.10.31 03:11:00;4034.63;;;1.43
2025.10.31 03:03:00;Buy;0.01;XAUUSD.f;4034.75;0.01;2025.10.31 03:11:00;4034.86;;;0.11
2025.10.31 01:50:28;Buy;0.01;XAUUSD.f;4030.21;0.01;2025.10.31 01:57:36;4038.16;;;7.95
2025.10.31 01:49:59;Buy;0.01;XAUUSD.f;4028.45;0.01;2025.10.31 01:55:27;4042.15;;;13.7
2025.10.31 01:49:59;Buy;0.01;XAUUSD.f;4028.45;0.01;2025.10.31 01:55:26;4041.87;;;13.42
2025.10.30 23:08:00;Buy;0.01;XAUUSD.f;4023.64;0.01;2025.10.30 23:46:00;4021.7;;;-1.94
2025.10.30 23:06:00;Buy;0.01;XAUUSD.f;4025.25;0.01;2025.10.30 23:46:00;4022.01;;;-3.24
2025.10.30 23:34:00;Buy;0.01;XAUUSD.f;4016.65;0.01;2025.10.30 23:46:00;4022.03;;;5.38
2025.10.30 23:25:00;Buy;0.01;XAUUSD.f;4019;0.01;2025.10.30 23:46:00;4022.03;;;3.03
2025.10.30 23:20:00;Buy;0.01;XAUUSD.f;4021.34;0.01;2025.10.30 23:46:00;4022.04;;;0.7
2025.10.30 23:06:01;Buy;0.01;XAUUSD.f;4025.2;0.01;2025.10.30 23:11:00;4025.06;;;-0.14
2025.10.30 23:08:01;Buy;0.01;XAUUSD.f;4023.64;0.01;2025.10.30 23:11:00;4025.06;;;1.42
2025.10.30 22:58:00;Buy;0.01;XAUUSD.f;4022.45;0.01;2025.10.30 23:01:01;4024.75;;;2.3
2025.10.30 22:54:01;Buy;0.01;XAUUSD.f;4024.5;0.01;2025.10.30 23:01:01;4024.56;;;0.06
2025.10.30 22:58:00;Buy;0.01;XAUUSD.f;4022.6;0.01;2025.10.30 23:01:00;4024.5;;;1.9
2025.10.30 22:54:00;Buy;0.01;XAUUSD.f;4024.5;0.01;2025.10.30 23:01:00;4024.92;;;0.42
2025.10.30 22:45:00;Buy;0.01;XAUUSD.f;4024.82;0.01;2025.10.30 22:51:00;4024.65;;;-0.17
2025.10.30 22:50:00;Buy;0.01;XAUUSD.f;4022.62;0.01;2025.10.30 22:51:00;4024.58;;;1.96
2025.10.30 22:45:00;Buy;0.01;XAUUSD.f;4024.63;0.01;2025.10.30 22:46:00;4025.26;;;0.63
2025.10.30 22:18:00;Buy;0.01;XAUUSD.f;4025.48;0.01;2025.10.30 22:31:01;4023.51;;;-1.97
2025.10.30 22:22:01;Buy;0.01;XAUUSD.f;4020.86;0.01;2025.10.30 22:31:01;4023.51;;;2.65
2025.10.30 22:18:00;Buy;0.01;XAUUSD.f;4025.44;0.01;2025.10.30 22:31:00;4023.51;;;-1.9300000000000002
2025.10.30 22:22:00;Buy;0.01;XAUUSD.f;4020.69;0.01;2025.10.30 22:31:00;4023.6;;;2.91
2025.10.30 12:17:43;Buy;0.01;XAUUSD.f;4010.84;0.01;2025.10.30 12:21:50;4007.49;;;-3.35
2025.10.30 12:18:04;Buy;0.01;XAUUSD.f;4008.4;0.01;2025.10.30 12:21:50;4007.51;;;-0.89
2025.10.30 12:19:14;Buy;0.01;XAUUSD.f;4004.26;0.01;2025.10.30 12:21:50;4007.48;;;3.22
2025.10.30 12:16:59;Buy;0.01;XAUUSD.f;4008.09;0.01;2025.10.30 12:17:21;4009.13;;;1.04
2025.10.30 12:14:33;Buy;0.01;XAUUSD.f;4005.67;0.01;2025.10.30 12:15:13;4006.31;;;0.64
2025.10.30 12:14:21;Buy;0.01;XAUUSD.f;4004.98;0.01;2025.10.30 12:14:26;4006.16;;;1.18
2025.10.30 12:13:53;Buy;0.01;XAUUSD.f;4005.34;0.01;2025.10.30 12:14:03;4006.48;;;1.1400000000000001
2025.10.30 12:12:29;Buy;0.01;XAUUSD.f;4005.2;0.01;2025.10.30 12:13:22;4004.58;;;-0.62
2025.10.30 12:12:57;Buy;0.01;XAUUSD.f;4002.43;0.01;2025.10.30 12:13:21;4004.59;;;2.16
2025.10.30 12:11:07;Buy;0.01;XAUUSD.f;4005.5;0.01;2025.10.30 12:12:05;4003.67;;;-1.83
2025.10.30 12:11:51;Buy;0.01;XAUUSD.f;4002.72;0.01;2025.10.30 12:12:05;4003.8;;;1.08
2025.10.30 12:10:56;Buy;0.01;XAUUSD.f;4002.52;0.01;2025.10.30 12:11:03;4003.96;;;1.44
2025.10.30 12:10:26;Buy;0.01;XAUUSD.f;3999.59;0.01;2025.10.30 12:10:37;4000.29;;;0.7
2025.10.30 12:09:44;Buy;0.01;XAUUSD.f;3994.67;0.01;2025.10.30 12:10:09;3997.13;;;2.46
2025.10.30 12:07:37;Buy;0.01;XAUUSD.f;3997.6;0.01;2025.10.30 12:10:08;3997.42;;;-0.18
2025.10.30 12:07:48;Buy;0.01;XAUUSD.f;3996.54;0.01;2025.10.30 12:10:08;3997.45;;;0.91
2025.10.30 12:07:23;Buy;0.01;XAUUSD.f;3994.75;0.01;2025.10.30 12:07:32;3997.73;;;2.98
2025.10.30 12:07:09;Buy;0.01;XAUUSD.f;3993.83;0.01;2025.10.30 12:07:16;3994.49;;;0.66
2025.10.30 12:06:55;Buy;0.01;XAUUSD.f;3992.95;0.01;2025.10.30 12:07:04;3993.39;;;0.44
2025.10.30 08:30:21;Sell;0.01;XAUUSD.f;3948.79;0.01;2025.10.30 08:31:21;3947.69;;;1.1
2025.10.30 08:30:30;Sell;0.01;XAUUSD.f;3951.57;0.01;2025.10.30 08:31:21;3947.81;;;3.76
2025.10.30 08:30:03;Sell;0.01;XAUUSD.f;3950.08;0.01;2025.10.30 08:30:12;3949.62;;;0.46
2025.10.30 08:29:35;Sell;0.01;XAUUSD.f;3950.65;0.01;2025.10.30 08:29:52;3950.17;;;0.48
2025.10.30 08:29:04;Sell;0.01;XAUUSD.f;3953.49;0.01;2025.10.30 08:29:24;3951.34;;;2.15
2025.10.30 08:27:58;Sell;0.01;XAUUSD.f;3951.49;0.01;2025.10.30 08:29:23;3951.41;;;0.08
2025.10.30 08:26:59;Sell;0.01;XAUUSD.f;3953.2;0.01;2025.10.30 08:27:49;3951.61;;;1.5899999999999999
2025.10.30 08:17:06;Sell;0.01;XAUUSD.f;3959.93;0.01;2025.10.30 08:17:24;3959.56;;;0.37
2025.10.30 08:16:41;Sell;0.01;XAUUSD.f;3961.05;0.01;2025.10.30 08:16:56;3960.93;;;0.12
2025.10.30 07:40:25;Buy;0.01;XAUUSD.f;3976.47;0.01;2025.10.30 07:42:51;3979.13;;;2.66
2025.10.30 07:39:28;Buy;0.01;XAUUSD.f;3975.25;0.01;2025.10.30 07:40:12;3975;;;-0.25
2025.10.30 07:39:50;Buy;0.01;XAUUSD.f;3973.2;0.01;2025.10.30 07:40:12;3974.99;;;1.79
2025.10.30 06:01:21;Sell;0.01;XAUUSD.f;3917.08;0.01;2025.10.30 06:01:37;3916.22;;;0.86
2025.10.30 06:00:24;Sell;0.01;XAUUSD.f;3920.4;0.01;2025.10.30 06:00:53;3919.26;;;1.1400000000000001
2025.10.30 06:00:40;Sell;0.01;XAUUSD.f;3921.07;0.01;2025.10.30 06:00:52;3918.82;;;2.25
2025.10.30 05:59:47;Sell;0.01;XAUUSD.f;3921.99;0.01;2025.10.30 06:00:16;3921.18;;;0.81
2025.10.30 05:56:49;Sell;0.01;XAUUSD.f;3925.46;0.01;2025.10.30 05:58:31;3925.09;;;0.37
2025.10.30 05:57:31;Sell;0.01;XAUUSD.f;3928.22;0.01;2025.10.30 05:58:31;3925.1;;;3.12
2025.10.30 05:55:46;Sell;0.01;XAUUSD.f;3926.42;0.01;2025.10.30 05:55:58;3925.26;;;1.16
2025.10.30 05:53:06;Sell;0.01;XAUUSD.f;3928.61;0.01;2025.10.30 05:54:28;3928.29;;;0.32
2025.10.30 05:39:07;Balance;;;;;;;;;-82.9
2025.10.29 11:20:33;Buy;0.01;XAUUSD.f;4010.8;0.01;2025.10.29 11:26:50;4010.7;;;-0.1
2025.10.29 11:20:51;Buy;0.01;XAUUSD.f;4009.23;0.01;2025.10.29 11:26:50;4010.7;;;1.47
2025.10.29 11:17:55;Buy;0.01;XAUUSD.f;4006.81;0.01;2025.10.29 11:19:46;4007.9;;;1.09
2025.10.29 11:18:20;Buy;0.01;XAUUSD.f;4004.57;0.01;2025.10.29 11:19:46;4007.92;;;3.35
2025.10.29 10:25:47;Buy;0.01;XAUUSD.f;3996.99;0.01;2025.10.29 10:50:53;3995.82;;;-1.17
2025.10.29 10:30:41;Buy;0.01;XAUUSD.f;3994.94;0.01;2025.10.29 10:50:52;3995.82;;;0.88
2025.10.29 10:37:53;Buy;0.01;XAUUSD.f;3991.17;0.01;2025.10.29 10:50:52;3995.82;;;4.65
2025.10.29 09:47:26;Buy;0.01;XAUUSD.f;3984.39;0.01;2025.10.29 10:04:57;3983.93;;;-0.46
2025.10.29 09:47:57;Buy;0.01;XAUUSD.f;3982.46;0.01;2025.10.29 10:04:57;3983.94;;;1.48
2025.10.29 09:51:02;Buy;0.01;XAUUSD.f;3979.88;0.01;2025.10.29 10:04:57;3983.94;;;4.06
2025.10.29 09:52:59;Buy;0.01;XAUUSD.f;3977.57;0.01;2025.10.29 10:04:57;3983.93;;;6.36
2025.10.29 09:46:12;Buy;0.01;XAUUSD.f;3980.78;0.01;2025.10.29 09:46:42;3981.47;;;0.69
2025.10.29 07:28:10;Sell;0.01;XAUUSD.f;3951.63;0.01;2025.10.29 07:55:50;3953.1;;;-1.47
2025.10.29 07:30:50;Sell;0.01;XAUUSD.f;3953.58;0.01;2025.10.29 07:55:50;3953.1;;;0.48
2025.10.29 07:32:02;Sell;0.01;XAUUSD.f;3955.28;0.01;2025.10.29 07:55:50;3953.08;;;2.2
2025.10.29 07:36:48;Sell;0.01;XAUUSD.f;3958.71;0.01;2025.10.29 07:55:50;3953.11;;;5.6
2025.10.29 07:23:46;Sell;0.01;XAUUSD.f;3957.99;0.01;2025.10.29 07:25:01;3957.59;;;0.4
2025.10.29 07:04:00;Sell;0.01;XAUUSD.f;3962.6;0.01;2025.10.29 07:16:21;3957.05;;;5.55
2025.10.29 07:01:09;Sell;0.01;XAUUSD.f;3963.61;0.01;2025.10.29 07:03:36;3963.61;;;0
2025.10.28 09:39:16;Sell;0.01;XAUUSD.f;3947;0.01;2025.10.28 13:49:35;3923.75;;;23.25
2025.10.28 11:27:48;Sell;0.01;XAUUSD.f;3911.88;0.01;2025.10.28 11:31:08;3912.71;;;-0.83
2025.10.28 11:28:44;Sell;0.01;XAUUSD.f;3915.28;0.01;2025.10.28 11:31:07;3912.71;;;2.57
2025.10.28 11:27:23;Sell;0.01;XAUUSD.f;3912.47;0.01;2025.10.28 11:27:36;3912.37;;;0.1
2025.10.28 11:26:50;Sell;0.01;XAUUSD.f;3913.55;0.01;2025.10.28 11:27:19;3913.78;;;-0.23
2025.10.28 11:25:54;Sell;0.01;XAUUSD.f;3915.31;0.01;2025.10.28 11:26:36;3914.79;;;0.52
2025.10.28 11:24:33;Sell;0.01;XAUUSD.f;3915.56;0.01;2025.10.28 11:24:46;3914.97;;;0.59
2025.10.28 10:25:14;Sell;0.01;XAUUSD.f;3932.55;0.01;2025.10.28 10:28:47;3932.7;;;-0.15
2025.10.28 10:26:24;Sell;0.01;XAUUSD.f;3934.47;0.01;2025.10.28 10:28:47;3932.7;;;1.77
2025.10.28 10:26:45;Sell;0.01;XAUUSD.f;3937.15;0.01;2025.10.28 10:28:47;3932.67;;;4.48
2025.10.28 10:25:05;Sell;0.01;XAUUSD.f;3933.58;0.01;2025.10.28 10:25:10;3932.66;;;0.92
2025.10.28 09:52:26;Sell;0.01;XAUUSD.f;3941.61;0.01;2025.10.28 09:54:19;3940.7;;;0.91
2025.10.28 09:51:36;Sell;0.01;XAUUSD.f;3942.37;0.01;2025.10.28 09:52:12;3942.18;;;0.19
2025.10.28 09:50:48;Sell;0.01;XAUUSD.f;3943.96;0.01;2025.10.28 09:51:06;3943.01;;;0.95
2025.10.28 09:45:34;Sell;0.01;XAUUSD.f;3943.01;0.01;2025.10.28 09:50:29;3943.57;;;-0.56
2025.10.28 09:48:59;Sell;0.01;XAUUSD.f;3944.83;0.01;2025.10.28 09:50:28;3943.57;;;1.26
2025.10.28 09:42:06;Sell;0.01;XAUUSD.f;3944.28;0.01;2025.10.28 09:44:40;3944.84;;;-0.56
2025.10.28 09:43:08;Sell;0.01;XAUUSD.f;3945.88;0.01;2025.10.28 09:44:40;3944.83;;;1.05
2025.10.28 09:41:19;Sell;0.01;XAUUSD.f;3945.05;0.01;2025.10.28 09:41:57;3944.39;;;0.66
2025.10.28 09:40:47;Sell;0.01;XAUUSD.f;3946.12;0.01;2025.10.28 09:41:14;3945.69;;;0.43
2025.10.28 09:40:29;Sell;0.01;XAUUSD.f;3946.62;0.01;2025.10.28 09:40:36;3946.07;;;0.55
2025.10.28 09:40:19;Sell;0.01;XAUUSD.f;3947.6;0.01;2025.10.28 09:40:24;3946.18;;;1.42
2025.10.28 09:39:23;Sell;0.01;XAUUSD.f;3947.84;0.01;2025.10.28 09:40:07;3946.73;;;1.11
2025.10.28 09:38:30;Sell;0.01;XAUUSD.f;3949.91;0.01;2025.10.28 09:39:07;3949.58;;;0.33
2025.10.28 09:37:50;Sell;0.01;XAUUSD.f;3951.46;0.01;2025.10.28 09:37:58;3951.54;;;-0.08
2025.10.28 09:37:27;Sell;0.01;XAUUSD.f;3953.02;0.01;2025.10.28 09:37:44;3952.4;;;0.62
2025.10.28 09:37:00;Sell;0.01;XAUUSD.f;3952.38;0.01;2025.10.28 09:37:13;3952.8;;;-0.42
2025.10.28 09:36:33;Sell;0.01;XAUUSD.f;3952.92;0.01;2025.10.28 09:36:46;3952.3;;;0.62
2025.10.28 09:33:00;Sell;0.01;XAUUSD.f;3952.05;0.01;2025.10.28 09:36:04;3952.89;;;-0.84
2025.10.28 09:33:43;Sell;0.01;XAUUSD.f;3954.2;0.01;2025.10.28 09:36:04;3952.9;;;1.3
2025.10.28 09:34:31;Sell;0.01;XAUUSD.f;3956.89;0.01;2025.10.28 09:36:04;3952.89;;;4
2025.10.28 09:32:26;Sell;0.01;XAUUSD.f;3954.63;0.01;2025.10.28 09:32:49;3952.72;;;1.9100000000000001
2025.10.28 07:00:35;Balance;;;;;;;;;-230.17
2025.10.27 17:07:15;Sell;0.01;XAUUSD.f;4006.45;0.01;2025.10.27 17:28:36;4001.48;;;4.97
2025.10.27 17:07:16;Sell;0.01;XAUUSD.f;4006.92;0.01;2025.10.27 17:28:35;4000.69;;;6.23
2025.10.27 17:07:16;Sell;0.01;XAUUSD.f;4006.74;0.01;2025.10.27 17:27:38;3996.97;;;9.77
2025.10.27 17:07:16;Sell;0.01;XAUUSD.f;4006.92;0.01;2025.10.27 17:17:25;3992.99;;;13.93
2025.10.27 17:09:21;Sell;0.01;XAUUSD.f;4004.23;0.01;2025.10.27 17:14:59;4005.08;;;-0.85
2025.10.27 17:09:55;Sell;0.01;XAUUSD.f;4007.58;0.01;2025.10.27 17:14:59;4005.14;;;2.44
2025.10.27 17:08:44;Sell;0.01;XAUUSD.f;4001.02;0.01;2025.10.27 17:14:58;4005.52;;;-4.5
2025.10.27 17:07:20;Sell;0.01;XAUUSD.f;4005.61;0.01;2025.10.27 17:09:20;4004.46;;;1.15
2025.10.27 17:08:07;Sell;0.01;XAUUSD.f;4005.35;0.01;2025.10.27 17:08:36;4002.29;;;3.06
2025.10.27 17:04:13;Sell;0.01;XAUUSD.f;4008.19;0.01;2025.10.27 17:07:00;4009.24;;;-1.05
2025.10.27 17:04:35;Sell;0.01;XAUUSD.f;4011.43;0.01;2025.10.27 17:07:00;4009.33;;;2.1
2025.10.27 17:05:48;Sell;0.01;XAUUSD.f;4016.3;0.01;2025.10.27 17:07:00;4009.4;;;6.9
2025.10.27 17:03:17;Sell;0.01;XAUUSD.f;4009.03;0.01;2025.10.27 17:03:46;4007.52;;;1.51
2025.10.27 17:02:52;Sell;0.01;XAUUSD.f;4014.34;0.01;2025.10.27 17:03:05;4010.27;;;4.07
2025.10.27 17:02:40;Sell;0.01;XAUUSD.f;4016.95;0.01;2025.10.27 17:02:45;4015.67;;;1.28
2025.10.27 17:01:33;Sell;0.01;XAUUSD.f;4016.66;0.01;2025.10.27 17:02:25;4015.84;;;0.82
2025.10.27 17:01:47;Sell;0.01;XAUUSD.f;4017.87;0.01;2025.10.27 17:02:24;4015.66;;;2.21
2025.10.27 17:01:07;Sell;0.01;XAUUSD.f;4016.97;0.01;2025.10.27 17:01:26;4015.23;;;1.74
2025.10.27 17:00:25;Sell;0.01;XAUUSD.f;4019.77;0.01;2025.10.27 17:00:58;4019.29;;;0.48
2025.10.27 16:59:30;Sell;0.01;XAUUSD.f;4020.45;0.01;2025.10.27 17:00:17;4020.04;;;0.41
2025.10.27 17:00:03;Sell;0.01;XAUUSD.f;4022.89;0.01;2025.10.27 17:00:17;4020.08;;;2.81
2025.10.27 11:53:16;Sell;0.01;XAUUSD.f;4045.02;0.01;2025.10.27 11:55:18;4027.77;;;17.25
2025.10.27 11:22:16;Sell;0.01;XAUUSD.f;4060.49;0.01;2025.10.27 11:23:01;4060.3;;;0.19
2025.10.27 11:21:43;Sell;0.01;XAUUSD.f;4062.9;0.01;2025.10.27 11:22:04;4062.66;;;0.24
2025.10.27 11:20:44;Sell;0.01;XAUUSD.f;4064.62;0.01;2025.10.27 11:21:27;4063.88;;;0.74
2025.10.27 11:21:00;Sell;0.01;XAUUSD.f;4065.2;0.01;2025.10.27 11:21:14;4065.07;;;0.13
2025.10.27 11:07:48;Sell;0.01;XAUUSD.f;4064.83;0.01;2025.10.27 11:19:33;4066.61;;;-1.78
2025.10.27 11:08:16;Sell;0.01;XAUUSD.f;4066.8;0.01;2025.10.27 11:19:32;4066.56;;;0.24
2025.10.27 11:15:39;Sell;0.01;XAUUSD.f;4069.02;0.01;2025.10.27 11:19:32;4066.42;;;2.6
2025.10.27 11:07:05;Sell;0.01;XAUUSD.f;4064.61;0.01;2025.10.27 11:07:15;4064.97;;;-0.36
2025.10.27 11:06:35;Sell;0.01;XAUUSD.f;4065.19;0.01;2025.10.27 11:06:52;4064.97;;;0.22
2025.10.27 10:57:19;Sell;0.01;XAUUSD.f;4064.72;0.01;2025.10.27 11:02:32;4065.37;;;-0.65
2025.10.27 10:57:52;Sell;0.01;XAUUSD.f;4065.2;0.01;2025.10.27 11:02:31;4065.37;;;-0.17
2025.10.27 10:58:29;Sell;0.01;XAUUSD.f;4068.07;0.01;2025.10.27 11:02:31;4065.37;;;2.7
2025.10.27 10:56:47;Sell;0.01;XAUUSD.f;4065.01;0.01;2025.10.27 10:57:10;4065.1;;;-0.09
2025.10.27 10:55:36;Sell;0.01;XAUUSD.f;4066.52;0.01;2025.10.27 10:56:17;4066.42;;;0.1
2025.10.27 10:40:15;Sell;0.01;XAUUSD.f;4067.42;0.01;2025.10.27 10:55:18;4066.91;;;0.51
2025.10.27 10:43:01;Sell;0.01;XAUUSD.f;4069.63;0.01;2025.10.27 10:55:18;4066.9;;;2.73
2025.10.27 10:39:57;Sell;0.01;XAUUSD.f;4068.76;0.01;2025.10.27 10:40:08;4067.81;;;0.95
2025.10.27 10:31:24;Sell;0.01;XAUUSD.f;4069.77;0.01;2025.10.27 10:39:43;4069.19;;;0.58
2025.10.27 08:57:21;Sell;0.01;XAUUSD.f;4079.4;0.01;2025.10.27 09:05:04;4077.74;;;1.6600000000000001
2025.10.27 09:01:14;Sell;0.01;XAUUSD.f;4081.07;0.01;2025.10.27 09:05:04;4077.74;;;3.33
2025.10.27 09:01:57;Sell;0.01;XAUUSD.f;4083.14;0.01;2025.10.27 09:05:04;4077.73;;;5.41
2025.10.27 08:57:02;Sell;0.01;XAUUSD.f;4077.39;0.01;2025.10.27 09:05:03;4077.8;;;-0.41
2025.10.27 05:11:04;Sell;0.01;XAUUSD.f;4074.17;0.01;2025.10.27 05:19:37;4075.96;;;-1.79
2025.10.27 05:11:31;Sell;0.01;XAUUSD.f;4075.85;0.01;2025.10.27 05:19:37;4075.96;;;-0.11
2025.10.27 05:12:50;Sell;0.01;XAUUSD.f;4078.08;0.01;2025.10.27 05:19:37;4075.94;;;2.14
2025.10.27 05:18:33;Sell;0.01;XAUUSD.f;4080.63;0.01;2025.10.27 05:19:37;4075.92;;;4.71
2025.10.27 05:08:57;Sell;0.01;XAUUSD.f;4073.47;0.01;2025.10.27 05:10:23;4072.79;;;0.68
2025.10.27 05:09:45;Sell;0.01;XAUUSD.f;4074.75;0.01;2025.10.27 05:10:22;4072.37;;;2.38
2025.10.24 19:35:00;Buy;0.01;XAUUSD.f;4133.35;0.01;2025.10.24 20:01:00;4131.76;;;-1.5899999999999999
2025.10.24 19:34:00;Buy;0.01;XAUUSD.f;4135.01;0.01;2025.10.24 20:01:00;4131.76;;;-3.25
2025.10.24 19:30:00;Buy;0.01;XAUUSD.f;4136.71;0.01;2025.10.24 20:01:00;4131.77;;;-4.9399999999999995
2025.10.24 19:41:00;Buy;0.01;XAUUSD.f;4124.55;0.01;2025.10.24 20:01:00;4131.77;;;7.22
2025.10.24 19:40:00;Buy;0.01;XAUUSD.f;4127.48;0.01;2025.10.24 20:01:00;4131.89;;;4.41
2025.10.24 19:39:00;Buy;0.01;XAUUSD.f;4130.22;0.01;2025.10.24 20:01:00;4131.89;;;1.67
2025.10.24 19:35:01;Buy;0.01;XAUUSD.f;4133.31;0.01;2025.10.24 19:48:05;4131.3;;;-2.01
2025.10.24 19:30:01;Buy;0.01;XAUUSD.f;4136.78;0.01;2025.10.24 19:48:05;4131.3;;;-5.48
2025.10.24 19:34:01;Buy;0.01;XAUUSD.f;4135.31;0.01;2025.10.24 19:48:05;4131.5;;;-3.81
2025.10.24 19:40:00;Buy;0.01;XAUUSD.f;4127.48;0.01;2025.10.24 19:48:03;4131.44;;;3.96
2025.10.24 19:41:01;Buy;0.01;XAUUSD.f;4124.49;0.01;2025.10.24 19:48:01;4131.54;;;7.05
2025.10.24 19:39:00;Buy;0.01;XAUUSD.f;4130.15;0.01;2025.10.24 19:48:00;4131.5;;;1.35
2025.10.24 19:15:01;Buy;0.01;XAUUSD.f;4133.04;0.01;2025.10.24 19:21:01;4132.89;;;-0.15
2025.10.24 19:15:00;Buy;0.01;XAUUSD.f;4133.28;0.01;2025.10.24 19:21:01;4132.9;;;-0.38
2025.10.24 19:18:00;Buy;0.01;XAUUSD.f;4131.15;0.01;2025.10.24 19:21:01;4132.86;;;1.71
2025.10.24 19:18:00;Buy;0.01;XAUUSD.f;4131.25;0.01;2025.10.24 19:21:00;4133.07;;;1.8199999999999998
2025.10.24 19:02:00;Buy;0.01;XAUUSD.f;4128.67;0.01;2025.10.24 19:07:01;4131.01;;;2.34
2025.10.24 19:00:01;Buy;0.01;XAUUSD.f;4131;0.01;2025.10.24 19:07:01;4130.87;;;-0.13
2025.10.24 19:00:00;Buy;0.01;XAUUSD.f;4130.9;0.01;2025.10.24 19:07:00;4131;;;0.1
2025.10.24 19:02:00;Buy;0.01;XAUUSD.f;4128.85;0.01;2025.10.24 19:07:00;4130.89;;;2.04
2025.10.24 09:34:42;Sell;0.01;XAUUSD.f;4087.93;0.01;2025.10.24 10:25:09;4089.33;;;-1.4
2025.10.24 09:36:31;Sell;0.01;XAUUSD.f;4089.81;0.01;2025.10.24 10:25:09;4089.34;;;0.47
2025.10.24 09:38:02;Sell;0.01;XAUUSD.f;4092.66;0.01;2025.10.24 10:25:09;4089.34;;;3.32
2025.10.24 09:40:47;Sell;0.01;XAUUSD.f;4094.68;0.01;2025.10.24 10:25:08;4089.36;;;5.32
2025.10.24 08:26:03;Sell;0.01;XAUUSD.f;4112.82;0.01;2025.10.24 08:27:54;4111.67;;;1.15
2025.10.24 08:25:09;Sell;0.01;XAUUSD.f;4111.16;0.01;2025.10.24 08:27:54;4111.67;;;-0.51
2025.10.24 08:24:10;Sell;0.01;XAUUSD.f;4114.3;0.01;2025.10.24 08:24:33;4112.58;;;1.72
2025.10.24 08:22:51;Sell;0.01;XAUUSD.f;4116.5;0.01;2025.10.24 08:23:20;4115.14;;;1.3599999999999999
2025.10.24 08:21:31;Sell;0.01;XAUUSD.f;4114.66;0.01;2025.10.24 08:23:19;4115.08;;;-0.42
2025.10.23 09:18:50;Buy;0.01;XAUUSD.f;4130.9;0.01;2025.10.23 09:19:02;4131.79;;;0.89
2025.10.23 09:01:13;Buy;0.01;XAUUSD.f;4116.37;0.01;2025.10.23 09:04:21;4117.85;;;1.48
2025.10.23 09:02:22;Buy;0.01;XAUUSD.f;4114.8;0.01;2025.10.23 09:04:21;4117.85;;;3.05
2025.10.22 23:18:01;Buy;0.01;XAUUSD.f;4103.63;0.01;2025.10.22 23:36:02;4100.7;;;-2.93
2025.10.22 23:19:00;Buy;0.01;XAUUSD.f;4101.64;0.01;2025.10.22 23:36:01;4100.7;;;-0.94
2025.10.22 23:22:00;Buy;0.01;XAUUSD.f;4098.02;0.01;2025.10.22 23:36:01;4100.7;;;2.68
2025.10.22 23:19:00;Buy;0.01;XAUUSD.f;4101.73;0.01;2025.10.22 23:36:01;4100.71;;;-1.02
2025.10.22 23:25:00;Buy;0.01;XAUUSD.f;4089.01;0.01;2025.10.22 23:36:01;4100.71;;;11.7
2025.10.22 23:18:00;Buy;0.01;XAUUSD.f;4103.65;0.01;2025.10.22 23:36:01;4100.71;;;-2.94
2025.10.22 23:25:00;Buy;0.01;XAUUSD.f;4089.03;0.01;2025.10.22 23:36:01;4100.68;;;11.65
2025.10.22 23:22:00;Buy;0.01;XAUUSD.f;4098.52;0.01;2025.10.22 23:36:00;4101.11;;;2.59
2025.10.22 23:06:01;Buy;0.01;XAUUSD.f;4103.43;0.01;2025.10.22 23:12:00;4104.77;;;1.34
2025.10.22 23:06:00;Buy;0.01;XAUUSD.f;4103.5;0.01;2025.10.22 23:12:00;4104.76;;;1.26
2025.10.22 23:02:01;Buy;0.01;XAUUSD.f;4100.12;0.01;2025.10.22 23:04:01;4102.74;;;2.62
2025.10.22 23:02:00;Buy;0.01;XAUUSD.f;4100.04;0.01;2025.10.22 23:04:01;4102.73;;;2.69
2025.10.22 23:00:01;Buy;0.01;XAUUSD.f;4102.84;0.01;2025.10.22 23:04:01;4102.73;;;-0.11
2025.10.22 23:00:00;Buy;0.01;XAUUSD.f;4102.55;0.01;2025.10.22 23:04:00;4102.75;;;0.2
2025.10.22 22:55:01;Buy;0.01;XAUUSD.f;4102.65;0.01;2025.10.22 22:57:01;4104.95;;;2.3
2025.10.22 22:56:01;Buy;0.01;XAUUSD.f;4101.07;0.01;2025.10.22 22:57:01;4105.49;;;4.42
2025.10.22 22:56:00;Buy;0.01;XAUUSD.f;4100.89;0.01;2025.10.22 22:57:01;4105.45;;;4.5600000000000005
2025.10.22 22:54:01;Buy;0.01;XAUUSD.f;4103.95;0.01;2025.10.22 22:57:01;4105.67;;;1.72
2025.10.22 22:55:00;Buy;0.01;XAUUSD.f;4102.73;0.01;2025.10.22 22:57:01;4105.67;;;2.94
2025.10.22 22:54:00;Buy;0.01;XAUUSD.f;4103.88;0.01;2025.10.22 22:57:00;4105.6;;;1.72
2025.10.22 22:48:01;Buy;0.01;XAUUSD.f;4102.14;0.01;2025.10.22 22:49:01;4105.85;;;3.71
2025.10.22 22:48:00;Buy;0.01;XAUUSD.f;4102.15;0.01;2025.10.22 22:49:00;4105.34;;;3.19
2025.10.22 22:42:00;Buy;0.01;XAUUSD.f;4103.89;0.01;2025.10.22 22:43:00;4105.27;;;1.38
2025.10.22 22:42:00;Buy;0.01;XAUUSD.f;4103.89;0.01;2025.10.22 22:43:00;4105.27;;;1.38
2025.10.22 22:36:00;Buy;0.01;XAUUSD.f;4108.92;0.01;2025.10.22 22:37:01;4110.52;;;1.6
2025.10.22 22:36:00;Buy;0.01;XAUUSD.f;4109.24;0.01;2025.10.22 22:37:00;4110.02;;;0.78
2025.10.22 22:30:01;Buy;0.01;XAUUSD.f;4105.47;0.01;2025.10.22 22:32:01;4108.95;;;3.48
2025.10.22 22:30:00;Buy;0.01;XAUUSD.f;4105.64;0.01;2025.10.22 22:32:00;4108.59;;;2.95
2025.10.22 22:24:00;Buy;0.01;XAUUSD.f;4097.56;0.01;2025.10.22 22:26:01;4101.06;;;3.5
2025.10.22 22:24:00;Buy;0.01;XAUUSD.f;4097.83;0.01;2025.10.22 22:26:00;4101.16;;;3.33
2025.10.22 22:18:00;Buy;0.01;XAUUSD.f;4091.45;0.01;2025.10.22 22:22:01;4093.29;;;1.8399999999999999
2025.10.22 22:18:00;Buy;0.01;XAUUSD.f;4091.38;0.01;2025.10.22 22:22:00;4093.12;;;1.74
2025.10.22 22:12:00;Buy;0.01;XAUUSD.f;4089.06;0.01;2025.10.22 22:12:02;4088.95;;;-0.11
2025.10.22 22:12:00;Buy;0.01;XAUUSD.f;4088.3;0.01;2025.10.22 22:12:01;4088.92;;;0.62
2025.10.22 22:06:01;Buy;0.01;XAUUSD.f;4085.29;0.01;2025.10.22 22:08:01;4086.54;;;1.25
2025.10.22 22:06:00;Buy;0.01;XAUUSD.f;4085.32;0.01;2025.10.22 22:08:00;4086.54;;;1.22
2025.10.22 22:00:01;Buy;0.01;XAUUSD.f;4077.66;0.01;2025.10.22 22:01:01;4078.32;;;0.66
2025.10.22 22:00:00;Buy;0.01;XAUUSD.f;4077.42;0.01;2025.10.22 22:01:00;4078.3;;;0.88
2025.10.22 19:15:23;Sell;0.01;XAUUSD.f;4029.39;0.01;2025.10.22 19:32:48;4058.22;;;-28.83
2025.10.22 19:15:32;Sell;0.01;XAUUSD.f;4031.43;0.01;2025.10.22 19:32:45;4057.54;;;-26.11
2025.10.22 19:16:15;Sell;0.01;XAUUSD.f;4033.47;0.01;2025.10.22 19:32:45;4057.54;;;-24.07
2025.10.22 19:17:29;Sell;0.01;XAUUSD.f;4038.19;0.01;2025.10.22 19:32:45;4057.54;;;-19.35
2025.10.22 19:28:04;Sell;0.01;XAUUSD.f;4043.3;0.01;2025.10.22 19:32:45;4057.54;;;-14.24
2025.10.22 19:13:47;Buy;0.01;XAUUSD.f;4026.15;0.01;2025.10.22 19:14:17;4027.07;;;0.92
2025.10.22 19:13:08;Sell;0.01;XAUUSD.f;4024.18;0.01;2025.10.22 19:13:17;4024.4;;;-0.22
2025.10.22 19:11:29;Sell;0.01;XAUUSD.f;4027.16;0.01;2025.10.22 19:11:47;4026.04;;;1.12
2025.10.22 19:10:22;Sell;0.01;XAUUSD.f;4029.71;0.01;2025.10.22 19:11:19;4028.37;;;1.34
2025.10.22 19:08:37;Buy;0.01;XAUUSD.f;4032.13;0.01;2025.10.22 19:08:46;4032.79;;;0.66
2025.10.22 19:01:24;Sell;0.01;XAUUSD.f;4033.72;0.01;2025.10.22 19:01:39;4032.49;;;1.23
2025.10.22 18:58:24;Sell;0.01;XAUUSD.f;4038.04;0.01;2025.10.22 18:59:26;4037.74;;;0.3
2025.10.22 18:58:40;Sell;0.01;XAUUSD.f;4039.96;0.01;2025.10.22 18:59:25;4037.73;;;2.23
2025.10.22 17:43:42;Sell;0.01;XAUUSD.f;4024.8;0.01;2025.10.22 17:45:29;4024.87;;;-0.07
2025.10.22 17:44:01;Sell;0.01;XAUUSD.f;4027.06;0.01;2025.10.22 17:45:29;4024.82;;;2.24
2025.10.22 17:44:52;Sell;0.01;XAUUSD.f;4028.78;0.01;2025.10.22 17:45:29;4024.57;;;4.21
2025.10.22 17:38:42;Sell;0.01;XAUUSD.f;4039.18;0.01;2025.10.22 17:39:31;4037.16;;;2.02
2025.10.22 17:16:26;Sell;0.01;XAUUSD.f;4062.97;0.01;2025.10.22 17:17:09;4064.28;;;-1.31
2025.10.22 17:16:00;Sell;0.01;XAUUSD.f;4062.38;0.01;2025.10.22 17:16:08;4062.11;;;0.27
2025.10.22 17:15:37;Sell;0.01;XAUUSD.f;4064.41;0.01;2025.10.22 17:15:55;4063.36;;;1.05
2025.10.22 17:14:30;Sell;0.01;XAUUSD.f;4062.85;0.01;2025.10.22 17:15:19;4062.9;;;-0.05
2025.10.22 17:14:42;Sell;0.01;XAUUSD.f;4065.88;0.01;2025.10.22 17:15:19;4062.86;;;3.02
2025.10.22 17:14:15;Sell;0.01;XAUUSD.f;4061.48;0.01;2025.10.22 17:14:25;4062.13;;;-0.65
2025.10.22 17:14:04;Sell;0.01;XAUUSD.f;4061.2;0.01;2025.10.22 17:14:08;4060.55;;;0.65
2025.10.22 17:13:50;Sell;0.01;XAUUSD.f;4062.59;0.01;2025.10.22 17:13:58;4061.05;;;1.54
2025.10.22 17:06:52;Sell;0.01;XAUUSD.f;4064.96;0.01;2025.10.22 17:06:57;4064.86;;;0.1
2025.10.22 17:04:11;Sell;0.01;XAUUSD.f;4071.35;0.01;2025.10.22 17:04:45;4071.21;;;0.14
2025.10.22 17:03:56;Sell;0.01;XAUUSD.f;4074.75;0.01;2025.10.22 17:04:06;4072.12;;;2.63
2025.10.22 17:03:33;Sell;0.01;XAUUSD.f;4076.05;0.01;2025.10.22 17:03:47;4076.56;;;-0.51
2025.10.22 17:01:19;Sell;0.01;XAUUSD.f;4070.95;0.01;2025.10.22 17:02:27;4070.84;;;0.11
2025.10.22 17:01:28;Sell;0.01;XAUUSD.f;4073.9;0.01;2025.10.22 17:02:26;4071.35;;;2.55
2025.10.22 17:01:05;Sell;0.01;XAUUSD.f;4072.62;0.01;2025.10.22 17:01:11;4070.03;;;2.59
2025.10.22 16:59:39;Sell;0.01;XAUUSD.f;4074.92;0.01;2025.10.22 17:00:36;4073.43;;;1.49
2025.10.22 17:00:12;Sell;0.01;XAUUSD.f;4076.53;0.01;2025.10.22 17:00:35;4074.04;;;2.49
2025.10.22 16:58:46;Sell;0.01;XAUUSD.f;4077.08;0.01;2025.10.22 16:58:57;4075.73;;;1.35
2025.10.22 16:58:23;Sell;0.01;XAUUSD.f;4074.63;0.01;2025.10.22 16:58:29;4073.22;;;1.41
2025.10.22 16:57:56;Sell;0.01;XAUUSD.f;4074.8;0.01;2025.10.22 16:58:13;4074.61;;;0.19
2025.10.22 16:57:31;Sell;0.01;XAUUSD.f;4078.02;0.01;2025.10.22 16:57:49;4076.53;;;1.49
2025.10.22 16:57:05;Sell;0.01;XAUUSD.f;4076.27;0.01;2025.10.22 16:57:19;4075.3;;;0.97
2025.10.22 11:47:00;Sell;0.01;XAUUSD.f;4080.08;0.01;2025.10.22 11:48:37;4081.82;;;-1.74
2025.10.22 11:47:08;Sell;0.01;XAUUSD.f;4083.7;0.01;2025.10.22 11:48:37;4081.82;;;1.88
2025.10.22 11:47:52;Sell;0.01;XAUUSD.f;4085.8;0.01;2025.10.22 11:48:36;4082.02;;;3.7800000000000002
2025.10.22 11:46:41;Sell;0.01;XAUUSD.f;4080.92;0.01;2025.10.22 11:46:46;4080.64;;;0.28
2025.10.22 11:46:25;Sell;0.01;XAUUSD.f;4086.14;0.01;2025.10.22 11:46:33;4085.39;;;0.75
2025.10.22 11:45:58;Sell;0.01;XAUUSD.f;4089.78;0.01;2025.10.22 11:46:17;4087.17;;;2.61
2025.10.22 11:30:10;Buy;0.01;XAUUSD.f;4103.54;0.01;2025.10.22 11:31:23;4107.02;;;3.48
2025.10.22 11:28:18;Buy;0.01;XAUUSD.f;4108.7;0.01;2025.10.22 11:31:23;4107.04;;;-1.6600000000000001
2025.10.22 11:28:44;Sell;0.01;XAUUSD.f;4105.98;0.01;2025.10.22 11:29:51;4103.11;;;2.87
2025.10.22 07:17:05;Sell;0.01;XAUUSD.f;4124.84;0.01;2025.10.22 10:07:12;4133.03;;;-8.19
2025.10.22 07:23:47;Sell;0.01;XAUUSD.f;4130.2;0.01;2025.10.22 10:07:08;4133.65;;;-3.45
2025.10.22 08:05:00;Sell;0.01;XAUUSD.f;4133.23;0.01;2025.10.22 10:07:07;4134.56;;;-1.33
2025.10.22 08:07:10;Sell;0.01;XAUUSD.f;4138.11;0.01;2025.10.22 10:07:04;4133.38;;;4.73
2025.10.22 08:16:16;Sell;0.01;XAUUSD.f;4142.1;0.01;2025.10.22 10:07:03;4132.6;;;9.5
2025.10.22 08:18:06;Sell;0.01;XAUUSD.f;4145.16;0.01;2025.10.22 10:07:00;4131.29;;;13.87
2025.10.22 09:37:15;Sell;0.01;XAUUSD.f;4148.69;0.01;2025.10.22 10:06:55;4131.35;;;17.34
2025.10.22 09:42:52;Sell;0.01;XAUUSD.f;4155.52;0.01;2025.10.22 10:06:55;4131.52;;;24
2025.10.22 07:12:06;Sell;0.01;XAUUSD.f;4108.69;0.01;2025.10.22 10:06:55;4131.52;;;-22.83
2025.10.22 07:12:26;Sell;0.01;XAUUSD.f;4112.52;0.01;2025.10.22 10:06:55;4131.89;;;-19.37
2025.10.22 07:13:27;Sell;0.01;XAUUSD.f;4118.56;0.01;2025.10.22 10:06:55;4131.89;;;-13.33
2025.10.22 06:32:43;Sell;0.01;XAUUSD.f;4121.32;0.01;2025.10.22 07:11:25;4118.6;;;2.7199999999999998
2025.10.22 06:33:08;Sell;0.01;XAUUSD.f;4125.47;0.01;2025.10.22 07:11:22;4119.55;;;5.92
2025.10.22 06:35:04;Sell;0.01;XAUUSD.f;4128.95;0.01;2025.10.22 07:11:21;4120.39;;;8.56
2025.10.22 06:38:15;Sell;0.01;XAUUSD.f;4132.85;0.01;2025.10.22 07:11:19;4119.83;;;13.02
2025.10.22 06:43:04;Sell;0.01;XAUUSD.f;4139.3;0.01;2025.10.22 07:11:19;4120.02;;;19.28
2025.10.22 06:32:00;Sell;0.01;XAUUSD.f;4119.17;0.01;2025.10.22 07:11:19;4120.2;;;-1.03
2025.10.21 19:40:45;Sell;0.01;XAUUSD.f;4110.55;0.01;2025.10.21 19:58:39;4112.53;;;-1.98
2025.10.21 19:43:10;Sell;0.01;XAUUSD.f;4113.18;0.01;2025.10.21 19:58:38;4112.52;;;0.66
2025.10.21 19:48:30;Sell;0.01;XAUUSD.f;4116.73;0.01;2025.10.21 19:58:38;4112.52;;;4.21
2025.10.21 19:50:30;Sell;0.01;XAUUSD.f;4120.09;0.01;2025.10.21 19:58:38;4112.5;;;7.59
2025.10.21 19:53:47;Sell;0.01;XAUUSD.f;4124.75;0.01;2025.10.21 19:58:38;4112.53;;;12.22
2025.10.21 19:39:00;Sell;0.01;XAUUSD.f;4103.4;0.01;2025.10.21 19:58:38;4112.81;;;-9.41
2025.10.21 19:39:15;Sell;0.01;XAUUSD.f;4106.62;0.01;2025.10.21 19:58:37;4112.74;;;-6.12
2025.10.21 19:39:37;Sell;0.01;XAUUSD.f;4108.84;0.01;2025.10.21 19:58:37;4112.67;;;-3.83
2025.10.21 19:38:46;Sell;0.01;XAUUSD.f;4106.4;0.01;2025.10.21 19:38:51;4104;;;2.4
2025.10.21 19:38:35;Sell;0.01;XAUUSD.f;4109.6;0.01;2025.10.21 19:38:41;4107.78;;;1.8199999999999998
2025.10.21 19:37:59;Sell;0.01;XAUUSD.f;4110.26;0.01;2025.10.21 19:38:17;4109.99;;;0.27
2025.10.21 19:36:52;Sell;0.01;XAUUSD.f;4114.13;0.01;2025.10.21 19:37:46;4110.25;;;3.88
2025.10.21 19:36:28;Sell;0.01;XAUUSD.f;4112.05;0.01;2025.10.21 19:37:45;4110.54;;;1.51
2025.10.21 19:30:25;Sell;0.01;XAUUSD.f;4113.58;0.01;2025.10.21 19:35:50;4113.55;;;0.03
2025.10.21 19:30:38;Sell;0.01;XAUUSD.f;4115.94;0.01;2025.10.21 19:35:49;4113.52;;;2.42
2025.10.21 19:31:11;Sell;0.01;XAUUSD.f;4118.21;0.01;2025.10.21 19:35:49;4113.52;;;4.6899999999999995
2025.10.21 19:29:01;Sell;0.01;XAUUSD.f;4116.61;0.01;2025.10.21 19:30:15;4114.56;;;2.05
2025.10.21 19:29:24;Sell;0.01;XAUUSD.f;4118.66;0.01;2025.10.21 19:30:15;4114.66;;;4
2025.10.21 19:28:38;Sell;0.01;XAUUSD.f;4117.43;0.01;2025.10.21 19:28:49;4116.63;;;0.8
2025.10.21 19:26:16;Sell;0.01;XAUUSD.f;4118.56;0.01;2025.10.21 19:27:02;4118.99;;;-0.43
2025.10.21 19:26:27;Sell;0.01;XAUUSD.f;4121.47;0.01;2025.10.21 19:27:01;4118.95;;;2.52
2025.10.21 19:25:46;Sell;0.01;XAUUSD.f;4117.63;0.01;2025.10.21 19:26:02;4117.46;;;0.17
2025.10.21 19:23:01;Sell;0.01;XAUUSD.f;4120.43;0.01;2025.10.21 19:24:46;4116.93;;;3.5
2025.10.21 19:22:48;Sell;0.01;XAUUSD.f;4118.91;0.01;2025.10.21 19:24:46;4117.01;;;1.9
2025.10.21 19:21:58;Sell;0.01;XAUUSD.f;4121.12;0.01;2025.10.21 19:22:18;4119.9;;;1.22
2025.10.21 19:21:38;Sell;0.01;XAUUSD.f;4123.3;0.01;2025.10.21 19:21:44;4122.31;;;0.99
2025.10.21 19:20:27;Sell;0.01;XAUUSD.f;4127.49;0.01;2025.10.21 19:21:12;4127.19;;;0.3
2025.10.21 19:19:11;Sell;0.01;XAUUSD.f;4128.19;0.01;2025.10.21 19:19:40;4127.87;;;0.32
2025.10.21 19:17:01;Sell;0.01;XAUUSD.f;4129.56;0.01;2025.10.21 19:18:43;4129.01;;;0.55
2025.10.21 19:17:34;Sell;0.01;XAUUSD.f;4131.88;0.01;2025.10.21 19:18:43;4128.96;;;2.92
2025.10.21 19:16:32;Sell;0.01;XAUUSD.f;4126.74;0.01;2025.10.21 19:18:43;4128.96;;;-2.22
2025.10.21 19:16:05;Sell;0.01;XAUUSD.f;4129.92;0.01;2025.10.21 19:16:14;4128.29;;;1.63
2025.10.21 19:15:41;Sell;0.01;XAUUSD.f;4131.7;0.01;2025.10.21 19:15:56;4130.69;;;1.01
2025.10.21 18:38:41;Sell;0.01;XAUUSD.f;4126.61;0.01;2025.10.21 18:39:22;4125.84;;;0.77
2025.10.21 18:37:22;Sell;0.01;XAUUSD.f;4125.19;0.01;2025.10.21 18:38:20;4126.67;;;-1.48
2025.10.21 18:37:35;Sell;0.01;XAUUSD.f;4126.93;0.01;2025.10.21 18:38:20;4126.61;;;0.32
2025.10.21 18:11:19;Sell;0.01;XAUUSD.f;4143.36;0.01;2025.10.21 18:18:38;4133.59;;;9.77
2025.10.21 18:12:02;Sell;0.01;XAUUSD.f;4147.18;0.01;2025.10.21 18:18:38;4134.05;;;13.13
2025.10.21 18:05:48;Sell;0.01;XAUUSD.f;4127.51;0.01;2025.10.21 18:18:38;4134.05;;;-6.54
2025.10.21 18:06:07;Sell;0.01;XAUUSD.f;4129.93;0.01;2025.10.21 18:18:38;4134.05;;;-4.12
2025.10.21 18:07:33;Sell;0.01;XAUUSD.f;4131.86;0.01;2025.10.21 18:18:37;4134.09;;;-2.23
2025.10.21 18:08:12;Sell;0.01;XAUUSD.f;4136.45;0.01;2025.10.21 18:18:37;4134.09;;;2.36
2025.10.21 18:10:52;Sell;0.01;XAUUSD.f;4137.48;0.01;2025.10.21 18:18:37;4134.14;;;3.34
2025.10.21 18:05:30;Sell;0.01;XAUUSD.f;4127.48;0.01;2025.10.21 18:05:41;4126.34;;;1.1400000000000001
2025.10.21 18:02:40;Sell;0.01;XAUUSD.f;4130.12;0.01;2025.10.21 18:02:47;4127.32;;;2.8
2025.10.21 17:37:47;Sell;0.01;XAUUSD.f;4129.33;0.01;2025.10.21 17:38:26;4127.96;;;1.37
2025.10.21 17:37:59;Sell;0.01;XAUUSD.f;4130.77;0.01;2025.10.21 17:38:25;4128.08;;;2.69
2025.10.21 17:33:16;Sell;0.01;XAUUSD.f;4124.91;0.01;2025.10.21 17:35:42;4129.06;;;-4.15
2025.10.21 17:33:24;Sell;0.01;XAUUSD.f;4130.62;0.01;2025.10.21 17:35:42;4129.06;;;1.56
2025.10.21 17:33:56;Sell;0.01;XAUUSD.f;4134.29;0.01;2025.10.21 17:35:42;4128.21;;;6.08
2025.10.21 16:47:59;Sell;0.01;XAUUSD.f;4187.98;0.01;2025.10.21 17:04:51;4174.97;;;13.01
2025.10.21 16:47:59;Sell;0.01;XAUUSD.f;4187.98;0.01;2025.10.21 16:49:06;4171.98;;;16
2025.10.21 16:47:59;Sell;0.01;XAUUSD.f;4187.98;0.01;2025.10.21 16:48:19;4174.13;;;13.85
2025.10.21 12:17:57;Sell;0.01;XAUUSD.f;4266.56;0.01;2025.10.21 12:18:18;4265.2;;;1.3599999999999999
2025.10.21 12:15:31;Sell;0.01;XAUUSD.f;4261.06;0.01;2025.10.21 12:16:08;4259.84;;;1.22
2025.10.21 12:13:28;Sell;0.01;XAUUSD.f;4262.75;0.01;2025.10.21 12:14:06;4261.68;;;1.07
2025.10.21 12:11:57;Sell;0.01;XAUUSD.f;4259.22;0.01;2025.10.21 12:12:16;4257.86;;;1.3599999999999999
2025.10.21 12:11:20;Sell;0.01;XAUUSD.f;4260.61;0.01;2025.10.21 12:11:29;4259.78;;;0.83
2025.10.21 12:10:48;Sell;0.01;XAUUSD.f;4261.48;0.01;2025.10.21 12:10:58;4261.03;;;0.45
2025.10.21 11:17:48;Sell;0.01;XAUUSD.f;4256.7;0.01;2025.10.21 11:23:02;4259.85;;;-3.15
2025.10.21 11:18:00;Sell;0.01;XAUUSD.f;4259.33;0.01;2025.10.21 11:23:02;4259.85;;;-0.52
2025.10.21 11:18:24;Sell;0.01;XAUUSD.f;4262.29;0.01;2025.10.21 11:23:02;4260.37;;;1.92
2025.10.21 11:19:00;Sell;0.01;XAUUSD.f;4269.21;0.01;2025.10.21 11:23:02;4260.23;;;8.98
2025.10.21 11:17:21;Sell;0.01;XAUUSD.f;4256.72;0.01;2025.10.21 11:17:30;4254.74;;;1.98
2025.10.21 11:16:59;Sell;0.01;XAUUSD.f;4257.11;0.01;2025.10.21 11:17:05;4253.91;;;3.2
2025.10.21 11:13:36;Sell;0.01;XAUUSD.f;4254.17;0.01;2025.10.21 11:14:07;4253.45;;;0.72
2025.10.21 11:13:50;Sell;0.01;XAUUSD.f;4258.74;0.01;2025.10.21 11:14:06;4253.31;;;5.43
2025.10.21 11:12:57;Sell;0.01;XAUUSD.f;4267.11;0.01;2025.10.21 11:13:04;4262.58;;;4.53
2025.10.21 11:09:56;Sell;0.01;XAUUSD.f;4281.08;0.01;2025.10.21 11:10:12;4278.21;;;2.87
2025.10.21 11:05:47;Sell;0.01;XAUUSD.f;4271.52;0.01;2025.10.21 11:08:13;4272.95;;;-1.43
2025.10.21 11:05:57;Sell;0.01;XAUUSD.f;4276.05;0.01;2025.10.21 11:08:13;4273.24;;;2.81
2025.10.21 11:07:01;Sell;0.01;XAUUSD.f;4279.05;0.01;2025.10.21 11:08:13;4273.24;;;5.8100000000000005
2025.10.20 22:55:47;Buy;0.01;XAUUSD.f;4378.09;0.01;2025.10.21 04:40:19;4342;;-0.58;-36.09
2025.10.20 22:55:47;Buy;0.01;XAUUSD.f;4378.09;0.01;2025.10.21 04:40:19;4341.46;;-0.58;-36.63
2025.10.20 22:57:24;Buy;0.01;XAUUSD.f;4379.46;0.01;2025.10.21 04:30:46;4341.62;;-0.58;-37.84
2025.10.20 23:03:00;Buy;0.01;XAUUSD.f;4366.22;0.01;2025.10.21 01:06:02;4364.31;;-0.58;-1.9100000000000001
2025.10.20 23:00:03;Buy;0.01;XAUUSD.f;4378.42;0.01;2025.10.21 01:06:02;4364.31;;-0.58;-14.11
2025.10.20 23:02:00;Buy;0.01;XAUUSD.f;4370.48;0.01;2025.10.21 01:06:02;4364.34;;-0.58;-6.14
2025.10.20 23:18:01;Buy;0.01;XAUUSD.f;4350.82;0.01;2025.10.21 01:06:01;4364.34;;-0.58;13.52
2025.10.20 23:19:00;Buy;0.01;XAUUSD.f;4348.25;0.01;2025.10.21 01:06:01;4364.52;;-0.58;16.27
2025.10.20 23:04:00;Buy;0.01;XAUUSD.f;4363.77;0.01;2025.10.21 01:06:01;4364.63;;-0.58;0.86
2025.10.20 23:10:01;Buy;0.01;XAUUSD.f;4361.65;0.01;2025.10.21 01:06:01;4364.63;;-0.58;2.98
2025.10.20 23:14:01;Buy;0.01;XAUUSD.f;4356.72;0.01;2025.10.21 01:06:01;4364.64;;-0.58;7.92
2025.10.20 23:17:01;Buy;0.01;XAUUSD.f;4352.44;0.01;2025.10.21 01:06:01;4364.63;;-0.58;12.19
2025.10.20 23:02:00;Buy;0.01;XAUUSD.f;4370.8;0.01;2025.10.21 01:05:01;4365.58;;-0.58;-5.22
2025.10.20 23:00:01;Buy;0.01;XAUUSD.f;4379.06;0.01;2025.10.21 01:05:01;4365.64;;-0.58;-13.42
2025.10.20 23:19:00;Buy;0.01;XAUUSD.f;4348.12;0.01;2025.10.21 01:05:01;4364.74;;-0.58;16.62
2025.10.20 23:18:00;Buy;0.01;XAUUSD.f;4350.79;0.01;2025.10.21 01:05:01;4364.74;;-0.58;13.95
2025.10.20 23:17:00;Buy;0.01;XAUUSD.f;4353.05;0.01;2025.10.21 01:05:00;4364.89;;-0.58;11.84
2025.10.20 23:14:00;Buy;0.01;XAUUSD.f;4356.27;0.01;2025.10.21 01:05:00;4364.79;;-0.58;8.52
2025.10.20 23:10:00;Buy;0.01;XAUUSD.f;4361.74;0.01;2025.10.21 01:05:00;4366.42;;-0.58;4.68
2025.10.20 23:04:00;Buy;0.01;XAUUSD.f;4363.48;0.01;2025.10.21 01:05:00;4366.5;;-0.58;3.02
2025.10.20 23:03:00;Buy;0.01;XAUUSD.f;4365.82;0.01;2025.10.21 01:05:00;4366.5;;-0.58;0.68
2025.10.20 22:57:12;Buy;0.01;XAUUSD.f;4378.56;0.01;2025.10.20 23:13:41;4356.66;;;-21.9
2025.10.20 22:12:01;Buy;0.01;XAUUSD.f;4366.15;0.01;2025.10.20 22:20:00;4366.64;;;0.49
2025.10.20 22:12:00;Buy;0.01;XAUUSD.f;4366.3;0.01;2025.10.20 22:20:00;4366.96;;;0.66
2025.10.20 22:06:00;Buy;0.01;XAUUSD.f;4363.11;0.01;2025.10.20 22:08:01;4365.9;;;2.79
2025.10.20 22:06:00;Buy;0.01;XAUUSD.f;4363.12;0.01;2025.10.20 22:08:00;4366.04;;;2.92
2025.10.20 19:45:00;Buy;0.01;XAUUSD.f;4346.4;0.01;2025.10.20 19:52:00;4346;;;-0.4
2025.10.20 19:51:00;Buy;0.01;XAUUSD.f;4344.59;0.01;2025.10.20 19:52:00;4346;;;1.41
2025.10.20 19:45:00;Buy;0.01;XAUUSD.f;4346.62;0.01;2025.10.20 19:46:00;4347.35;;;0.73
2025.10.20 19:30:00;Buy;0.01;XAUUSD.f;4345.26;0.01;2025.10.20 19:32:00;4346.02;;;0.76
2025.10.20 19:30:00;Buy;0.01;XAUUSD.f;4345.23;0.01;2025.10.20 19:32:00;4346.13;;;0.9
2025.10.20 19:15:00;Buy;0.01;XAUUSD.f;4346.52;0.01;2025.10.20 19:17:01;4349.44;;;2.92
2025.10.20 19:15:00;Buy;0.01;XAUUSD.f;4346.36;0.01;2025.10.20 19:17:00;4349.46;;;3.1
2025.10.20 19:01:01;Buy;0.01;XAUUSD.f;4347.35;0.01;2025.10.20 19:07:01;4350.17;;;2.82
2025.10.20 19:03:00;Buy;0.01;XAUUSD.f;4345.69;0.01;2025.10.20 19:07:01;4350.26;;;4.57
2025.10.20 19:00:01;Buy;0.01;XAUUSD.f;4349.01;0.01;2025.10.20 19:07:01;4350.27;;;1.26
2025.10.20 19:03:00;Buy;0.01;XAUUSD.f;4345.61;0.01;2025.10.20 19:07:00;4350.19;;;4.58
2025.10.20 19:01:00;Buy;0.01;XAUUSD.f;4347.25;0.01;2025.10.20 19:07:00;4350.19;;;2.94
2025.10.20 19:00:00;Buy;0.01;XAUUSD.f;4349.55;0.01;2025.10.20 19:07:00;4350.83;;;1.28
2025.10.20 12:39:41;Sell;0.01;XAUUSD.f;4254.87;0.01;2025.10.20 13:04:15;4254.81;;;0.06
2025.10.20 12:40:22;Sell;0.01;XAUUSD.f;4256.87;0.01;2025.10.20 13:04:02;4255.79;;;1.08
2025.10.20 12:46:01;Sell;0.01;XAUUSD.f;4257.74;0.01;2025.10.20 13:04:02;4255.79;;;1.95
2025.10.20 12:47:35;Sell;0.01;XAUUSD.f;4261.99;0.01;2025.10.20 13:04:01;4256.04;;;5.95
2025.10.20 11:40:35;Sell;0.01;XAUUSD.f;4259.5;0.01;2025.10.20 11:40:49;4258.42;;;1.08
2025.10.20 11:39:13;Sell;0.01;XAUUSD.f;4261.1;0.01;2025.10.20 11:39:34;4260.44;;;0.66
2025.10.17 03:45:00;Buy;0.01;XAUUSD.f;4367.47;0.01;2025.10.17 03:46:00;4368.34;;;0.87
2025.10.17 03:30:00;Buy;0.01;XAUUSD.f;4358.07;0.01;2025.10.17 03:38:00;4357.83;;;-0.24
2025.10.17 03:36:00;Buy;0.01;XAUUSD.f;4355.72;0.01;2025.10.17 03:38:00;4357.83;;;2.11
2025.10.17 03:15:00;Buy;0.01;XAUUSD.f;4357.03;0.01;2025.10.17 03:17:00;4358.24;;;1.21
2025.10.17 03:00:00;Buy;0.01;XAUUSD.f;4365.8;0.01;2025.10.17 03:04:00;4365.71;;;-0.09
2025.10.17 03:02:00;Buy;0.01;XAUUSD.f;4364.05;0.01;2025.10.17 03:04:00;4365.64;;;1.5899999999999999
2025.10.16 23:54:00;Buy;0.01;XAUUSD.f;4328.48;0.01;2025.10.16 23:55:00;4329.28;;;0.8
2025.10.16 23:48:00;Buy;0.01;XAUUSD.f;4321.96;0.01;2025.10.16 23:49:00;4324.53;;;2.57
2025.10.16 19:35:00;Buy;0.01;XAUUSD.f;4277.99;0.01;2025.10.16 19:47:01;4276.71;;;-1.28
2025.10.16 19:34:00;Buy;0.01;XAUUSD.f;4284.3;0.01;2025.10.16 19:47:01;4276.89;;;-7.41
2025.10.16 19:33:00;Buy;0.01;XAUUSD.f;4287.3;0.01;2025.10.16 19:47:01;4276.84;;;-10.46
2025.10.16 19:30:00;Buy;0.01;XAUUSD.f;4289.8;0.01;2025.10.16 19:47:01;4276.84;;;-12.96
2025.10.16 19:41:00;Buy;0.01;XAUUSD.f;4263.25;0.01;2025.10.16 19:47:00;4277.15;;;13.9
2025.10.16 19:40:00;Buy;0.01;XAUUSD.f;4265.47;0.01;2025.10.16 19:47:00;4277.15;;;11.68
2025.10.16 19:39:00;Buy;0.01;XAUUSD.f;4269.96;0.01;2025.10.16 19:47:00;4277.13;;;7.17
2025.10.16 19:37:00;Buy;0.01;XAUUSD.f;4272.4;0.01;2025.10.16 19:47:00;4277.12;;;4.72
2025.10.16 19:15:00;Buy;0.01;XAUUSD.f;4278.85;0.01;2025.10.16 19:16:00;4280.26;;;1.41
2025.10.15 03:18:00;Buy;0.01;XAUUSD.f;4166.98;0.01;2025.10.15 03:40:01;4163.61;;;-3.37
2025.10.15 03:15:00;Buy;0.01;XAUUSD.f;4168.8;0.01;2025.10.15 03:40:01;4163.61;;;-5.19
2025.10.15 03:29:00;Buy;0.01;XAUUSD.f;4156.55;0.01;2025.10.15 03:40:01;4163.61;;;7.06
2025.10.15 03:28:00;Buy;0.01;XAUUSD.f;4159.15;0.01;2025.10.15 03:40:00;4163.7;;;4.55
2025.10.15 03:25:00;Buy;0.01;XAUUSD.f;4163.98;0.01;2025.10.15 03:40:00;4164.2;;;0.22
2025.10.13 19:17:00;Buy;0.01;XAUUSD.f;4113.81;0.01;2025.10.13 19:49:00;4112.63;;;-1.18
2025.10.13 19:15:00;Buy;0.01;XAUUSD.f;4115.98;0.01;2025.10.13 19:49:00;4112.63;;;-3.35
2025.10.13 19:37:00;Buy;0.01;XAUUSD.f;4106.88;0.01;2025.10.13 19:49:00;4112.47;;;5.59
2025.10.13 19:28:00;Buy;0.01;XAUUSD.f;4110.69;0.01;2025.10.13 19:49:00;4112.47;;;1.78
2025.10.13 02:08:26;Buy;0.01;XAUUSD.f;4058.12;0.01;2025.10.13 08:24:26;4070.83;;;12.71
2025.10.13 03:47:00;Buy;0.01;XAUUSD.f;4052.38;0.01;2025.10.13 04:10:00;4049.49;;;-2.89
2025.10.13 03:46:00;Buy;0.01;XAUUSD.f;4054.91;0.01;2025.10.13 04:10:00;4049.49;;;-5.42
2025.10.13 03:45:00;Buy;0.01;XAUUSD.f;4057.17;0.01;2025.10.13 04:10:00;4049.49;;;-7.68
2025.10.13 04:01:00;Buy;0.01;XAUUSD.f;4037.54;0.01;2025.10.13 04:10:00;4049.49;;;11.95
2025.10.13 04:00:00;Buy;0.01;XAUUSD.f;4044.1;0.01;2025.10.13 04:10:00;4049.49;;;5.39
2025.10.13 03:49:00;Buy;0.01;XAUUSD.f;4046.05;0.01;2025.10.13 04:10:00;4049.49;;;3.44
2025.10.13 03:48:00;Buy;0.01;XAUUSD.f;4047.69;0.01;2025.10.13 04:10:00;4049.55;;;1.8599999999999999
2025.10.13 03:00:00;Buy;0.01;XAUUSD.f;4035.19;0.01;2025.10.13 03:24:00;4034.14;;;-1.05
2025.10.13 03:09:00;Buy;0.01;XAUUSD.f;4026.44;0.01;2025.10.13 03:24:00;4034.14;;;7.7
2025.10.13 03:04:00;Buy;0.01;XAUUSD.f;4031.5;0.01;2025.10.13 03:24:00;4034.14;;;2.64
2025.10.13 03:03:00;Buy;0.01;XAUUSD.f;4033.35;0.01;2025.10.13 03:24:00;4034.14;;;0.79
2025.10.13 02:08:26;Buy;0.01;XAUUSD.f;4058.97;0.01;2025.10.13 03:22:18;4024.59;;;-34.38
2025.10.13 02:08:26;Buy;0.01;XAUUSD.f;4058.12;0.01;2025.10.13 03:12:18;4030.01;;;-28.11
2025.10.13 02:08:26;Buy;0.01;XAUUSD.f;4058.32;0.01;2025.10.13 02:41:02;4037.74;;;-20.58
2025.10.13 02:08:23;Buy;0.01;XAUUSD.f;4057.03;0.01;2025.10.13 02:14:16;4041.16;;;-15.87
2025.10.10 23:36:00;Buy;0.01;XAUUSD.f;4010.77;0.01;2025.10.10 23:43:00;4010.05;;;-0.72
2025.10.10 23:41:00;Buy;0.01;XAUUSD.f;4008.33;0.01;2025.10.10 23:43:00;4009.96;;;1.63
2025.10.10 23:30:00;Buy;0.01;XAUUSD.f;4012.64;0.01;2025.10.10 23:35:00;4011.72;;;-0.92
2025.10.10 23:33:00;Buy;0.01;XAUUSD.f;4010.2;0.01;2025.10.10 23:35:00;4012.04;;;1.8399999999999999
2025.10.09 23:50:00;Sell;0.01;XAUUSD.f;3976.45;0.01;2025.10.09 23:51:00;3975.08;;;1.37
2025.10.09 23:00:00;Sell;0.01;XAUUSD.f;3973.23;0.01;2025.10.09 23:42:00;3974.54;;;-1.31
2025.10.09 23:05:00;Sell;0.01;XAUUSD.f;3977.19;0.01;2025.10.09 23:42:00;3974.62;;;2.57
2025.10.09 16:08:44;Buy;0.01;XAUUSD.f;4057.4;0.01;2025.10.09 16:48:09;4025.58;;;-31.82
2025.10.09 16:24:54;Buy;0.01;XAUUSD.f;4057.37;0.01;2025.10.09 16:30:00;4055.39;;;-1.98
2025.10.08 03:30:00;Buy;0.01;XAUUSD.f;3998.66;0.01;2025.10.08 03:51:00;3997.42;;;-1.24
2025.10.08 03:31:00;Buy;0.01;XAUUSD.f;3993;0.01;2025.10.08 03:51:00;3997.46;;;4.46
2025.10.08 03:15:00;Buy;0.01;XAUUSD.f;3996.92;0.01;2025.10.08 03:19:00;3997.55;;;0.63
2025.10.08 03:00:00;Buy;0.01;XAUUSD.f;3994.53;0.01;2025.10.08 03:01:00;3995.38;;;0.85
2025.10.06 03:03:00;Buy;0.01;XAUUSD.f;3906.11;0.01;2025.10.06 04:09:15;3906.26;;;0.15
2025.10.06 03:01:00;Buy;0.01;XAUUSD.f;3908.11;0.01;2025.10.06 04:09:14;3906.27;;;-1.8399999999999999
2025.10.06 03:00:00;Buy;0.01;XAUUSD.f;3909.66;0.01;2025.10.06 04:09:04;3905.54;;;-4.12
2025.10.06 03:25:00;Buy;0.01;XAUUSD.f;3900.52;0.01;2025.10.06 04:09:00;3905.77;;;5.25
2025.10.06 03:12:00;Buy;0.01;XAUUSD.f;3902.98;0.01;2025.10.06 04:09:00;3905.8;;;2.82
2025.10.06 03:07:00;Buy;0.01;XAUUSD.f;3904.56;0.01;2025.10.06 04:09:00;3905.86;;;1.3
2025.10.06 01:59:51;Buy;0.01;XAUUSD.f;3896.79;0.01;2025.10.06 02:04:42;3918.78;;;21.99
2025.10.06 01:47:41;Buy;0.01;XAUUSD.f;3895.07;0.01;2025.10.06 02:02:55;3908.55;;;13.48
2025.10.06 01:56:21;Buy;0.01;XAUUSD.f;3894.98;0.01;2025.10.06 02:02:43;3907.88;;;12.9
2025.10.06 01:50:23;Buy;0.01;XAUUSD.f;3895.01;0.01;2025.10.06 02:02:43;3907.85;;;12.84
2025.10.06 01:47:37;Buy;0.01;XAUUSD.f;3894.98;0.01;2025.10.06 02:02:43;3907.85;;;12.87
2025.10.02 23:12:00;Buy;0.01;XAUUSD.f;3857.96;0.01;2025.10.03 01:05:00;3857.14;;-0.55;-0.82
2025.10.02 23:46:00;Buy;0.01;XAUUSD.f;3854.86;0.01;2025.10.03 01:05:00;3857.14;;-0.55;2.2800000000000002
2025.10.02 23:28:00;Buy;0.01;XAUUSD.f;3856.42;0.01;2025.10.03 01:05:00;3857.16;;-0.55;0.74
2025.10.02 22:57:00;Buy;0.01;XAUUSD.f;3854.42;0.01;2025.10.02 23:07:00;3856.97;;;2.55
2025.10.02 22:54:00;Buy;0.01;XAUUSD.f;3856.62;0.01;2025.10.02 23:07:00;3856.99;;;0.37
2025.10.02 22:48:00;Buy;0.01;XAUUSD.f;3856.33;0.01;2025.10.02 22:50:00;3856.93;;;0.6
2025.10.02 16:24:09;Buy;0.01;XAUUSD.f;3893.46;0.01;2025.10.02 17:30:12;3865.25;;;-28.21
2025.10.02 16:29:41;Buy;0.01;XAUUSD.f;3893.46;0.01;2025.10.02 17:29:57;3864.64;;;-28.82
2025.10.02 16:24:10;Buy;0.01;XAUUSD.f;3893.65;0.01;2025.10.02 17:28:23;3862.46;;;-31.19
2025.10.02 16:31:45;Buy;0.01;XAUUSD.f;3895.25;0.01;2025.10.02 16:45:00;3883.17;;;-12.08
2025.10.01 07:09:18;Balance;;;;;;;;;-125.92
2025.09.30 23:00:00;Buy;0.01;XAUUSD.f;3859.25;0.01;2025.09.30 23:33:01;3855.56;;;-3.69
2025.09.30 23:06:00;Buy;0.01;XAUUSD.f;3851.26;0.01;2025.09.30 23:33:00;3855.67;;;4.41
2025.09.30 23:04:00;Buy;0.01;XAUUSD.f;3853.91;0.01;2025.09.30 23:33:00;3855.79;;;1.88
2025.09.30 23:01:00;Buy;0.01;XAUUSD.f;3855.86;0.01;2025.09.30 23:33:00;3855.98;;;0.12
2025.09.30 22:54:00;Buy;0.01;XAUUSD.f;3859.53;0.01;2025.09.30 22:56:00;3860.77;;;1.24
2025.09.30 22:42:00;Buy;0.01;XAUUSD.f;3855.47;0.01;2025.09.30 22:52:00;3856.97;;;1.5
2025.09.30 22:36:00;Buy;0.01;XAUUSD.f;3854.6;0.01;2025.09.30 22:40:00;3855.26;;;0.66
2025.09.30 22:30:00;Buy;0.01;XAUUSD.f;3853.57;0.01;2025.09.30 22:31:00;3854.15;;;0.58
2025.09.29 05:19:32;Buy;0.01;XAUUSD.f;3790.18;0.01;2025.09.30 11:07:18;3838.54;;-0.55;48.36
2025.09.29 05:15:20;Buy;0.01;XAUUSD.f;3788.16;0.01;2025.09.29 10:34:21;3811.01;;;22.85
2025.09.29 03:46:33;Buy;0.01;XAUUSD.f;3786.6;0.01;2025.09.29 08:58:07;3813.15;;;26.55
2025.09.29 05:12:18;Buy;0.01;XAUUSD.f;3786.03;0.01;2025.09.29 07:52:48;3807.43;;;21.4
2025.09.29 05:19:25;Buy;0.01;XAUUSD.f;3789.7;0.01;2025.09.29 05:26:27;3790.83;;;1.13
2025.09.29 05:19:25;Buy;0.01;XAUUSD.f;3789.7;0.01;2025.09.29 05:26:27;3790.83;;;1.13
2025.09.29 05:19:44;Buy;0.01;XAUUSD.f;3791.13;0.01;2025.09.29 05:25:12;3791.31;;;0.18
2025.09.29 05:16:07;Buy;0.01;XAUUSD.f;3788.69;0.01;2025.09.29 05:17:00;3786.1;;;-2.59
2025.09.29 04:01:36;Buy;0.01;XAUUSD.f;3788.7;0.01;2025.09.29 04:02:00;3786.25;;;-2.45
2025.09.29 04:00:01;Buy;0.01;XAUUSD.f;3788;0.01;2025.09.29 04:01:00;3786.65;;;-1.35
2025.09.26 22:33:00;Buy;0.01;XAUUSD.f;3770.81;0.01;2025.09.29 01:18:00;3770.34;;-0.55;-0.47
2025.09.26 22:08:00;Buy;0.01;XAUUSD.f;3773.4;0.01;2025.09.29 01:18:00;3770.34;;-0.55;-3.06
2025.09.26 22:04:00;Buy;0.01;XAUUSD.f;3775.28;0.01;2025.09.29 01:18:00;3770.34;;-0.55;-4.9399999999999995
2025.09.26 22:00:00;Buy;0.01;XAUUSD.f;3778.72;0.01;2025.09.29 01:18:00;3770.34;;-0.55;-8.38
2025.09.26 23:50:00;Buy;0.01;XAUUSD.f;3762.37;0.01;2025.09.29 01:18:00;3770.34;;-0.55;7.97
2025.09.26 23:41:00;Buy;0.01;XAUUSD.f;3764.2;0.01;2025.09.29 01:18:00;3770.34;;-0.55;6.14
2025.09.26 22:53:00;Buy;0.01;XAUUSD.f;3765.77;0.01;2025.09.29 01:18:00;3770.33;;-0.55;4.5600000000000005
2025.09.26 22:38:00;Buy;0.01;XAUUSD.f;3768.68;0.01;2025.09.29 01:18:00;3770.56;;-0.55;1.88
2025.09.26 19:08:00;Buy;0.01;XAUUSD.f;3778.99;0.01;2025.09.26 19:47:00;3777.47;;;-1.52
2025.09.26 19:00:00;Buy;0.01;XAUUSD.f;3780.6;0.01;2025.09.26 19:47:00;3777.47;;;-3.13
2025.09.26 19:22:00;Buy;0.01;XAUUSD.f;3772.72;0.01;2025.09.26 19:47:00;3777.47;;;4.75
2025.09.26 19:15:00;Buy;0.01;XAUUSD.f;3775.39;0.01;2025.09.26 19:47:00;3777.5;;;2.11
2025.09.26 19:14:00;Buy;0.01;XAUUSD.f;3777.31;0.01;2025.09.26 19:47:00;3777.54;;;0.23
2025.09.25 22:12:00;Buy;0.01;XAUUSD.f;3754.78;0.01;2025.09.25 22:16:00;3754.74;;;-0.04
2025.09.25 22:00:00;Buy;0.01;XAUUSD.f;3755.55;0.01;2025.09.25 22:04:00;3754.94;;;-0.61
2025.09.25 22:01:00;Buy;0.01;XAUUSD.f;3753.19;0.01;2025.09.25 22:04:00;3754.87;;;1.6800000000000002
2025.09.24 23:43:00;Sell;0.01;XAUUSD.f;3736.38;0.01;2025.09.25 04:43:01;3738.03;;0.78;-1.65
2025.09.24 23:35:00;Sell;0.01;XAUUSD.f;3733.31;0.01;2025.09.25 04:43:01;3738.04;;0.78;-4.73
2025.09.24 23:00:00;Sell;0.01;XAUUSD.f;3730.04;0.01;2025.09.25 04:43:01;3738;;0.78;-7.96
2025.09.25 03:15:00;Sell;0.01;XAUUSD.f;3750.01;0.01;2025.09.25 04:43:01;3738;;;12.01
2025.09.25 03:05:00;Sell;0.01;XAUUSD.f;3746.18;0.01;2025.09.25 04:43:01;3737.97;;;8.21
2025.09.25 01:21:00;Sell;0.01;XAUUSD.f;3743;0.01;2025.09.25 04:43:00;3737.86;;;5.14
2025.09.25 01:05:00;Sell;0.01;XAUUSD.f;3739.42;0.01;2025.09.25 04:43:00;3738.04;;;1.38
2025.09.22 22:06:00;Buy;0.01;XAUUSD.f;3748.06;0.01;2025.09.22 22:39:01;3746.27;;;-1.79
2025.09.22 22:29:00;Buy;0.01;XAUUSD.f;3743.96;0.01;2025.09.22 22:39:01;3746.28;;;2.32
2025.09.22 22:23:00;Buy;0.01;XAUUSD.f;3746.07;0.01;2025.09.22 22:39:00;3746.72;;;0.65
2025.09.22 22:00:00;Buy;0.01;XAUUSD.f;3747.88;0.01;2025.09.22 22:02:01;3748.47;;;0.59
2025.09.22 22:00:00;Buy;0.01;XAUUSD.f;3747.89;0.01;2025.09.22 22:02:00;3748.49;;;0.6
2025.09.22 09:34:09;Buy;0.01;XAUUSD.f;3707.34;0.01;2025.09.22 13:47:28;3727.62;;;20.28
2025.09.22 09:25:51;Buy;0.01;XAUUSD.f;3705.15;0.01;2025.09.22 10:13:12;3710.38;;;5.23
2025.09.22 09:29:27;Buy;0.01;XAUUSD.f;3706.51;0.01;2025.09.22 10:10:54;3710.88;;;4.37
2025.09.22 09:27:50;Buy;0.01;XAUUSD.f;3705.74;0.01;2025.09.22 09:48:16;3718.46;;;12.72
2025.09.22 09:27:49;Buy;0.01;XAUUSD.f;3705.73;0.01;2025.09.22 09:46:51;3717.88;;;12.15
2025.09.22 03:57:00;Buy;0.01;XAUUSD.f;3688.07;0.01;2025.09.22 04:00:01;3690.67;;;2.6
2025.09.22 03:45:00;Buy;0.01;XAUUSD.f;3689.67;0.01;2025.09.22 04:00:00;3690.84;;;1.17
2025.09.22 03:15:00;Buy;0.01;XAUUSD.f;3690.8;0.01;2025.09.22 03:33:00;3690.73;;;-0.07
2025.09.22 03:23:00;Buy;0.01;XAUUSD.f;3689.05;0.01;2025.09.22 03:33:00;3690.65;;;1.6
2025.09.19 22:15:00;Buy;0.01;XAUUSD.f;3683.77;0.01;2025.09.19 22:48:00;3683.67;;;-0.1
2025.09.19 22:35:00;Buy;0.01;XAUUSD.f;3681.95;0.01;2025.09.19 22:48:00;3683.67;;;1.72
2025.09.19 22:00:00;Buy;0.01;XAUUSD.f;3683.92;0.01;2025.09.19 22:13:00;3684.47;;;0.55
2025.09.19 22:00:00;Buy;0.01;XAUUSD.f;3683.92;0.01;2025.09.19 22:13:00;3684.45;;;0.53
2025.09.18 23:33:00;Buy;0.01;XAUUSD.f;3644.93;0.01;2025.09.19 04:05:01;3643.86;;-0.55;-1.07
2025.09.18 23:00:00;Buy;0.01;XAUUSD.f;3646.93;0.01;2025.09.19 04:05:01;3643.86;;-0.55;-3.07
2025.09.19 02:45:00;Buy;0.01;XAUUSD.f;3638.29;0.01;2025.09.19 04:05:01;3643.88;;;5.59
2025.09.19 01:58:00;Buy;0.01;XAUUSD.f;3639.99;0.01;2025.09.19 04:05:00;3643.96;;;3.9699999999999998
2025.09.19 01:50:00;Buy;0.01;XAUUSD.f;3641.63;0.01;2025.09.19 04:05:00;3643.96;;;2.33
2025.09.19 01:05:00;Buy;0.01;XAUUSD.f;3643.32;0.01;2025.09.19 04:05:00;3643.94;;;0.62
2025.09.18 16:45:16;Sell;0.01;XAUUSD.f;3628.39;0.01;2025.09.18 16:46:01;3632;;;-3.61
2025.09.18 16:45:16;Sell;0.01;XAUUSD.f;3627.92;0.01;2025.09.18 16:46:00;3632.12;;;-4.2
2025.09.18 16:45:04;Sell;0.01;XAUUSD.f;3628.63;0.01;2025.09.18 16:46:00;3631.89;;;-3.26
2025.09.17 21:08:52;Buy;0.01;XAUUSD.f;3701.69;0.01;2025.09.17 21:40:30;3671.07;;;-30.62
2025.09.17 21:09:01;Buy;0.01;XAUUSD.f;3703.95;0.01;2025.09.17 21:35:28;3671.32;;;-32.63
2025.09.17 21:08:52;Buy;0.01;XAUUSD.f;3701.69;0.01;2025.09.17 21:33:35;3678.15;;;-23.54
2025.09.15 18:47:21;Buy;0.01;XAUUSD.f;3669.81;0.01;2025.09.16 10:17:47;3692.65;;-0.55;22.84
2025.09.15 18:49:29;Buy;0.01;XAUUSD.f;3671.67;0.01;2025.09.16 05:46:21;3675.64;;-0.55;3.9699999999999998
2025.09.15 18:49:49;Buy;0.01;XAUUSD.f;3674.04;0.01;2025.09.16 04:15:21;3678.6;;-0.55;4.5600000000000005
2025.09.15 22:45:00;Buy;0.01;XAUUSD.f;3682.29;0.01;2025.09.15 23:06:00;3681.65;;;-0.64
2025.09.15 23:01:00;Buy;0.01;XAUUSD.f;3679.72;0.01;2025.09.15 23:06:00;3681.66;;;1.94
2025.09.15 22:15:00;Buy;0.01;XAUUSD.f;3680.26;0.01;2025.09.15 22:35:00;3680.84;;;0.58
2025.09.15 22:00:00;Buy;0.01;XAUUSD.f;3677.14;0.01;2025.09.15 22:04:00;3678;;;0.86
2025.09.15 20:00:00;Sell;0.01;XAUUSD.f;3679.38;0.01;2025.09.15 20:15:54;3680.17;;;-0.79
2025.09.15 19:45:00;Buy;0.01;XAUUSD.f;3678.99;0.01;2025.09.15 19:49:00;3678.64;;;-0.35
2025.09.15 19:46:00;Buy;0.01;XAUUSD.f;3676.75;0.01;2025.09.15 19:49:00;3678.7;;;1.95
2025.09.15 18:49:35;Buy;0.01;XAUUSD.f;3672.38;0.01;2025.09.15 19:46:02;3676.07;;;3.69
2025.09.15 19:15:00;Buy;0.01;XAUUSD.f;3681.14;0.01;2025.09.15 19:21:00;3681.79;;;0.65
2025.09.15 19:00:00;Buy;0.01;XAUUSD.f;3680.85;0.01;2025.09.15 19:06:00;3680.64;;;-0.21
2025.09.15 19:01:00;Buy;0.01;XAUUSD.f;3678.18;0.01;2025.09.15 19:06:00;3680.53;;;2.35
2025.09.15 18:49:43;Buy;0.01;XAUUSD.f;3672.99;0.01;2025.09.15 19:02:22;3679.13;;;6.14
2025.09.15 18:49:44;Buy;0.01;XAUUSD.f;3673.04;0.01;2025.09.15 19:01:58;3679.1;;;6.06
2025.09.15 18:50:02;Buy;0.01;XAUUSD.f;3674.72;0.01;2025.09.15 19:01:54;3678.99;;;4.27
2025.09.15 18:41:00;Buy;0.01;XAUUSD.f;3669.18;0.01;2025.09.15 18:50:26;3673.15;;;3.9699999999999998
2025.09.15 16:32:49;Buy;0.01;XAUUSD.f;3654.91;0.01;2025.09.15 16:48:09;3660.65;;;5.74
2025.09.15 16:35:45;Buy;0.01;XAUUSD.f;3656.45;0.01;2025.09.15 16:43:10;3662.37;;;5.92
2025.09.15 16:32:48;Buy;0.01;XAUUSD.f;3654.83;0.01;2025.09.15 16:41:08;3663.15;;;8.32
2025.09.11 12:04:09;Sell;0.01;XAUUSD.f;3622.36;0.01;2025.09.11 12:49:00;3622;;;0.36
2025.09.11 12:04:09;Sell;0.01;XAUUSD.f;3622.51;0.01;2025.09.11 12:47:25;3621.33;;;1.18
2025.09.11 12:09:42;Sell;0.01;XAUUSD.f;3621.63;0.01;2025.09.11 12:33:48;3620.51;;;1.12
2025.09.11 12:07:32;Sell;0.01;XAUUSD.f;3622.52;0.01;2025.09.11 12:08:00;3623.37;;;-0.85
2025.09.09 17:14:37;Sell;0.01;XAUUSD.f;3651.47;0.01;2025.09.09 17:20:49;3647.98;;;3.49
2025.09.09 17:14:37;Sell;0.01;XAUUSD.f;3651.38;0.01;2025.09.09 17:20:49;3647.98;;;3.4
2025.09.09 17:09:02;Sell;0.01;XAUUSD.f;3642.28;0.01;2025.09.09 17:20:28;3647.85;;;-5.57
2025.09.08 18:30:04;Buy;0.01;XAUUSD.f;3636;0.01;2025.09.08 18:50:41;3639.91;;;3.91
2025.09.08 18:30:04;Buy;0.01;XAUUSD.f;3636.03;0.01;2025.09.08 18:50:41;3639.91;;;3.88
2025.09.08 18:11:53;Buy;0.01;XAUUSD.f;3645.14;0.01;2025.09.08 18:50:41;3639.91;;;-5.23
2025.09.08 13:13:45;Buy;0.01;XAUUSD.f;3617.32;0.01;2025.09.08 13:16:31;3620.92;;;3.6
2025.09.08 10:34:17;Buy;0.01;XAUUSD.f;3611.85;0.01;2025.09.08 11:23:33;3615.46;;;3.61
2025.09.05 19:30:00;Buy;0.01;XAUUSD.f;3599.86;0.01;2025.09.05 20:31:00;3597.19;;;-2.67
2025.09.05 20:06:00;Buy;0.01;XAUUSD.f;3592.38;0.01;2025.09.05 20:31:00;3597.22;;;4.84
2025.09.05 19:40:00;Buy;0.01;XAUUSD.f;3594.25;0.01;2025.09.05 20:31:00;3597.31;;;3.06
2025.09.05 19:36:00;Buy;0.01;XAUUSD.f;3596.86;0.01;2025.09.05 20:31:00;3597.37;;;0.51
2025.09.05 19:30:00;Sell;0.01;XAUUSD.f;3599.64;0.01;2025.09.05 19:36:06;3597.42;;;2.22
2025.09.05 19:15:00;Buy;0.01;XAUUSD.f;3597.35;0.01;2025.09.05 19:19:00;3597.93;;;0.58
2025.09.05 19:00:00;Buy;0.01;XAUUSD.f;3592.3;0.01;2025.09.05 19:03:00;3592.96;;;0.66
2025.09.05 18:00:00;Sell;0.01;XAUUSD.f;3590.2;0.01;2025.09.05 18:08:35;3588.17;;;2.03
2025.09.05 16:46:37;Buy;0.01;XAUUSD.f;3587.27;0.01;2025.09.05 16:47:16;3588.97;;;1.7
2025.09.05 15:31:58;Buy;0.01;XAUUSD.f;3577.27;0.01;2025.09.05 15:33:17;3581.16;;;3.89
2025.09.04 07:00:00;Buy;0.01;XAUUSD.f;3529.28;0.01;2025.09.04 07:04:36;3531.1;;;1.8199999999999998
2025.09.04 05:48:00;Sell;0.01;XAUUSD.f;3531.94;0.01;2025.09.04 05:52:31;3530.25;;;1.69
2025.09.03 19:00:00;Buy;0.01;XAUUSD.f;3564.06;0.01;2025.09.03 19:08:00;3564.83;;;0.77
2025.09.03 17:54:14;Buy;0.01;XAUUSD.f;3555.48;0.01;2025.09.03 18:01:09;3559.5;;;4.02
2025.09.03 17:54:13;Buy;0.01;XAUUSD.f;3555.53;0.01;2025.09.03 18:01:09;3559.5;;;3.9699999999999998
2025.09.03 17:24:19;Buy;0.01;XAUUSD.f;3564.6;0.01;2025.09.03 18:01:09;3559.5;;;-5.1
2025.09.02 22:54:00;Buy;0.01;XAUUSD.f;3534.54;0.01;2025.09.03 03:20:02;3534.08;;-0.55;-0.46
2025.09.02 22:53:00;Buy;0.01;XAUUSD.f;3538.25;0.01;2025.09.03 03:20:02;3534.08;;-0.55;-4.17
2025.09.02 22:42:00;Buy;0.01;XAUUSD.f;3539.89;0.01;2025.09.03 03:20:02;3534.32;;-0.55;-5.57
2025.09.03 02:37:00;Buy;0.01;XAUUSD.f;3527;0.01;2025.09.03 03:20:02;3534.31;;;7.31
2025.09.03 02:13:00;Buy;0.01;XAUUSD.f;3528.75;0.01;2025.09.03 03:20:01;3534.33;;;5.58
2025.09.03 01:37:00;Buy;0.01;XAUUSD.f;3530.66;0.01;2025.09.03 03:20:00;3534.28;;;3.62
2025.09.03 01:05:00;Buy;0.01;XAUUSD.f;3532.81;0.01;2025.09.03 03:20:00;3534.19;;;1.38
2025.09.02 22:36:00;Buy;0.01;XAUUSD.f;3538.36;0.01;2025.09.02 22:37:00;3539.11;;;0.75
2025.09.02 22:30:00;Buy;0.01;XAUUSD.f;3536.64;0.01;2025.09.02 22:32:01;3537.52;;;0.88
2025.09.02 22:30:00;Buy;0.01;XAUUSD.f;3536.65;0.01;2025.09.02 22:32:00;3537.53;;;0.88
2025.09.02 22:15:00;Buy;0.01;XAUUSD.f;3535.99;0.01;2025.09.02 22:17:00;3536.6;;;0.61
2025.09.02 22:05:14;Buy;0.01;XAUUSD.f;3532;0.01;2025.09.02 22:09:19;3533.93;;;1.9300000000000002
2025.09.02 22:00:00;Buy;0.01;XAUUSD.f;3528.66;0.01;2025.09.02 22:02:00;3529.22;;;0.56
2025.09.02 20:15:00;Sell;0.01;XAUUSD.f;3527.36;0.01;2025.09.02 20:38:43;3525.47;;;1.8900000000000001
2025.09.02 19:45:00;Buy;0.01;XAUUSD.f;3526.29;0.01;2025.09.02 19:51:00;3527.69;;;1.4
2025.09.02 19:30:00;Buy;0.01;XAUUSD.f;3525.15;0.01;2025.09.02 19:33:00;3525.83;;;0.68
2025.09.02 19:15:00;Buy;0.01;XAUUSD.f;3526.46;0.01;2025.09.02 19:27:00;3524.71;;;-1.75
2025.09.02 19:21:00;Buy;0.01;XAUUSD.f;3521.2;0.01;2025.09.02 19:27:00;3524.71;;;3.51
2025.09.02 19:17:00;Buy;0.01;XAUUSD.f;3523.05;0.01;2025.09.02 19:27:00;3524.71;;;1.6600000000000001
2025.09.02 19:16:00;Buy;0.01;XAUUSD.f;3524.61;0.01;2025.09.02 19:27:00;3524.74;;;0.13
2025.09.02 19:00:00;Sell;0.01;XAUUSD.f;3520.53;0.01;2025.09.02 19:03:36;3518.92;;;1.6099999999999999
2025.09.02 04:20:38;Buy;0.01;XAUUSD.f;3495.6;0.01;2025.09.02 18:59:16;3519.48;;;23.88
2025.09.02 17:42:01;Buy;0.01;XAUUSD.f;3507.09;0.01;2025.09.02 17:45:04;3509.65;;;2.56
2025.09.02 04:29:27;Buy;0.01;XAUUSD.f;3497.21;0.01;2025.09.02 10:49:52;3480.17;;;-17.04
2025.09.02 09:20:09;Buy;0.01;XAUUSD.f;3489.07;0.01;2025.09.02 10:24:03;3480.62;;;-8.45
2025.09.02 09:20:08;Buy;0.01;XAUUSD.f;3489.04;0.01;2025.09.02 10:24:03;3480.62;;;-8.42
2025.09.02 09:20:08;Buy;0.01;XAUUSD.f;3489.01;0.01;2025.09.02 10:24:03;3480.62;;;-8.39
2025.09.02 09:19:58;Buy;0.01;XAUUSD.f;3489.1;0.01;2025.09.02 10:24:03;3480.62;;;-8.48
2025.09.02 04:49:19;Buy;0.01;XAUUSD.f;3497.15;0.01;2025.09.02 10:24:03;3480.62;;;-16.53
2025.09.02 04:49:18;Buy;0.01;XAUUSD.f;3497.4;0.01;2025.09.02 10:24:03;3480.62;;;-16.78
2025.09.02 04:47:12;Buy;0.01;XAUUSD.f;3507.07;0.01;2025.09.02 10:24:03;3480.62;;;-26.45
2025.09.01 09:23:16;Buy;0.01;XAUUSD.f;3485.97;0.01;2025.09.01 09:37:02;3487.84;;;1.87
2025.09.01 05:11:49;Buy;0.01;XAUUSD.f;3460.36;0.01;2025.09.01 05:26:04;3464.03;;;3.67
2025.09.01 05:11:48;Buy;0.01;XAUUSD.f;3460.38;0.01;2025.09.01 05:26:03;3463.88;;;3.5
2025.09.01 05:08:36;Buy;0.01;XAUUSD.f;3469.4;0.01;2025.09.01 05:26:03;3463.88;;;-5.52
2025.08.29 22:35:37;Buy;0.01;XAUUSD.f;3446.58;0.01;2025.09.01 05:08:38;3471.37;;-0.55;24.79
2025.08.29 17:10:20;Buy;0.01;XAUUSD.f;3434.17;0.01;2025.09.01 04:59:36;3458.86;;-0.55;24.69
2025.08.29 17:13:33;Buy;0.01;XAUUSD.f;3436.05;0.01;2025.09.01 04:25:19;3437.7;;-0.55;1.65
2025.08.29 19:30:51;Buy;0.01;XAUUSD.f;3446.59;0.01;2025.09.01 01:52:42;3449.92;;-0.55;3.33
2025.08.29 18:43:03;Buy;0.01;XAUUSD.f;3446.87;0.01;2025.09.01 01:52:37;3449.85;;-0.55;2.98
2025.08.29 20:19:34;Buy;0.01;XAUUSD.f;3450.19;0.01;2025.08.29 22:52:03;3452.41;;;2.22
2025.08.29 22:30:00;Buy;0.01;XAUUSD.f;3444.39;0.01;2025.08.29 22:34:00;3445.15;;;0.76
2025.08.29 22:15:00;Buy;0.01;XAUUSD.f;3444.24;0.01;2025.08.29 22:18:00;3445.02;;;0.78
2025.08.29 22:00:00;Buy;0.01;XAUUSD.f;3443.04;0.01;2025.08.29 22:06:00;3443.76;;;0.72
2025.08.29 19:45:00;Buy;0.01;XAUUSD.f;3447.2;0.01;2025.08.29 19:52:00;3447.91;;;0.71
2025.08.29 19:30:00;Buy;0.01;XAUUSD.f;3445.97;0.01;2025.08.29 19:32:00;3446.73;;;0.76
2025.08.29 19:20:00;Buy;0.01;XAUUSD.f;3442.83;0.01;2025.08.29 19:21:00;3444.93;;;2.1
2025.08.29 19:15:00;Buy;0.01;XAUUSD.f;3444.41;0.01;2025.08.29 19:21:00;3444.92;;;0.51
2025.08.29 19:01:11;Buy;0.01;XAUUSD.f;3446.58;0.01;2025.08.29 19:15:00;3444.19;;;-2.39
2025.08.29 19:08:09;Buy;0.01;XAUUSD.f;3448.35;0.01;2025.08.29 19:09:00;3446.98;;;-1.37
2025.08.29 19:00:00;Buy;0.01;XAUUSD.f;3445.62;0.01;2025.08.29 19:02:00;3446.33;;;0.71
2025.08.29 18:45:00;Sell;0.01;XAUUSD.f;3447.2;0.01;2025.08.29 18:57:14;3445.71;;;1.49
2025.08.29 17:13:52;Buy;0.01;XAUUSD.f;3436.62;0.01;2025.08.29 17:32:13;3438.1;;;1.48
2025.08.28 22:30:00;Buy;0.01;XAUUSD.f;3419.6;0.01;2025.08.28 22:47:00;3420.15;;;0.55
2025.08.28 14:32:39;Buy;0.01;XAUUSD.f;3406.32;0.01;2025.08.28 16:07:00;3394.56;;;-11.76
2025.08.27 22:00:00;Buy;0.01;XAUUSD.f;3394.63;0.01;2025.08.27 22:05:00;3395.36;;;0.73
2025.08.26 23:54:00;Buy;0.01;XAUUSD.f;3393.08;0.01;2025.08.27 01:34:00;3391.61;;-0.55;-1.47
2025.08.27 01:16:00;Buy;0.01;XAUUSD.f;3389.08;0.01;2025.08.27 01:34:00;3391.61;;;2.5300000000000002
2025.08.27 01:05:00;Buy;0.01;XAUUSD.f;3390.74;0.01;2025.08.27 01:34:00;3391.61;;;0.87
2025.08.26 23:48:00;Buy;0.01;XAUUSD.f;3391.55;0.01;2025.08.26 23:53:00;3393.18;;;1.63
2025.08.26 23:30:00;Buy;0.01;XAUUSD.f;3390.6;0.01;2025.08.26 23:45:00;3391.13;;;0.53
2025.08.26 22:54:00;Buy;0.01;XAUUSD.f;3390.08;0.01;2025.08.26 23:08:00;3390.69;;;0.61
2025.08.26 22:45:00;Buy;0.01;XAUUSD.f;3389.14;0.01;2025.08.26 22:48:00;3389.89;;;0.75
2025.08.26 22:30:00;Buy;0.01;XAUUSD.f;3388.64;0.01;2025.08.26 22:43:00;3389.3;;;0.66
2025.08.26 22:30:00;Buy;0.01;XAUUSD.f;3388.65;0.01;2025.08.26 22:43:00;3389.3;;;0.65
2025.08.26 03:45:56;Buy;0.01;XAUUSD.f;3383.62;0.01;2025.08.26 03:56:38;3385.24;;;1.62
2025.08.22 19:30:00;Sell;0.01;XAUUSD.f;3368.95;0.01;2025.08.25 01:40:08;3367.31;;0.26;1.6400000000000001
2025.08.22 22:00:00;Buy;0.01;XAUUSD.f;3373.05;0.01;2025.08.22 22:54:00;3371.91;;;-1.1400000000000001
2025.08.22 22:25:00;Buy;0.01;XAUUSD.f;3369.79;0.01;2025.08.22 22:54:00;3371.91;;;2.12
2025.08.22 22:11:00;Buy;0.01;XAUUSD.f;3371.44;0.01;2025.08.22 22:54:00;3371.93;;;0.49
2025.08.22 19:54:00;Buy;0.01;XAUUSD.f;3369.49;0.01;2025.08.22 20:01:00;3371.49;;;2
2025.08.22 19:45:00;Buy;0.01;XAUUSD.f;3371.05;0.01;2025.08.22 20:01:00;3371.48;;;0.43
2025.08.22 19:30:00;Buy;0.01;XAUUSD.f;3369.17;0.01;2025.08.22 19:31:00;3370.54;;;1.37
2025.08.22 19:15:00;Buy;0.01;XAUUSD.f;3371.71;0.01;2025.08.22 19:17:00;3372.71;;;1
2025.08.22 19:00:00;Buy;0.01;XAUUSD.f;3368.11;0.01;2025.08.22 19:01:00;3369.53;;;1.42
2025.08.22 18:15:00;Sell;0.01;XAUUSD.f;3376.56;0.01;2025.08.22 18:19:50;3374.87;;;1.69
2025.08.22 17:02:51;Buy;0.01;XAUUSD.f;3354.03;0.01;2025.08.22 17:08:02;3355.68;;;1.65
2025.08.20 22:54:00;Buy;0.01;XAUUSD.f;3348.79;0.01;2025.08.21 01:05:00;3351.08;;-1.6600000000000001;2.29
2025.08.20 19:45:00;Buy;0.01;XAUUSD.f;3345.81;0.01;2025.08.20 20:50:00;3346.43;;;0.62
2025.08.20 19:30:00;Buy;0.01;XAUUSD.f;3343.99;0.01;2025.08.20 19:34:00;3344.57;;;0.58
2025.08.20 19:15:00;Buy;0.01;XAUUSD.f;3343.51;0.01;2025.08.20 19:17:00;3344.57;;;1.06
2025.08.20 19:00:00;Buy;0.01;XAUUSD.f;3340.94;0.01;2025.08.20 19:01:00;3341.45;;;0.51
2025.08.14 03:45:00;Buy;0.01;XAUUSD.f;3371.31;0.01;2025.08.14 04:52:00;3370.31;;;-1
2025.08.14 04:24:00;Buy;0.01;XAUUSD.f;3366.37;0.01;2025.08.14 04:52:00;3370.31;;;3.94
2025.08.14 04:06:00;Buy;0.01;XAUUSD.f;3367.91;0.01;2025.08.14 04:52:00;3370.31;;;2.4
2025.08.14 04:00:00;Buy;0.01;XAUUSD.f;3369.77;0.01;2025.08.14 04:52:00;3370.31;;;0.54
2025.08.12 17:45:00;Sell;0.01;XAUUSD.f;3336.03;0.01;2025.08.12 17:47:23;3334.15;;;1.88
2025.08.11 04:52:08;Sell;0.01;XAUUSD.f;3378.95;0.01;2025.08.11 05:10:08;3375.12;;;3.83
2025.08.11 04:52:07;Sell;0.01;XAUUSD.f;3378.92;0.01;2025.08.11 05:10:08;3375.12;;;3.8
2025.08.11 04:10:47;Sell;0.01;XAUUSD.f;3369.92;0.01;2025.08.11 05:10:08;3375.12;;;-5.2
2025.08.05 19:30:45;Buy;0.01;XAUUSD.f;3380.16;0.01;2025.08.06 03:29:29;3384.61;;-0.55;4.45
2025.08.05 19:30:45;Buy;0.01;XAUUSD.f;3380.13;0.01;2025.08.06 03:29:29;3384.61;;-0.55;4.48
2025.08.05 19:01:05;Buy;0.01;XAUUSD.f;3390.16;0.01;2025.08.06 03:29:29;3384.61;;-0.55;-5.55
2025.08.05 17:24:55;Buy;0.01;XAUUSD.f;3382.19;0.01;2025.08.05 17:44:47;3383.95;;;1.76
2025.08.04 17:18:52;Buy;0.01;XAUUSD.f;3376.22;0.01;2025.08.05 03:44:53;3379.9;;-0.55;3.68
2025.08.04 17:18:52;Buy;0.01;XAUUSD.f;3376.21;0.01;2025.08.05 03:44:53;3379.9;;-0.55;3.69
2025.08.04 16:52:59;Buy;0.01;XAUUSD.f;3385.26;0.01;2025.08.05 03:44:53;3379.9;;-0.55;-5.36
2025.08.01 23:48:00;Buy;0.02;XAUUSD.f;3362.72;0.02;2025.08.04 01:05:00;3364.16;;-1.11;2.88
2025.08.01 23:36:00;Buy;0.02;XAUUSD.f;3362.02;0.02;2025.08.01 23:46:00;3362.74;;;1.44
2025.08.01 23:18:00;Buy;0.02;XAUUSD.f;3360.62;0.02;2025.08.01 23:33:00;3361.47;;;1.7
2025.08.01 19:00:00;Buy;0.02;XAUUSD.f;3348.8;0.02;2025.08.01 19:57:00;3347.8;;;-2
2025.08.01 19:21:00;Buy;0.02;XAUUSD.f;3342.38;0.02;2025.08.01 19:57:00;3347.72;;;10.68
2025.08.01 19:18:00;Buy;0.02;XAUUSD.f;3344.77;0.02;2025.08.01 19:57:00;3347.72;;;5.9
2025.08.01 19:05:00;Buy;0.02;XAUUSD.f;3346.38;0.02;2025.08.01 19:57:00;3347.72;;;2.68
2025.08.01 19:15:00;Sell;0.01;XAUUSD.f;3345.51;0.01;2025.08.01 19:17:21;3343.77;;;1.74
2025.08.01 18:00:00;Sell;0.01;XAUUSD.f;3345.89;0.01;2025.08.01 18:01:54;3343.02;;;2.87
2025.08.01 16:45:00;Sell;0.01;XAUUSD.f;3347.61;0.01;2025.08.01 16:47:09;3345.49;;;2.12
2025.08.01 15:31:14;Buy;0.01;XAUUSD.f;3317.58;0.01;2025.08.01 15:32:25;3320.5;;;2.92
2025.07.30 23:00:00;Sell;0.02;XAUUSD.f;3269.38;0.02;2025.07.30 23:28:00;3270.07;;;-1.38
2025.07.30 23:01:00;Sell;0.02;XAUUSD.f;3272.87;0.02;2025.07.30 23:28:00;3270.06;;;5.62
2025.07.30 22:16:21;Sell;0.01;XAUUSD.f;3274.25;0.01;2025.07.30 22:28:14;3272.54;;;1.71
2025.07.30 18:20:01;Sell;0.01;XAUUSD.f;3298.24;0.01;2025.07.30 18:20:29;3294.91;;;3.33
2025.07.30 16:33:00;Sell;0.01;XAUUSD.f;3302.03;0.01;2025.07.30 16:57:13;3299.43;;;2.6
2025.07.28 16:53:50;Sell;0.01;XAUUSD.f;3308.43;0.01;2025.07.28 16:54:51;3306.51;;;1.92
2025.07.25 20:45:00;Sell;0.01;XAUUSD.f;3335.56;0.01;2025.07.28 01:05:07;3331.65;;0.26;3.91
2025.07.25 22:48:00;Buy;0.02;XAUUSD.f;3338.15;0.02;2025.07.25 22:55:00;3338.81;;;1.32
2025.07.23 23:30:00;Sell;0.02;XAUUSD.f;3388.28;0.02;2025.07.23 23:58:00;3387.01;;;2.54
2025.07.23 20:15:00;Buy;0.01;XAUUSD.f;3390.28;0.01;2025.07.23 20:51:30;3393.33;;;3.05
2025.07.23 19:00:02;Sell;0.01;XAUUSD.f;3397.08;0.01;2025.07.23 19:00:36;3395.55;;;1.53
2025.07.22 22:48:00;Buy;0.02;XAUUSD.f;3432.47;0.02;2025.07.23 02:12:00;3431.29;;-1.11;-2.36
2025.07.22 23:38:00;Buy;0.02;XAUUSD.f;3429.09;0.02;2025.07.23 02:12:00;3431.25;;-1.11;4.32
2025.07.22 23:15:00;Buy;0.02;XAUUSD.f;3430.64;0.02;2025.07.23 02:12:00;3431.25;;-1.11;1.22
2025.07.22 22:00:00;Buy;0.02;XAUUSD.f;3429.85;0.02;2025.07.22 22:16:00;3430.42;;;1.1400000000000001
2025.07.22 18:03:23;Buy;0.01;XAUUSD.f;3429.01;0.01;2025.07.22 19:50:07;3430.63;;;1.62
2025.07.22 19:45:00;Buy;0.02;XAUUSD.f;3429.67;0.02;2025.07.22 19:49:00;3430.42;;;1.5
2025.07.22 19:30:00;Buy;0.02;XAUUSD.f;3427.49;0.02;2025.07.22 19:31:00;3428.46;;;1.94
2025.07.22 19:15:00;Sell;0.01;XAUUSD.f;3429.29;0.01;2025.07.22 19:29:58;3427.43;;;1.8599999999999999
2025.07.22 19:15:00;Buy;0.02;XAUUSD.f;3429.51;0.02;2025.07.22 19:29:00;3430.15;;;1.28
2025.07.22 19:00:00;Buy;0.02;XAUUSD.f;3426.8;0.02;2025.07.22 19:08:00;3428.03;;;2.46
2025.07.22 16:31:32;Buy;0.01;XAUUSD.f;3416.87;0.01;2025.07.22 16:46:55;3418.56;;;1.69
2025.07.21 19:45:00;Buy;0.02;XAUUSD.f;3396.06;0.02;2025.07.21 21:09:00;3395.07;;;-1.98
2025.07.21 20:17:00;Buy;0.02;XAUUSD.f;3392.96;0.02;2025.07.21 21:09:00;3395.08;;;4.24
2025.07.21 19:57:00;Buy;0.02;XAUUSD.f;3394.4;0.02;2025.07.21 21:09:00;3395.08;;;1.3599999999999999
2025.07.21 14:58:41;Buy;0.01;XAUUSD.f;3375.37;0.01;2025.07.21 20:15:21;3392.44;;;17.07
2025.07.21 19:15:00;Buy;0.02;XAUUSD.f;3398.08;0.02;2025.07.21 19:36:00;3398.68;;;1.2
2025.07.21 19:00:00;Buy;0.02;XAUUSD.f;3398.19;0.02;2025.07.21 19:12:00;3398.74;;;1.1
2025.07.21 16:47:00;Buy;0.01;XAUUSD.f;3395.15;0.01;2025.07.21 17:25:44;3396.82;;;1.67
2025.07.17 23:52:00;Buy;0.02;XAUUSD.f;3337.72;0.02;2025.07.18 01:05:00;3341.3;;-1.11;7.16
2025.07.17 23:34:00;Buy;0.02;XAUUSD.f;3339.16;0.02;2025.07.18 01:05:00;3341.59;;-1.11;4.86
2025.07.17 22:45:00;Buy;0.02;XAUUSD.f;3340.67;0.02;2025.07.18 01:05:00;3341.59;;-1.11;1.8399999999999999
2025.07.17 22:30:00;Buy;0.02;XAUUSD.f;3339.85;0.02;2025.07.17 22:35:00;3340.41;;;1.12
2025.07.17 22:15:00;Buy;0.02;XAUUSD.f;3339.67;0.02;2025.07.17 22:26:00;3340.19;;;1.04
2025.07.16 18:09:54;Sell;0.01;XAUUSD.f;3351.71;0.01;2025.07.16 18:30:26;3374.92;;;-23.21
2025.07.16 17:34:00;Sell;0.02;XAUUSD.f;3320.03;0.02;2025.07.16 18:16:34;3364.76;;;-89.46
2025.07.16 18:08:22;Buy;0.01;XAUUSD.f;3352.12;0.01;2025.07.16 18:16:20;3362.28;;;10.16
2025.07.15 23:10:00;Sell;0.02;XAUUSD.f;3330.35;0.02;2025.07.15 23:17:00;3329.57;;;1.56
2025.07.15 18:31:15;Sell;0.01;XAUUSD.f;3331;0.01;2025.07.15 18:32:40;3327.52;;;3.48
2025.07.14 20:31:55;Sell;0.01;XAUUSD.f;3351.49;0.01;2025.07.14 22:40:40;3347.83;;;3.66
2025.07.14 20:31:54;Sell;0.01;XAUUSD.f;3351.48;0.01;2025.07.14 22:40:40;3347.83;;;3.65
2025.07.14 17:41:06;Sell;0.01;XAUUSD.f;3342.46;0.01;2025.07.14 22:40:40;3347.83;;;-5.37
2025.07.14 05:02:00;Buy;0.02;XAUUSD.f;3356.64;0.02;2025.07.14 05:02:15;3356.18;;;-0.92
2025.07.14 04:46:00;Buy;0.02;XAUUSD.f;3358.64;0.02;2025.07.14 05:02:14;3356.18;;;-4.92
2025.07.14 04:31:00;Buy;0.02;XAUUSD.f;3360.36;0.02;2025.07.14 05:02:14;3356.18;;;-8.36
2025.07.14 04:11:00;Buy;0.02;XAUUSD.f;3362.04;0.02;2025.07.14 05:02:14;3356.15;;;-11.78
2025.07.14 04:09:00;Buy;0.02;XAUUSD.f;3364.39;0.02;2025.07.14 05:02:14;3356.15;;;-16.48
2025.07.14 04:06:00;Buy;0.02;XAUUSD.f;3366.58;0.02;2025.07.14 05:02:14;3356.15;;;-20.86
2025.07.14 03:51:00;Buy;0.02;XAUUSD.f;3368.16;0.02;2025.07.14 05:02:14;3355.98;;;-24.36
2025.07.14 03:48:00;Buy;0.02;XAUUSD.f;3370.36;0.02;2025.07.14 05:02:14;3355.98;;;-28.76
2025.07.14 03:45:00;Buy;0.02;XAUUSD.f;3372.27;0.02;2025.07.14 05:02:14;3355.98;;;-32.58
2025.07.11 10:13:41;Balance;;;;;;;;;-42.54
2025.07.11 03:48:00;Buy;0.02;XAUUSD.f;3333.55;0.02;2025.07.11 05:18:02;3331.99;;;-3.12
2025.07.11 03:45:00;Buy;0.02;XAUUSD.f;3336.15;0.02;2025.07.11 05:18:00;3332.16;;;-7.98
2025.07.11 04:11:00;Buy;0.02;XAUUSD.f;3326.64;0.02;2025.07.11 05:18:00;3332.16;;;11.04
2025.07.11 04:03:00;Buy;0.02;XAUUSD.f;3328.77;0.02;2025.07.11 05:18:00;3332.16;;;6.78
2025.07.11 04:00:00;Buy;0.02;XAUUSD.f;3330.74;0.02;2025.07.11 05:18:00;3332.16;;;2.84
2025.07.10 10:10:40;Sell;0.01;XAUUSD.f;3327.99;0.01;2025.07.10 10:40:48;3324.69;;;3.3
2025.07.10 09:52:22;Sell;0.01;XAUUSD.f;3324.16;0.01;2025.07.10 10:40:48;3324.69;;;-0.53
2025.07.09 22:45:00;Buy;0.02;XAUUSD.f;3316.11;0.02;2025.07.09 22:59:00;3315.63;;;-0.96
2025.07.09 22:56:00;Buy;0.02;XAUUSD.f;3314.37;0.02;2025.07.09 22:59:00;3315.73;;;2.7199999999999998
2025.07.09 22:29:00;Buy;0.02;XAUUSD.f;3314.63;0.02;2025.07.09 22:37:00;3316.46;;;3.66
2025.07.09 22:15:00;Buy;0.02;XAUUSD.f;3316.35;0.02;2025.07.09 22:37:00;3316.46;;;0.22
2025.07.09 08:56:29;Sell;0.01;XAUUSD.f;3289.39;0.01;2025.07.09 09:21:57;3288.04;;;1.35
2025.07.08 17:37:24;Sell;0.01;XAUUSD.f;3297.65;0.01;2025.07.08 17:43:03;3295.97;;;1.6800000000000002
2025.07.08 17:05:19;Sell;0.01;XAUUSD.f;3312.07;0.01;2025.07.08 17:14:05;3307.26;;;4.8100000000000005
2025.07.08 10:48:48;Buy;0.01;XAUUSD.f;3333.44;0.01;2025.07.08 10:54:12;3334.84;;;1.4
2025.07.07 23:11:00;Buy;0.02;XAUUSD.f;3336.67;0.02;2025.07.08 01:05:00;3341.23;;-1.11;9.12
2025.07.07 22:56:00;Buy;0.02;XAUUSD.f;3338.19;0.02;2025.07.08 01:05:00;3341.2;;-1.11;6.02
2025.07.07 22:45:00;Buy;0.02;XAUUSD.f;3339.91;0.02;2025.07.08 01:05:00;3341.11;;-1.11;2.4
2025.07.07 22:30:00;Buy;0.02;XAUUSD.f;3338.63;0.02;2025.07.07 22:35:00;3339.57;;;1.88
2025.07.07 22:15:00;Buy;0.02;XAUUSD.f;3338.25;0.02;2025.07.07 22:28:00;3338.83;;;1.16
2025.07.07 22:00:00;Buy;0.02;XAUUSD.f;3334.57;0.02;2025.07.07 22:01:00;3335.35;;;1.56
2025.07.07 05:49:14;Sell;0.01;XAUUSD.f;3306.69;0.01;2025.07.07 10:46:06;3305.03;;;1.6600000000000001
2025.07.03 15:37:13;Sell;0.01;XAUUSD.f;3326.36;0.01;2025.07.03 15:38:07;3323.86;;;2.5
2025.07.02 23:45:00;Buy;0.02;XAUUSD.f;3356.09;0.02;2025.07.03 01:05:00;3359.33;;-3.32;6.48
2025.07.02 23:42:00;Buy;0.02;XAUUSD.f;3357.55;0.02;2025.07.03 01:05:00;3359.33;;-3.32;3.56
2025.07.02 23:12:00;Buy;0.02;XAUUSD.f;3359.24;0.02;2025.07.03 01:05:00;3359.33;;-3.32;0.18
2025.07.02 23:00:00;Buy;0.02;XAUUSD.f;3358.57;0.02;2025.07.02 23:08:00;3359.41;;;1.6800000000000002
2025.07.02 22:30:00;Buy;0.01;XAUUSD.f;3356.33;0.01;2025.07.02 22:58:17;3358.71;;;2.38
2025.07.02 22:54:00;Buy;0.02;XAUUSD.f;3357.79;0.02;2025.07.02 22:57:00;3358.67;;;1.76
2025.07.02 22:06:00;Buy;0.02;XAUUSD.f;3356.59;0.02;2025.07.02 22:53:00;3357.52;;;1.8599999999999999
2025.07.02 22:00:00;Buy;0.02;XAUUSD.f;3355.15;0.02;2025.07.02 22:04:00;3355.82;;;1.34
2025.06.30 23:30:00;Buy;0.02;XAUUSD.f;3307.05;0.02;2025.07.01 01:27:00;3307.04;;-1.11;-0.02
2025.06.30 23:00:00;Buy;0.02;XAUUSD.f;3308.92;0.02;2025.07.01 01:27:00;3307.04;;-1.11;-3.76
2025.06.30 23:48:00;Buy;0.02;XAUUSD.f;3303.8;0.02;2025.07.01 01:27:00;3307.04;;-1.11;6.48
2025.06.30 23:35:00;Buy;0.02;XAUUSD.f;3305.31;0.02;2025.07.01 01:27:00;3307.04;;-1.11;3.46
2025.06.30 22:36:00;Buy;0.02;XAUUSD.f;3307.77;0.02;2025.06.30 22:55:00;3307.27;;;-1
2025.06.30 22:45:00;Buy;0.02;XAUUSD.f;3306.15;0.02;2025.06.30 22:55:00;3307.67;;;3.04
2025.06.30 22:30:00;Buy;0.02;XAUUSD.f;3306.38;0.02;2025.06.30 22:35:00;3306.93;;;1.1
2025.06.30 22:30:00;Buy;0.02;XAUUSD.f;3306.27;0.02;2025.06.30 22:34:00;3306.87;;;1.2
2025.06.30 22:24:00;Buy;0.02;XAUUSD.f;3305.49;0.02;2025.06.30 22:28:00;3306.9;;;2.82
2025.06.30 22:18:00;Buy;0.02;XAUUSD.f;3304.28;0.02;2025.06.30 22:19:00;3306.52;;;4.48
2025.06.30 22:15:00;Buy;0.02;XAUUSD.f;3303.36;0.02;2025.06.30 22:17:00;3303.91;;;1.1
2025.06.30 12:15:40;Sell;0.01;XAUUSD.f;3282.42;0.01;2025.06.30 12:33:24;3279.93;;;2.49
2025.06.30 05:01:29;Buy;0.01;XAUUSD.f;3278.45;0.01;2025.06.30 05:03:58;3279.91;;;1.46
2025.06.30 01:27:54;Sell;0.01;XAUUSD.f;3250.49;0.01;2025.06.30 01:28:49;3248.12;;;2.37
2025.06.27 16:24:01;Sell;0.01;XAUUSD.f;3258.42;0.01;2025.06.27 16:30:05;3256.97;;;1.45
2025.06.27 08:40:47;Sell;0.01;XAUUSD.f;3300.18;0.01;2025.06.27 09:01:00;3295.51;;;4.67
2025.06.27 08:40:47;Sell;0.01;XAUUSD.f;3300.08;0.01;2025.06.27 09:01:00;3295.51;;;4.57
2025.06.27 07:01:36;Sell;0.01;XAUUSD.f;3291.16;0.01;2025.06.27 09:01:00;3295.51;;;-4.35
2025.06.26 16:03:25;Sell;0.01;XAUUSD.f;3318.26;0.01;2025.06.26 16:33:21;3316.92;;;1.34
2025.06.25 03:00:00;Buy;0.01;XAUUSD.f;3324.49;0.01;2025.06.25 03:01:00;3325.17;;;0.68
2025.06.24 22:48:00;Buy;0.01;XAUUSD.f;3324.03;0.01;2025.06.24 23:49:00;3323.59;;;-0.44
2025.06.24 23:41:00;Buy;0.01;XAUUSD.f;3322.03;0.01;2025.06.24 23:49:00;3323.59;;;1.56
2025.06.24 09:12:35;Sell;0.01;XAUUSD.f;3325.85;0.01;2025.06.24 09:24:46;3324.12;;;1.73
2025.06.24 02:34:19;Sell;0.01;XAUUSD.f;3348.94;0.01;2025.06.24 02:35:01;3346.31;;;2.63
2025.06.24 01:05:00;Sell;0.01;XAUUSD.f;3358.83;0.01;2025.06.24 01:14:32;3357.2;;;1.63
2025.06.23 18:02:40;Buy;0.01;XAUUSD.f;3388.43;0.01;2025.06.23 19:18:49;3390.33;;;1.9
2025.06.20 23:21:27;Sell;0.01;XAUUSD.f;3368.22;0.01;2025.06.23 01:05:00;3384.49;;0.26;-16.27
2025.06.20 23:10:53;Sell;0.01;XAUUSD.f;3366.2;0.01;2025.06.23 01:05:00;3384.39;;0.26;-18.19
2025.06.20 16:30:46;Sell;0.01;XAUUSD.f;3358.13;0.01;2025.06.23 01:05:00;3384.39;;0.26;-26.26
2025.06.20 16:22:49;Sell;0.01;XAUUSD.f;3355.73;0.01;2025.06.23 01:05:00;3384.39;;0.26;-28.66
2025.06.20 22:35:00;Buy;0.01;XAUUSD.f;3368.39;0.01;2025.06.20 23:22:00;3368.23;;;-0.16
2025.06.20 22:15:00;Buy;0.01;XAUUSD.f;3370.52;0.01;2025.06.20 23:22:00;3368.24;;;-2.2800000000000002
2025.06.20 22:49:00;Buy;0.01;XAUUSD.f;3365.18;0.01;2025.06.20 23:22:00;3368.24;;;3.06
2025.06.20 22:41:00;Buy;0.01;XAUUSD.f;3366.72;0.01;2025.06.20 23:22:00;3368.23;;;1.51
2025.06.20 21:54:54;Sell;0.01;XAUUSD.f;3366.96;0.01;2025.06.20 23:10:27;3366.15;;;0.81
2025.06.20 22:05:48;Sell;0.01;XAUUSD.f;3368.98;0.01;2025.06.20 22:44:42;3365.97;;;3.01
2025.06.20 20:30:00;Buy;0.01;XAUUSD.f;3370.1;0.01;2025.06.20 22:10:02;3370.07;;;-0.03
2025.06.20 19:49:00;Buy;0.01;XAUUSD.f;3371.78;0.01;2025.06.20 22:10:01;3370.07;;;-1.71
2025.06.20 19:45:00;Buy;0.01;XAUUSD.f;3373.3;0.01;2025.06.20 22:10:00;3370.08;;;-3.22
2025.06.20 21:19:00;Buy;0.01;XAUUSD.f;3365.15;0.01;2025.06.20 22:10:00;3370.08;;;4.93
2025.06.20 20:57:00;Buy;0.01;XAUUSD.f;3366.97;0.01;2025.06.20 22:10:00;3370.08;;;3.11
2025.06.20 20:35:00;Buy;0.01;XAUUSD.f;3368.56;0.01;2025.06.20 22:10:00;3370.08;;;1.52
2025.06.20 18:56:32;Sell;0.01;XAUUSD.f;3369.13;0.01;2025.06.20 20:57:32;3367.84;;;1.29
2025.06.20 19:30:00;Buy;0.01;XAUUSD.f;3369.76;0.01;2025.06.20 19:35:00;3370.84;;;1.08
2025.06.20 18:22:59;Sell;0.01;XAUUSD.f;3368.2;0.01;2025.06.20 18:47:03;3367.68;;;0.52
2025.06.20 17:43:07;Sell;0.01;XAUUSD.f;3369.45;0.01;2025.06.20 17:46:02;3366.65;;;2.8
2025.06.20 17:29:01;Sell;0.01;XAUUSD.f;3369.4;0.01;2025.06.20 17:30:18;3368.88;;;0.52
2025.06.20 16:46:36;Sell;0.01;XAUUSD.f;3367.03;0.01;2025.06.20 17:23:47;3366.65;;;0.38
2025.06.20 16:55:00;Sell;0.01;XAUUSD.f;3372.18;0.01;2025.06.20 16:55:27;3371.34;;;0.84
2025.06.20 16:39:19;Sell;0.01;XAUUSD.f;3364.35;0.01;2025.06.20 16:41:17;3364.41;;;-0.06
2025.06.20 12:10:15;Sell;0.01;XAUUSD.f;3353.89;0.01;2025.06.20 14:05:26;3354.6;;;-0.71
2025.06.20 12:55:25;Sell;0.01;XAUUSD.f;3356.47;0.01;2025.06.20 14:05:26;3354.61;;;1.8599999999999999
2025.06.20 12:28:49;Sell;0.01;XAUUSD.f;3356.76;0.01;2025.06.20 12:54:10;3355.79;;;0.97
2025.06.20 06:45:00;Sell;0.01;XAUUSD.f;3354.69;0.01;2025.06.20 08:14:33;3352.88;;;1.81
2025.06.19 16:52:33;Sell;0.01;XAUUSD.f;3371.76;0.01;2025.06.19 17:01:19;3369.97;;;1.79
2025.06.19 13:26:28;Sell;0.01;XAUUSD.f;3377.31;0.01;2025.06.19 13:28:11;3375.82;;;1.49
2025.06.19 12:24:37;Sell;0.01;XAUUSD.f;3372.67;0.01;2025.06.19 12:52:09;3370.88;;;1.79
2025.06.19 10:09:02;Sell;0.01;XAUUSD.f;3358.58;0.01;2025.06.19 10:20:04;3354.75;;;3.83
2025.06.19 10:03:48;Sell;0.01;XAUUSD.f;3358.61;0.01;2025.06.19 10:20:04;3354.75;;;3.86
2025.06.19 09:26:28;Sell;0.01;XAUUSD.f;3349.58;0.01;2025.06.19 10:20:04;3354.75;;;-5.17
2025.06.16 23:10:00;Sell;0.01;XAUUSD.f;3384.36;0.01;2025.06.16 23:51:00;3383.82;;;0.54
2025.06.16 09:27:09;Sell;0.01;XAUUSD.f;3413.85;0.01;2025.06.16 10:12:51;3412.17;;;1.6800000000000002
2025.06.13 09:47:50;Sell;0.01;XAUUSD.f;3412.19;0.01;2025.06.13 09:49:15;3410.45;;;1.74
2025.06.13 06:15:00;Sell;0.01;XAUUSD.f;3431.68;0.01;2025.06.13 06:16:04;3429.34;;;2.34
2025.06.13 04:36:32;Sell;0.01;XAUUSD.f;3426.04;0.01;2025.06.13 04:57:21;3423.74;;;2.3
2025.06.13 03:45:00;Buy;0.01;XAUUSD.f;3406.9;0.01;2025.06.13 03:46:00;3407.66;;;0.76
2025.06.12 10:40:00;Buy;0.01;XAUUSD.f;3353.38;0.01;2025.06.12 10:44:04;3339.46;;;-13.92
2025.06.12 10:35:17;Buy;0.01;XAUUSD.f;3360.42;0.01;2025.06.12 10:44:04;3339.46;;;-20.96
2025.06.12 10:42:41;Sell;0.01;XAUUSD.f;3345.64;0.01;2025.06.12 10:43:05;3344.07;;;1.5699999999999998
2025.06.12 03:45:00;Buy;0.01;XAUUSD.f;3367.26;0.01;2025.06.12 03:47:00;3370.21;;;2.95
2025.06.12 03:30:00;Buy;0.01;XAUUSD.f;3367.47;0.01;2025.06.12 03:40:00;3369.35;;;1.88
2025.06.12 03:00:00;Buy;0.01;XAUUSD.f;3366.01;0.01;2025.06.12 03:19:00;3365.37;;;-0.64
2025.06.12 03:04:00;Buy;0.01;XAUUSD.f;3363.49;0.01;2025.06.12 03:19:00;3365.37;;;1.88
2025.06.11 23:42:00;Buy;0.01;XAUUSD.f;3353.13;0.01;2025.06.11 23:56:00;3354.59;;;1.46
2025.06.11 23:30:00;Buy;0.01;XAUUSD.f;3353.16;0.01;2025.06.11 23:36:00;3355.07;;;1.9100000000000001
2025.06.11 12:07:41;Buy;0.01;XAUUSD.f;3334.64;0.01;2025.06.11 12:09:06;3337.5;;;2.86
2025.06.11 09:25:54;Buy;0.01;XAUUSD.f;3334.72;0.01;2025.06.11 09:39:08;3336.21;;;1.49
2025.06.10 17:19:37;Buy;0.01;XAUUSD.f;3332.36;0.01;2025.06.10 17:21:35;3334.18;;;1.8199999999999998
2025.06.10 11:14:17;Sell;0.01;XAUUSD.f;3332.46;0.01;2025.06.10 11:17:02;3334.68;;;-2.22
2025.06.10 10:29:39;Sell;0.01;XAUUSD.f;3327.05;0.01;2025.06.10 11:17:02;3334.68;;;-7.63
2025.06.10 08:50:06;Sell;0.01;XAUUSD.f;3316.7;0.01;2025.06.10 11:17:02;3334.68;;;-17.98
2025.06.10 08:32:24;Sell;0.01;XAUUSD.f;3314.61;0.01;2025.06.10 11:17:02;3334.68;;;-20.07
2025.06.10 09:31:57;Sell;0.01;XAUUSD.f;3327.6;0.01;2025.06.10 10:27:05;3325.27;;;2.33
2025.06.10 09:36:14;Sell;0.01;XAUUSD.f;3329.75;0.01;2025.06.10 09:40:14;3328.53;;;1.22
2025.06.10 09:18:09;Sell;0.01;XAUUSD.f;3323.87;0.01;2025.06.10 09:28:35;3322.75;;;1.12
2025.06.10 08:35:00;Sell;0.01;XAUUSD.f;3317.19;0.01;2025.06.10 08:42:15;3314.79;;;2.4
2025.06.09 22:00:00;Buy;0.01;XAUUSD.f;3333.35;0.01;2025.06.09 22:02:00;3334.04;;;0.69
2025.06.09 09:24:29;Sell;0.01;XAUUSD.f;3319.78;0.01;2025.06.09 11:57:38;3320.64;;;-0.86
2025.06.09 09:50:41;Sell;0.01;XAUUSD.f;3322.46;0.01;2025.06.09 11:57:38;3320.61;;;1.85
2025.06.09 10:41:34;Sell;0.01;XAUUSD.f;3324.6;0.01;2025.06.09 11:16:10;3323.57;;;1.03
2025.06.09 10:23:20;Sell;0.01;XAUUSD.f;3326.77;0.01;2025.06.09 10:31:47;3323.75;;;3.02
2025.06.06 23:26:00;Sell;0.01;XAUUSD.f;3311.57;0.01;2025.06.09 01:42:00;3312.56;;0.26;-0.99
2025.06.06 23:10:00;Sell;0.01;XAUUSD.f;3307.96;0.01;2025.06.09 01:42:00;3312.56;;0.26;-4.6
2025.06.09 01:06:00;Sell;0.01;XAUUSD.f;3320.93;0.01;2025.06.09 01:42:00;3312.56;;;8.37
2025.06.09 01:05:00;Sell;0.01;XAUUSD.f;3317.87;0.01;2025.06.09 01:42:00;3312.56;;;5.31
2025.06.06 14:00:53;Sell;0.01;XAUUSD.f;3361.81;0.01;2025.06.06 14:47:35;3360.3;;;1.51
2025.06.06 14:34:46;Sell;0.01;XAUUSD.f;3363.84;0.01;2025.06.06 14:43:21;3361.46;;;2.38
2025.06.06 11:27:26;Sell;0.01;XAUUSD.f;3363.8;0.01;2025.06.06 12:07:28;3362.21;;;1.5899999999999999
2025.06.06 11:43:38;Sell;0.01;XAUUSD.f;3366.34;0.01;2025.06.06 12:06:54;3364.66;;;1.6800000000000002
2025.06.05 13:05:42;Buy;0.01;XAUUSD.f;3394.15;0.01;2025.06.05 13:30:57;3395.87;;;1.72
2025.06.04 17:37:50;Buy;0.01;XAUUSD.f;3376.01;0.01;2025.06.04 17:38:37;3378.23;;;2.22
2025.06.04 13:25:46;Buy;0.01;XAUUSD.f;3358.46;0.01;2025.06.04 15:48:13;3360.07;;;1.6099999999999999
2025.06.04 13:42:01;Buy;0.01;XAUUSD.f;3355.95;0.01;2025.06.04 15:47:24;3357.45;;;1.5
2025.06.04 09:38:33;Sell;0.01;XAUUSD.f;3357.32;0.01;2025.06.04 10:53:00;3357.86;;;-0.54
2025.06.04 10:05:03;Sell;0.01;XAUUSD.f;3359.44;0.01;2025.06.04 10:53:00;3357.86;;;1.58
2025.06.04 10:33:05;Sell;0.01;XAUUSD.f;3363.47;0.01;2025.06.04 10:42:20;3360.46;;;3.01
2025.06.03 06:44:41;Sell;0.01;XAUUSD.f;3359.76;0.01;2025.06.03 08:37:42;3357.5;;;2.26
2025.06.02 22:54:00;Buy;0.01;XAUUSD.f;3382.44;0.01;2025.06.02 23:18:00;3381.36;;;-1.08
2025.06.02 23:07:00;Buy;0.01;XAUUSD.f;3378.88;0.01;2025.06.02 23:18:00;3381.36;;;2.48
2025.06.02 23:02:00;Buy;0.01;XAUUSD.f;3380.75;0.01;2025.06.02 23:18:00;3381.36;;;0.61
2025.06.02 22:45:00;Buy;0.01;XAUUSD.f;3380.66;0.01;2025.06.02 22:53:00;3382.1;;;1.44
2025.06.02 22:30:00;Buy;0.01;XAUUSD.f;3379.15;0.01;2025.06.02 22:34:00;3379.7;;;0.55
2025.06.02 17:17:55;Buy;0.01;XAUUSD.f;3376.68;0.01;2025.06.02 17:57:52;3378.01;;;1.33
2025.06.02 12:00:00;Sell;0.01;XAUUSD.f;3352.06;0.01;2025.06.02 12:02:56;3349.98;;;2.08
2025.06.02 10:45:00;Sell;0.01;XAUUSD.f;3354.49;0.01;2025.06.02 10:54:08;3352.81;;;1.6800000000000002
2025.06.02 09:19:42;Buy;0.01;XAUUSD.f;3333.47;0.01;2025.06.02 09:26:53;3335.21;;;1.74
2025.06.02 03:32:00;Buy;0.01;XAUUSD.f;3310.74;0.01;2025.06.02 03:47:00;3309.84;;;-0.9
2025.06.02 03:30:00;Buy;0.01;XAUUSD.f;3313.08;0.01;2025.06.02 03:47:00;3309.84;;;-3.24
2025.06.02 03:41:00;Buy;0.01;XAUUSD.f;3304.6;0.01;2025.06.02 03:47:00;3309.84;;;5.24
2025.06.02 03:40:00;Buy;0.01;XAUUSD.f;3306.77;0.01;2025.06.02 03:47:00;3309.84;;;3.07
2025.06.02 03:39:00;Buy;0.01;XAUUSD.f;3308.61;0.01;2025.06.02 03:47:00;3309.6;;;0.99
2025.06.02 03:15:00;Buy;0.01;XAUUSD.f;3313.37;0.01;2025.06.02 03:19:00;3314.37;;;1
2025.06.02 03:00:00;Buy;0.01;XAUUSD.f;3310.41;0.01;2025.06.02 03:01:00;3311.56;;;1.15
2025.05.31 20:14:42;Balance;;;;;;;;;-106.47
2025.05.30 08:39:01;Sell;0.01;XAUUSD.f;3299.58;0.01;2025.05.30 09:10:04;3295.75;;;3.83
2025.05.30 08:39:00;Sell;0.01;XAUUSD.f;3299.55;0.01;2025.05.30 09:10:04;3295.75;;;3.8
2025.05.30 08:07:31;Sell;0.01;XAUUSD.f;3290.52;0.01;2025.05.30 09:10:04;3295.75;;;-5.23
2025.05.30 08:55:39;Sell;0.01;XAUUSD.f;3304.63;0.01;2025.05.30 09:06:50;3300.01;;;4.62
2025.05.29 19:49:00;Buy;0.01;XAUUSD.f;3324.84;0.01;2025.05.29 20:49:00;3323.66;;;-1.18
2025.05.29 19:30:00;Buy;0.01;XAUUSD.f;3326.39;0.01;2025.05.29 20:49:00;3323.67;;;-2.7199999999999998
2025.05.29 20:29:00;Buy;0.01;XAUUSD.f;3319.73;0.01;2025.05.29 20:49:00;3323.63;;;3.9
2025.05.29 20:09:00;Buy;0.01;XAUUSD.f;3321.5;0.01;2025.05.29 20:49:00;3323.63;;;2.13
2025.05.29 19:52:00;Buy;0.01;XAUUSD.f;3323.14;0.01;2025.05.29 20:49:00;3323.63;;;0.49
2025.05.29 19:15:00;Buy;0.01;XAUUSD.f;3329.73;0.01;2025.05.29 19:16:00;3330.41;;;0.68
2025.05.29 19:08:55;Buy;0.01;XAUUSD.f;3328.18;0.01;2025.05.29 19:15:49;3330.32;;;2.14
2025.05.29 19:06:46;Buy;0.01;XAUUSD.f;3326.15;0.01;2025.05.29 19:09:00;3328.06;;;1.9100000000000001
2025.05.28 15:12:34;Buy;0.01;XAUUSD.f;3305.89;0.01;2025.05.28 15:16:16;3311.54;;;5.65
2025.05.28 15:12:34;Buy;0.01;XAUUSD.f;3305.9;0.01;2025.05.28 15:16:16;3311.54;;;5.64
2025.05.28 15:12:34;Buy;0.01;XAUUSD.f;3305.87;0.01;2025.05.28 15:16:16;3311.54;;;5.67
2025.05.28 15:12:33;Buy;0.01;XAUUSD.f;3305.87;0.01;2025.05.28 15:16:16;3311.54;;;5.67
2025.05.28 13:47:52;Buy;0.01;XAUUSD.f;3314;0.01;2025.05.28 15:16:16;3311.54;;;-2.46
2025.05.28 13:47:52;Buy;0.01;XAUUSD.f;3314.11;0.01;2025.05.28 15:16:16;3311.54;;;-2.57
2025.05.28 11:14:59;Buy;0.01;XAUUSD.f;3323.93;0.01;2025.05.28 15:16:16;3311.54;;;-12.39
2025.05.28 13:48:37;Buy;0.01;XAUUSD.f;3312.18;0.01;2025.05.28 14:30:55;3314;;;1.8199999999999998
2025.05.28 14:14:29;Buy;0.01;XAUUSD.f;3310.08;0.01;2025.05.28 14:30:54;3314.03;;;3.95
2025.05.27 09:46:28;Sell;0.01;XAUUSD.f;3309.99;0.01;2025.05.27 09:46:34;3307.34;;;2.65
2025.05.27 04:05:00;Buy;0.01;XAUUSD.f;3342.63;0.01;2025.05.27 05:18:02;3341.4;;;-1.23
2025.05.27 03:21:00;Buy;0.01;XAUUSD.f;3344.6;0.01;2025.05.27 05:18:02;3341.4;;;-3.2
2025.05.27 03:19:00;Buy;0.01;XAUUSD.f;3347.43;0.01;2025.05.27 05:18:01;3341.56;;;-5.87
2025.05.27 03:15:00;Buy;0.01;XAUUSD.f;3349.7;0.01;2025.05.27 05:18:01;3341.56;;;-8.14
2025.05.27 04:45:00;Buy;0.01;XAUUSD.f;3332.47;0.01;2025.05.27 05:18:00;3341.68;;;9.21
2025.05.27 04:43:00;Buy;0.01;XAUUSD.f;3334.07;0.01;2025.05.27 05:18:00;3341.68;;;7.61
2025.05.27 04:40:00;Buy;0.01;XAUUSD.f;3335.71;0.01;2025.05.27 05:18:00;3341.66;;;5.95
2025.05.27 04:25:00;Buy;0.01;XAUUSD.f;3339;0.01;2025.05.27 05:18:00;3341.66;;;2.66
2025.05.27 04:18:00;Buy;0.01;XAUUSD.f;3341.09;0.01;2025.05.27 05:18:00;3341.66;;;0.57
2025.05.26 16:27:12;Sell;0.01;XAUUSD.f;3338.55;0.01;2025.05.26 16:41:03;3336.11;;;2.44
2025.05.23 09:45:35;Buy;0.01;XAUUSD.f;3330.19;0.01;2025.05.23 10:00:59;3332.21;;;2.02
2025.05.23 08:22:54;Buy;0.01;XAUUSD.f;3319.43;0.01;2025.05.23 08:25:27;3321.36;;;1.9300000000000002
2025.05.22 12:01:29;Sell;0.01;XAUUSD.f;3306.98;0.01;2025.05.22 12:24:06;3305.26;;;1.72
2025.05.22 08:51:20;Buy;0.01;XAUUSD.f;3330.25;0.01;2025.05.22 08:59:15;3331.77;;;1.52
2025.05.22 08:55:08;Buy;0.01;XAUUSD.f;3327.76;0.01;2025.05.22 08:58:06;3330.99;;;3.23
2025.05.21 15:28:19;Buy;0.01;XAUUSD.f;3299.51;0.01;2025.05.21 15:43:15;3298.87;;;-0.64
2025.05.21 15:43:07;Buy;0.01;XAUUSD.f;3297;0.01;2025.05.21 15:43:15;3298.87;;;1.87
2025.05.21 15:30:00;Buy;0.01;XAUUSD.f;3296.13;0.01;2025.05.21 15:42:48;3297.79;;;1.6600000000000001
2025.05.21 08:53:39;Buy;0.01;XAUUSD.f;3317.98;0.01;2025.05.21 09:42:52;3319.83;;;1.85
2025.05.21 06:45:00;Buy;0.01;XAUUSD.f;3307.36;0.01;2025.05.21 06:50:19;3309.12;;;1.76
2025.05.20 23:12:00;Buy;0.01;XAUUSD.f;3295.62;0.01;2025.05.21 01:06:00;3295.27;;-0.55;-0.35
2025.05.20 23:35:00;Buy;0.01;XAUUSD.f;3289.69;0.01;2025.05.21 01:06:00;3295.28;;-0.55;5.59
2025.05.20 23:26:00;Buy;0.01;XAUUSD.f;3291.25;0.01;2025.05.21 01:06:00;3295.28;;-0.55;4.03
2025.05.20 23:24:00;Buy;0.01;XAUUSD.f;3294.09;0.01;2025.05.21 01:06:00;3295.28;;-0.55;1.19
2025.05.20 23:00:00;Buy;0.01;XAUUSD.f;3294.34;0.01;2025.05.20 23:10:00;3295.25;;;0.91
2025.05.20 22:54:00;Buy;0.01;XAUUSD.f;3292.86;0.01;2025.05.20 22:56:00;3295.09;;;2.23
2025.05.20 22:48:00;Buy;0.01;XAUUSD.f;3293.35;0.01;2025.05.20 22:49:00;3294.09;;;0.74
2025.05.20 22:42:00;Buy;0.01;XAUUSD.f;3291.35;0.01;2025.05.20 22:47:00;3291.89;;;0.54
2025.05.20 22:30:00;Buy;0.01;XAUUSD.f;3289.91;0.01;2025.05.20 22:41:00;3290.46;;;0.55
2025.05.20 22:30:00;Buy;0.01;XAUUSD.f;3289.9;0.01;2025.05.20 22:41:00;3290.46;;;0.56
2025.05.20 22:24:00;Buy;0.01;XAUUSD.f;3289.79;0.01;2025.05.20 22:25:00;3290.46;;;0.67
2025.05.20 22:15:00;Buy;0.01;XAUUSD.f;3288.48;0.01;2025.05.20 22:19:00;3289.21;;;0.73
2025.05.20 22:00:00;Buy;0.01;XAUUSD.f;3287.74;0.01;2025.05.20 22:01:00;3288.27;;;0.53
2025.05.20 19:45:00;Buy;0.01;XAUUSD.f;3280.04;0.01;2025.05.20 19:55:00;3279.81;;;-0.23
2025.05.20 19:48:00;Buy;0.01;XAUUSD.f;3278.27;0.01;2025.05.20 19:55:00;3279.82;;;1.55
2025.05.20 19:36:00;Buy;0.01;XAUUSD.f;3277.24;0.01;2025.05.20 19:43:00;3279.19;;;1.95
2025.05.20 19:30:00;Buy;0.01;XAUUSD.f;3278.79;0.01;2025.05.20 19:43:00;3279.19;;;0.4
2025.05.20 19:15:00;Buy;0.01;XAUUSD.f;3281.18;0.01;2025.05.20 19:16:00;3281.86;;;0.68
2025.05.20 19:00:00;Buy;0.01;XAUUSD.f;3277.51;0.01;2025.05.20 19:01:00;3278.26;;;0.75
2025.05.20 17:00:07;Buy;0.01;XAUUSD.f;3264.3;0.01;2025.05.20 17:03:58;3266.86;;;2.56
2025.05.20 14:18:08;Buy;0.01;XAUUSD.f;3240.23;0.01;2025.05.20 15:30:03;3241.46;;;1.23
2025.05.20 11:49:17;Sell;0.01;XAUUSD.f;3230.35;0.01;2025.05.20 13:23:46;3232.24;;;-1.8900000000000001
2025.05.20 11:55:57;Sell;0.01;XAUUSD.f;3232.88;0.01;2025.05.20 13:23:46;3232.24;;;0.64
2025.05.20 12:51:47;Sell;0.01;XAUUSD.f;3235.29;0.01;2025.05.20 13:23:46;3232.24;;;3.05
2025.05.20 10:39:20;Sell;0.01;XAUUSD.f;3220.58;0.01;2025.05.20 11:27:13;3218.98;;;1.6
2025.05.20 10:43:30;Sell;0.01;XAUUSD.f;3223.1;0.01;2025.05.20 11:14:38;3220.67;;;2.43
2025.05.19 15:55:39;Buy;0.01;XAUUSD.f;3233.96;0.01;2025.05.19 16:13:19;3233.57;;;-0.39
2025.05.19 16:12:21;Buy;0.01;XAUUSD.f;3231.39;0.01;2025.05.19 16:13:19;3233.38;;;1.99
2025.05.19 16:00:00;Buy;0.01;XAUUSD.f;3229.67;0.01;2025.05.19 16:12:00;3232;;;2.33
2025.05.19 11:17:11;Buy;0.01;XAUUSD.f;3238.93;0.01;2025.05.19 11:51:20;3240.6;;;1.67
2025.05.19 06:46:52;Sell;0.01;XAUUSD.f;3214.52;0.01;2025.05.19 06:48:33;3212.87;;;1.65
2025.05.19 03:45:00;Buy;0.01;XAUUSD.f;3245.8;0.01;2025.05.19 03:47:00;3247.25;;;1.45
2025.05.19 03:30:00;Buy;0.01;XAUUSD.f;3247.95;0.01;2025.05.19 03:34:00;3248.82;;;0.87
2025.05.19 03:15:00;Buy;0.01;XAUUSD.f;3245.79;0.01;2025.05.19 03:16:00;3247.07;;;1.28
2025.05.19 03:00:00;Buy;0.01;XAUUSD.f;3235.06;0.01;2025.05.19 03:01:00;3236.32;;;1.26
2025.05.16 23:48:27;Buy;0.01;XAUUSD.f;3201.7;0.01;2025.05.16 23:50:00;3202.3;;;0.6
2025.05.16 23:14:00;Buy;0.01;XAUUSD.f;3199.56;0.01;2025.05.16 23:45:00;3199.14;;;-0.42
2025.05.16 23:06:00;Buy;0.01;XAUUSD.f;3201.26;0.01;2025.05.16 23:45:00;3199.14;;;-2.12
2025.05.16 23:30:00;Buy;0.01;XAUUSD.f;3195.61;0.01;2025.05.16 23:45:00;3199.14;;;3.5300000000000002
2025.05.16 23:28:00;Buy;0.01;XAUUSD.f;3197.52;0.01;2025.05.16 23:45:00;3199.14;;;1.62
2025.05.16 11:14:24;Sell;0.01;XAUUSD.f;3199.16;0.01;2025.05.16 11:14:58;3197.65;;;1.51
2025.05.16 05:50:18;Sell;0.01;XAUUSD.f;3214.14;0.01;2025.05.16 06:03:07;3211.83;;;2.31
2025.05.15 23:54:40;Buy;0.01;XAUUSD.f;3240.12;0.01;2025.05.16 01:05:00;3241.73;;-0.55;1.6099999999999999
2025.05.15 23:37:00;Buy;0.01;XAUUSD.f;3237.1;0.01;2025.05.15 23:52:00;3238.96;;;1.8599999999999999
2025.05.15 23:30:00;Buy;0.01;XAUUSD.f;3238.67;0.01;2025.05.15 23:52:00;3238.96;;;0.29
2025.05.15 23:24:00;Buy;0.01;XAUUSD.f;3237.93;0.01;2025.05.15 23:26:00;3239.26;;;1.33
2025.05.15 23:06:00;Buy;0.01;XAUUSD.f;3235.09;0.01;2025.05.15 23:18:00;3236.25;;;1.16
2025.05.15 23:00:00;Buy;0.01;XAUUSD.f;3232.07;0.01;2025.05.15 23:03:00;3233.51;;;1.44
2025.05.15 22:45:00;Buy;0.01;XAUUSD.f;3230.81;0.01;2025.05.15 22:58:00;3231.39;;;0.58
2025.05.15 22:42:00;Buy;0.01;XAUUSD.f;3229.98;0.01;2025.05.15 22:43:00;3230.54;;;0.56
2025.05.15 22:30:00;Buy;0.01;XAUUSD.f;3230.28;0.01;2025.05.15 22:40:00;3230.27;;;-0.01
2025.05.15 22:33:00;Buy;0.01;XAUUSD.f;3228.24;0.01;2025.05.15 22:40:00;3230.27;;;2.03
2025.05.15 22:30:00;Buy;0.01;XAUUSD.f;3230.28;0.01;2025.05.15 22:40:00;3230.26;;;-0.02
2025.05.15 22:33:00;Buy;0.01;XAUUSD.f;3228.24;0.01;2025.05.15 22:40:00;3230.26;;;2.02
2025.05.15 22:15:00;Buy;0.01;XAUUSD.f;3224.79;0.01;2025.05.15 22:20:00;3225.52;;;0.73
2025.05.15 22:00:00;Buy;0.01;XAUUSD.f;3223.51;0.01;2025.05.15 22:02:00;3224.23;;;0.72
2025.05.15 19:48:00;Buy;0.01;XAUUSD.f;3220.32;0.01;2025.05.15 19:54:00;3221.99;;;1.67
2025.05.15 19:45:00;Buy;0.01;XAUUSD.f;3221.92;0.01;2025.05.15 19:54:00;3222.01;;;0.09
2025.05.15 19:30:00;Buy;0.01;XAUUSD.f;3219.25;0.01;2025.05.15 19:33:00;3221.55;;;2.3
2025.05.15 19:00:00;Buy;0.01;XAUUSD.f;3220.02;0.01;2025.05.15 19:18:00;3219.9;;;-0.12
2025.05.15 19:05:00;Buy;0.01;XAUUSD.f;3218.16;0.01;2025.05.15 19:18:00;3219.9;;;1.74
2025.05.15 13:19:11;Sell;0.01;XAUUSD.f;3177.38;0.01;2025.05.15 13:22:43;3175.45;;;1.9300000000000002
2025.05.15 13:09:03;Buy;0.01;XAUUSD.f;3173.04;0.01;2025.05.15 13:10:16;3174.77;;;1.73
2025.05.15 12:11:23;Sell;0.01;XAUUSD.f;3167.37;0.01;2025.05.15 12:29:45;3165.86;;;1.51
2025.05.15 12:17:52;Sell;0.01;XAUUSD.f;3169.42;0.01;2025.05.15 12:29:09;3166.88;;;2.54
2025.05.15 11:57:19;Sell;0.01;XAUUSD.f;3164.08;0.01;2025.05.15 12:03:38;3160.73;;;3.35
2025.05.15 11:37:54;Buy;0.01;XAUUSD.f;3155.62;0.01;2025.05.15 11:40:43;3157.37;;;1.75
2025.05.15 08:45:00;Buy;0.01;XAUUSD.f;3132.94;0.01;2025.05.15 08:50:24;3134.81;;;1.87
2025.05.15 07:10:35;Sell;0.01;XAUUSD.f;3148.29;0.01;2025.05.15 07:33:41;3146.02;;;2.27
2025.05.15 05:34:02;Sell;0.01;XAUUSD.f;3160.71;0.01;2025.05.15 05:43:21;3156.44;;;4.27
2025.05.14 14:46:41;Buy;0.01;XAUUSD.f;3228.72;0.01;2025.05.14 15:16:12;3212.07;;;-16.65
2025.05.14 14:42:47;Buy;0.01;XAUUSD.f;3231.31;0.01;2025.05.14 15:16:12;3212.07;;;-19.24
2025.05.14 14:13:21;Sell;0.01;XAUUSD.f;3237.59;0.01;2025.05.14 14:42:59;3232.05;;;5.54
2025.05.14 08:51:54;Sell;0.01;XAUUSD.f;3232.69;0.01;2025.05.14 09:59:34;3228.55;;;4.14
2025.05.14 08:51:54;Sell;0.01;XAUUSD.f;3232.7;0.01;2025.05.14 09:59:34;3228.55;;;4.15
2025.05.14 07:15:02;Sell;0.01;XAUUSD.f;3223.47;0.01;2025.05.14 09:59:34;3228.55;;;-5.08
2025.05.13 18:52:40;Sell;0.01;XAUUSD.f;3253.59;0.01;2025.05.13 19:03:57;3256.63;;;-3.04
2025.05.13 18:52:39;Sell;0.01;XAUUSD.f;3253.63;0.01;2025.05.13 19:03:57;3256.63;;;-3
2025.05.13 18:52:39;Sell;0.01;XAUUSD.f;3253.64;0.01;2025.05.13 19:03:57;3256.63;;;-2.99
2025.05.13 18:52:39;Sell;0.01;XAUUSD.f;3253.65;0.01;2025.05.13 19:03:57;3256.63;;;-2.98
2025.05.13 18:52:39;Sell;0.01;XAUUSD.f;3253.66;0.01;2025.05.13 19:03:57;3256.63;;;-2.9699999999999998
2025.05.13 18:52:39;Sell;0.01;XAUUSD.f;3253.64;0.01;2025.05.13 19:03:57;3256.63;;;-2.99
2025.05.13 18:52:38;Sell;0.01;XAUUSD.f;3253.6;0.01;2025.05.13 19:03:57;3256.63;;;-3.03
2025.05.13 18:52:38;Sell;0.01;XAUUSD.f;3253.65;0.01;2025.05.13 19:03:57;3256.63;;;-2.98
2025.05.13 17:34:40;Sell;0.01;XAUUSD.f;3244.45;0.01;2025.05.13 19:03:57;3256.63;;;-12.18
2025.05.13 17:34:40;Sell;0.01;XAUUSD.f;3244.48;0.01;2025.05.13 19:03:57;3256.63;;;-12.15
2025.05.13 17:34:40;Sell;0.01;XAUUSD.f;3244.48;0.01;2025.05.13 19:03:57;3256.63;;;-12.15
2025.05.13 17:34:36;Sell;0.01;XAUUSD.f;3244.45;0.01;2025.05.13 19:03:57;3256.63;;;-12.18
2025.05.13 17:16:10;Sell;0.01;XAUUSD.f;3235.74;0.01;2025.05.13 19:03:57;3256.63;;;-20.89
2025.05.13 17:16:10;Sell;0.01;XAUUSD.f;3235.67;0.01;2025.05.13 19:03:57;3256.63;;;-20.96
2025.05.13 17:01:44;Sell;0.01;XAUUSD.f;3226.43;0.01;2025.05.13 19:03:57;3256.63;;;-30.2
2025.05.13 09:48:22;Buy;0.01;XAUUSD.f;3260.68;0.01;2025.05.13 09:48:45;3262.6;;;1.92
2025.05.13 07:42:40;Buy;0.01;XAUUSD.f;3247.9;0.01;2025.05.13 07:50:28;3249.65;;;1.75
2025.05.12 16:05:39;Sell;0.01;XAUUSD.f;3241.3;0.01;2025.05.12 16:12:45;3239.63;;;1.67
2025.05.12 16:05:27;Buy;0.01;XAUUSD.f;3240.13;0.01;2025.05.12 16:06:01;3241.15;;;1.02
2025.05.12 13:56:34;Buy;0.01;XAUUSD.f;3208.26;0.01;2025.05.12 14:17:56;3220.53;;;12.27
2025.05.12 13:56:34;Buy;0.01;XAUUSD.f;3208.29;0.01;2025.05.12 14:17:56;3220.53;;;12.24
2025.05.12 13:56:34;Buy;0.01;XAUUSD.f;3208.33;0.01;2025.05.12 14:17:56;3220.53;;;12.2
2025.05.12 13:56:33;Buy;0.01;XAUUSD.f;3208.4;0.01;2025.05.12 14:17:56;3220.53;;;12.13
2025.05.12 12:55:01;Buy;0.01;XAUUSD.f;3217.39;0.01;2025.05.12 14:17:56;3220.53;;;3.14
2025.05.12 12:54:59;Buy;0.01;XAUUSD.f;3217.33;0.01;2025.05.12 14:17:56;3220.53;;;3.2
2025.05.12 12:30:00;Buy;0.01;XAUUSD.f;3226.4;0.01;2025.05.12 14:17:56;3220.53;;;-5.87
2025.05.12 11:15:00;Buy;0.01;XAUUSD.f;3224.64;0.01;2025.05.12 11:15:56;3226.2;;;1.56
2025.05.12 11:15:00;Buy;0.01;XAUUSD.f;3224.64;0.01;2025.05.12 11:15:56;3226.2;;;1.56
2025.05.12 10:00:00;Sell;0.01;XAUUSD.f;3277.31;0.01;2025.05.12 10:00:27;3267.49;;;9.82
2025.05.12 05:26:19;Buy;0.01;XAUUSD.f;3272;0.01;2025.05.12 05:28:10;3273.83;;;1.83
2025.05.09 05:11:43;Sell;0.01;XAUUSD.f;3280.02;0.01;2025.05.09 05:12:45;3277.87;;;2.15
2025.05.08 12:57:02;Buy;0.01;XAUUSD.f;3334.42;0.01;2025.05.08 13:11:04;3338.2;;;3.7800000000000002
2025.05.08 12:57:02;Buy;0.01;XAUUSD.f;3334.42;0.01;2025.05.08 13:11:04;3338.2;;;3.7800000000000002
2025.05.08 11:00:00;Buy;0.01;XAUUSD.f;3343.45;0.01;2025.05.08 13:11:04;3338.2;;;-5.25
2025.05.08 09:48:46;Buy;0.01;XAUUSD.f;3321.76;0.01;2025.05.08 09:50:24;3325.27;;;3.51
2025.05.08 09:48:46;Buy;0.01;XAUUSD.f;3321.66;0.01;2025.05.08 09:50:24;3325.27;;;3.61
2025.05.08 09:45:00;Buy;0.01;XAUUSD.f;3330.7;0.01;2025.05.08 09:50:24;3325.27;;;-5.43
2025.05.08 08:10:31;Sell;0.01;XAUUSD.f;3377.84;0.01;2025.05.08 08:12:55;3375.42;;;2.42
2025.05.08 06:00:00;Sell;0.01;XAUUSD.f;3402.07;0.01;2025.05.08 06:05:50;3400.4;;;1.67
2025.05.08 04:25:40;Buy;0.01;XAUUSD.f;3386.89;0.01;2025.05.08 04:32:36;3390.82;;;3.93
2025.05.08 04:25:40;Buy;0.01;XAUUSD.f;3386.87;0.01;2025.05.08 04:32:36;3390.82;;;3.95
2025.05.08 04:03:40;Buy;0.01;XAUUSD.f;3395.94;0.01;2025.05.08 04:32:36;3390.82;;;-5.12
2025.05.07 22:36:01;Sell;0.01;XAUUSD.f;3374.6;0.01;2025.05.07 22:41:49;3371.23;;;3.37
2025.05.07 22:36:01;Sell;0.01;XAUUSD.f;3375.01;0.01;2025.05.07 22:41:48;3371.3;;;3.71
2025.05.07 22:15:51;Sell;0.01;XAUUSD.f;3365.94;0.01;2025.05.07 22:41:48;3371.3;;;-5.36
2025.05.07 09:08:51;Buy;0.01;XAUUSD.f;3393.93;0.01;2025.05.07 10:13:44;3395.62;;;1.69
2025.05.07 04:30:00;Buy;0.01;XAUUSD.f;3365.61;0.01;2025.05.07 04:36:15;3367.39;;;1.78
2025.05.07 01:27:02;Sell;0.01;XAUUSD.f;3396.97;0.01;2025.05.07 01:28:52;3385.52;;;11.45
2025.05.06 23:54:00;Buy;0.01;XAUUSD.f;3431.94;0.01;2025.05.06 23:55:00;3434.55;;;2.61
2025.05.06 23:48:00;Buy;0.01;XAUUSD.f;3429.34;0.01;2025.05.06 23:49:00;3430.81;;;1.47
2025.05.06 23:12:00;Buy;0.01;XAUUSD.f;3424.13;0.01;2025.05.06 23:29:00;3423.09;;;-1.04
2025.05.06 23:23:00;Buy;0.01;XAUUSD.f;3420.9;0.01;2025.05.06 23:29:00;3423.1;;;2.2
2025.05.06 23:14:00;Buy;0.01;XAUUSD.f;3422.49;0.01;2025.05.06 23:29:00;3423.3;;;0.81
2025.05.06 23:00:00;Buy;0.01;XAUUSD.f;3423.22;0.01;2025.05.06 23:07:00;3424.14;;;0.92
2025.05.06 22:54:00;Buy;0.01;XAUUSD.f;3423;0.01;2025.05.06 22:56:00;3423.94;;;0.94
2025.05.06 22:40:22;Buy;0.01;XAUUSD.f;3417.93;0.01;2025.05.06 22:52:06;3420.64;;;2.71
2025.05.06 19:35:24;Buy;0.01;XAUUSD.f;3405.56;0.01;2025.05.06 19:37:39;3407.05;;;1.49
2025.05.06 12:18:20;Buy;0.01;XAUUSD.f;3373.41;0.01;2025.05.06 12:33:21;3377.14;;;3.73
2025.05.06 12:18:20;Buy;0.01;XAUUSD.f;3373.54;0.01;2025.05.06 12:33:21;3377.14;;;3.6
2025.05.06 11:20:04;Buy;0.01;XAUUSD.f;3382.56;0.01;2025.05.06 12:33:21;3377.14;;;-5.42
2025.05.06 07:30:00;Buy;0.01;XAUUSD.f;3357.16;0.01;2025.05.06 07:34:26;3358.83;;;1.67
2025.05.06 05:30:00;Sell;0.01;XAUUSD.f;3382.13;0.01;2025.05.06 05:31:54;3379.51;;;2.62
2025.05.06 04:08:43;Buy;0.01;XAUUSD.f;3355.82;0.01;2025.05.06 04:09:31;3357.45;;;1.63
2025.05.05 22:48:00;Buy;0.01;XAUUSD.f;3336.58;0.01;2025.05.05 23:56:00;3334.3;;;-2.2800000000000002
2025.05.05 22:58:00;Buy;0.01;XAUUSD.f;3328.72;0.01;2025.05.05 23:56:00;3334.3;;;5.58
2025.05.05 22:54:00;Buy;0.01;XAUUSD.f;3332.17;0.01;2025.05.05 23:56:00;3334.21;;;2.04
2025.05.05 22:50:00;Buy;0.01;XAUUSD.f;3334.32;0.01;2025.05.05 23:56:00;3334.4;;;0.08
2025.05.05 22:30:00;Buy;0.01;XAUUSD.f;3336.51;0.01;2025.05.05 22:46:00;3336.24;;;-0.27
2025.05.05 22:44:00;Buy;0.01;XAUUSD.f;3334.72;0.01;2025.05.05 22:46:00;3336.26;;;1.54
2025.05.05 22:24:00;Buy;0.01;XAUUSD.f;3329.45;0.01;2025.05.05 22:25:00;3330.21;;;0.76
2025.05.05 22:18:00;Buy;0.01;XAUUSD.f;3328.45;0.01;2025.05.05 22:22:00;3329.01;;;0.56
2025.05.05 15:19:14;Sell;0.01;XAUUSD.f;3319.56;0.01;2025.05.05 16:31:35;3315.45;;;4.11
2025.05.05 15:19:14;Sell;0.01;XAUUSD.f;3319.58;0.01;2025.05.05 16:31:35;3315.45;;;4.13
2025.05.05 13:15:00;Sell;0.01;XAUUSD.f;3310.58;0.01;2025.05.05 16:31:35;3315.45;;;-4.87
2025.05.05 12:02:47;Buy;0.01;XAUUSD.f;3287.38;0.01;2025.05.05 12:05:15;3289.13;;;1.75
2025.05.05 09:42:04;Balance;;;;;;;;;-75.87
2025.05.01 08:15:00;Buy;0.01;XAUUSD.f;3229.51;0.01;2025.05.01 08:22:26;3231.05;;;1.54
2025.05.01 07:03:00;Buy;0.01;XAUUSD.f;3226.26;0.01;2025.05.01 07:52:02;3231.69;;;5.43
2025.05.01 07:03:00;Buy;0.01;XAUUSD.f;3226.25;0.01;2025.05.01 07:52:02;3231.69;;;5.44
2025.05.01 07:03:00;Buy;0.01;XAUUSD.f;3226.15;0.01;2025.05.01 07:52:02;3231.69;;;5.54
2025.05.01 07:03:00;Buy;0.01;XAUUSD.f;3226.23;0.01;2025.05.01 07:52:02;3231.69;;;5.46
2025.05.01 06:13:31;Buy;0.01;XAUUSD.f;3233.9;0.01;2025.05.01 07:52:02;3231.69;;;-2.21
2025.05.01 06:13:31;Buy;0.01;XAUUSD.f;3234.66;0.01;2025.05.01 07:52:02;3231.69;;;-2.9699999999999998
2025.05.01 05:45:00;Buy;0.01;XAUUSD.f;3244.42;0.01;2025.05.01 07:52:02;3231.69;;;-12.73
2025.05.01 04:30:00;Buy;0.01;XAUUSD.f;3249.19;0.01;2025.05.01 04:37:33;3250.87;;;1.6800000000000002
2025.05.01 02:42:53;Sell;0.01;XAUUSD.f;3271.24;0.01;2025.05.01 03:19:59;3268.89;;;2.35
2025.05.01 01:10:43;Sell;0.01;XAUUSD.f;3282;0.01;2025.05.01 01:15:00;3276.81;;;5.19
2025.04.30 16:15:04;Sell;0.01;XAUUSD.f;3309.15;0.01;2025.04.30 16:16:32;3306.47;;;2.68
2025.04.30 16:13:57;Buy;0.01;XAUUSD.f;3305.05;0.01;2025.04.30 16:14:11;3307.16;;;2.11
2025.04.30 14:00:18;Sell;0.01;XAUUSD.f;3271.65;0.01;2025.04.30 14:03:07;3270.04;;;1.6099999999999999
2025.04.30 11:26:26;Sell;0.01;XAUUSD.f;3282.39;0.01;2025.04.30 12:18:55;3279.8;;;2.59
2025.04.30 08:12:20;Sell;0.01;XAUUSD.f;3312.76;0.01;2025.04.30 08:42:17;3309.8;;;2.96
2025.04.29 16:11:03;Sell;0.01;XAUUSD.f;3315.22;0.01;2025.04.29 16:26:46;3313.5;;;1.72
2025.04.29 08:41:43;Sell;0.01;XAUUSD.f;3315.63;0.01;2025.04.29 08:52:23;3312.86;;;2.77
2025.04.29 08:41:30;Sell;0.01;XAUUSD.f;3315.61;0.01;2025.04.29 08:51:43;3311.87;;;3.74
2025.04.29 08:15:48;Sell;0.01;XAUUSD.f;3306.61;0.01;2025.04.29 08:51:41;3311.92;;;-5.31
2025.04.29 06:18:13;Sell;0.01;XAUUSD.f;3310.7;0.01;2025.04.29 06:51:29;3308.94;;;1.76
2025.04.28 21:24:55;Sell;0.01;XAUUSD.f;3344.28;0.01;2025.04.29 01:07:38;3339.68;;0.24;4.6
2025.04.28 21:24:55;Sell;0.01;XAUUSD.f;3344.34;0.01;2025.04.29 01:07:38;3339.68;;0.24;4.66
2025.04.28 21:00:00;Sell;0.01;XAUUSD.f;3335.21;0.01;2025.04.29 01:07:38;3339.68;;0.24;-4.47
2025.04.28 22:16:00;Buy;0.01;XAUUSD.f;3347.28;0.01;2025.04.28 22:31:00;3351.52;;;4.24
2025.04.28 22:04:00;Buy;0.01;XAUUSD.f;3351.39;0.01;2025.04.28 22:31:00;3351.51;;;0.12
2025.04.28 22:00:00;Buy;0.01;XAUUSD.f;3349.23;0.01;2025.04.28 22:03:00;3350.12;;;0.89
2025.04.28 19:45:00;Sell;0.01;XAUUSD.f;3338.06;0.01;2025.04.28 19:50:48;3334.57;;;3.49
2025.04.28 18:30:00;Sell;0.01;XAUUSD.f;3328.75;0.01;2025.04.28 18:30:48;3327.29;;;1.46
2025.04.28 17:16:20;Buy;0.01;XAUUSD.f;3306.02;0.01;2025.04.28 17:18:44;3307.73;;;1.71
2025.04.28 15:24:27;Sell;0.01;XAUUSD.f;3299.12;0.01;2025.04.28 15:41:18;3297.57;;;1.55
2025.04.28 15:29:51;Sell;0.01;XAUUSD.f;3301.58;0.01;2025.04.28 15:34:38;3298.99;;;2.59
2025.04.28 15:09:20;Sell;0.01;XAUUSD.f;3297.28;0.01;2025.04.28 15:17:34;3295.23;;;2.05
2025.04.28 13:52:13;Sell;0.01;XAUUSD.f;3291.55;0.01;2025.04.28 13:58:22;3289.01;;;2.54
2025.04.28 04:25:08;Sell;0.01;XAUUSD.f;3294.67;0.01;2025.04.28 04:25:22;3292.85;;;1.8199999999999998
2025.04.28 01:05:00;Buy;0.01;XAUUSD.f;3326.15;0.01;2025.04.28 01:13:52;3328.71;;;2.56
2025.04.25 23:48:00;Buy;0.01;XAUUSD.f;3314.34;0.01;2025.04.28 01:05:00;3325.93;;-0.6;11.59
2025.04.25 23:44:00;Buy;0.01;XAUUSD.f;3313.07;0.01;2025.04.25 23:45:00;3314.94;;;1.87
2025.04.25 23:40:01;Buy;0.01;XAUUSD.f;3310.23;0.01;2025.04.25 23:43:00;3312.44;;;2.21
2025.04.25 23:24:04;Buy;0.01;XAUUSD.f;3310.62;0.01;2025.04.25 23:40:00;3310.04;;;-0.58
2025.04.25 23:29:00;Buy;0.01;XAUUSD.f;3307.02;0.01;2025.04.25 23:40:00;3310.04;;;3.02
2025.04.25 22:52:00;Buy;0.01;XAUUSD.f;3311.64;0.01;2025.04.25 23:24:00;3310.34;;;-1.3
2025.04.25 23:00:00;Buy;0.01;XAUUSD.f;3305.37;0.01;2025.04.25 23:24:00;3310.34;;;4.97
2025.04.25 22:54:00;Buy;0.01;XAUUSD.f;3308.98;0.01;2025.04.25 23:24:00;3310.34;;;1.3599999999999999
2025.04.25 22:50:01;Buy;0.01;XAUUSD.f;3308.33;0.01;2025.04.25 22:51:00;3310.63;;;2.3
2025.04.25 22:44:00;Buy;0.01;XAUUSD.f;3308.32;0.01;2025.04.25 22:50:00;3308.09;;;-0.23
2025.04.25 22:47:00;Buy;0.01;XAUUSD.f;3304.91;0.01;2025.04.25 22:50:00;3308.09;;;3.18
2025.04.25 22:40:00;Buy;0.01;XAUUSD.f;3304.05;0.01;2025.04.25 22:41:00;3305.78;;;1.73
2025.04.25 22:38:10;Buy;0.01;XAUUSD.f;3302.39;0.01;2025.04.25 22:39:32;3304.08;;;1.69
2025.04.25 22:36:00;Buy;0.01;XAUUSD.f;3300.2;0.01;2025.04.25 22:38:00;3301.02;;;0.82
2025.04.25 22:28:00;Buy;0.01;XAUUSD.f;3295.05;0.01;2025.04.25 22:31:00;3295.7;;;0.65
2025.04.25 22:24:00;Buy;0.01;XAUUSD.f;3293.89;0.01;2025.04.25 22:25:00;3295;;;1.11
2025.04.25 18:40:00;Sell;0.01;XAUUSD.f;3276.82;0.01;2025.04.25 18:42:00;3275.31;;;1.51
2025.04.25 18:20:00;Sell;0.01;XAUUSD.f;3273.68;0.01;2025.04.25 18:22:00;3271.93;;;1.75
2025.04.25 18:00:00;Sell;0.01;XAUUSD.f;3278.04;0.01;2025.04.25 18:10:00;3274.8;;;3.24
2025.04.25 16:05:10;Sell;0.01;XAUUSD.f;3285.92;0.01;2025.04.25 16:08:11;3282.29;;;3.63
2025.04.25 16:05:10;Sell;0.01;XAUUSD.f;3285.86;0.01;2025.04.25 16:08:11;3282.29;;;3.57
2025.04.25 16:02:33;Sell;0.01;XAUUSD.f;3276.79;0.01;2025.04.25 16:08:11;3282.29;;;-5.5
2025.04.25 09:45:00;Buy;0.01;XAUUSD.f;3305.42;0.01;2025.04.25 10:04:01;3307.51;;;2.09
2025.04.25 08:21:16;Sell;0.01;XAUUSD.f;3316.1;0.01;2025.04.25 08:32:07;3314.45;;;1.65
2025.04.25 06:52:09;Sell;0.01;XAUUSD.f;3335.94;0.01;2025.04.25 06:52:46;3334.1;;;1.8399999999999999
2025.04.25 01:18:40;Buy;0.01;XAUUSD.f;3355.52;0.01;2025.04.25 01:23:08;3355.72;;;0.2
2025.04.24 21:10:00;Buy;0.01;XAUUSD.f;3338.95;0.01;2025.04.24 22:44:02;3340.81;;;1.8599999999999999
2025.04.24 16:53:40;Sell;0.01;XAUUSD.f;3312.8;0.01;2025.04.24 17:05:36;3310.77;;;2.03
2025.04.24 16:37:37;Buy;0.01;XAUUSD.f;3320.87;0.01;2025.04.24 16:53:40;3312.64;;;-8.23
2025.04.24 16:31:15;Buy;0.01;XAUUSD.f;3330.12;0.01;2025.04.24 16:53:40;3312.64;;;-17.48
2025.04.24 16:10:33;Buy;0.01;XAUUSD.f;3332.64;0.01;2025.04.24 16:53:40;3312.64;;;-20
2025.04.24 16:15:00;Buy;0.01;XAUUSD.f;3329.16;0.01;2025.04.24 16:28:19;3331.78;;;2.62
2025.04.24 16:01:41;Buy;0.01;XAUUSD.f;3332.63;0.01;2025.04.24 16:09:32;3335.22;;;2.59
2025.04.24 12:48:00;Buy;0.01;XAUUSD.f;3326.24;0.01;2025.04.24 12:51:16;3329.07;;;2.83
2025.04.24 09:47:01;Balance;;;;;;;;;-103.75
2025.04.24 08:36:48;Sell;0.01;XAUUSD.f;3329.94;0.01;2025.04.24 08:56:19;3326.17;;;3.77
2025.04.24 08:36:48;Sell;0.01;XAUUSD.f;3329.84;0.01;2025.04.24 08:56:19;3326.17;;;3.67
2025.04.24 08:30:41;Sell;0.01;XAUUSD.f;3320.61;0.01;2025.04.24 08:56:19;3326.17;;;-5.5600000000000005
2025.04.24 08:23:16;Buy;0.01;XAUUSD.f;3322.95;0.01;2025.04.24 08:34:22;3324.86;;;1.9100000000000001
2025.04.24 05:45:00;Sell;0.01;XAUUSD.f;3340.9;0.01;2025.04.24 05:47:15;3338.58;;;2.32
2025.04.24 04:30:00;Sell;0.01;XAUUSD.f;3359.45;0.01;2025.04.24 04:32:28;3357.55;;;1.9
2025.04.24 03:00:56;Buy;0.01;XAUUSD.f;3317.01;0.01;2025.04.24 03:12:02;3318.41;;;1.4
2025.04.24 01:05:42;Buy;0.01;XAUUSD.f;3310.04;0.01;2025.04.24 01:40:42;3314;;;3.96
2025.04.23 18:45:00;Buy;0.01;XAUUSD.f;3281.9;0.01;2025.04.23 18:48:44;3285.97;;;4.07
2025.04.23 18:00:00;Sell;0.01;XAUUSD.f;3287.48;0.01;2025.04.23 18:15:00;3277.76;;;9.72
2025.04.23 17:30:00;Buy;0.01;XAUUSD.f;3275.75;0.01;2025.04.23 17:32:30;3277.31;;;1.56
2025.04.23 16:04:12;Sell;0.01;XAUUSD.f;3305.96;0.01;2025.04.23 16:20:07;3302.29;;;3.67
2025.04.23 11:15:00;Buy;0.01;XAUUSD.f;3306.8;0.01;2025.04.23 11:17:18;3310.54;;;3.74
2025.04.23 10:00:00;Buy;0.01;XAUUSD.f;3302.14;0.01;2025.04.23 10:00:06;3303.77;;;1.63
2025.04.22 17:00:00;Buy;0.01;XAUUSD.f;3419.07;0.01;2025.04.22 17:00:33;3429.14;;;10.07
2025.04.22 15:44:11;Sell;0.01;XAUUSD.f;3441.95;0.01;2025.04.22 15:46:57;3437.25;;;4.7
2025.04.22 11:36:01;Sell;0.01;XAUUSD.f;3460.92;0.01;2025.04.22 11:36:44;3459.29;;;1.63
2025.04.22 09:30:00;Sell;0.01;XAUUSD.f;3488.32;0.01;2025.04.22 09:31:03;3486.55;;;1.77
2025.04.22 07:45:00;Sell;0.01;XAUUSD.f;3481.71;0.01;2025.04.22 08:12:09;3479.07;;;2.64
2025.04.22 06:30:17;Sell;0.01;XAUUSD.f;3491.16;0.01;2025.04.22 06:31:28;3488.35;;;2.81
2025.04.22 06:30:17;Sell;0.01;XAUUSD.f;3491.11;0.01;2025.04.22 06:31:28;3488.35;;;2.76
2025.04.22 06:30:17;Sell;0.01;XAUUSD.f;3491.14;0.01;2025.04.22 06:31:28;3488.35;;;2.79
2025.04.22 06:30:17;Sell;0.01;XAUUSD.f;3491.06;0.01;2025.04.22 06:31:07;3486.67;;;4.39
2025.04.22 06:18:25;Sell;0.01;XAUUSD.f;3482.24;0.01;2025.04.22 06:31:06;3486.77;;;-4.53
2025.04.22 06:18:25;Sell;0.01;XAUUSD.f;3482.17;0.01;2025.04.22 06:31:06;3486.77;;;-4.6
2025.04.22 06:00:00;Sell;0.01;XAUUSD.f;3473.07;0.01;2025.04.22 06:31:06;3486.77;;;-13.7
2025.04.22 04:34:38;Buy;0.01;XAUUSD.f;3444.7;0.01;2025.04.22 04:36:20;3446.57;;;1.87
2025.04.21 15:59:06;Buy;0.01;XAUUSD.f;3415.85;0.01;2025.04.21 16:00:33;3417.57;;;1.72
2025.04.21 06:45:00;Sell;0.01;XAUUSD.f;3383.09;0.01;2025.04.21 07:03:07;3379.38;;;3.71
2025.04.21 05:30:00;Sell;0.01;XAUUSD.f;3381.88;0.01;2025.04.21 05:34:16;3380.19;;;1.69
2025.04.21 04:00:09;Sell;0.01;XAUUSD.f;3373.91;0.01;2025.04.21 04:23:14;3369.82;;;4.09
2025.04.21 04:00:09;Sell;0.01;XAUUSD.f;3373.85;0.01;2025.04.21 04:23:14;3369.82;;;4.03
2025.04.21 04:00:09;Sell;0.01;XAUUSD.f;3373.87;0.01;2025.04.21 04:23:14;3369.82;;;4.05
2025.04.21 04:00:09;Sell;0.01;XAUUSD.f;3373.95;0.01;2025.04.21 04:22:28;3368.34;;;5.61
2025.04.21 03:43:15;Sell;0.01;XAUUSD.f;3364.87;0.01;2025.04.21 04:22:26;3368.13;;;-3.26
2025.04.21 03:43:15;Sell;0.01;XAUUSD.f;3364.83;0.01;2025.04.21 04:22:26;3368.13;;;-3.3
2025.04.21 03:30:00;Sell;0.01;XAUUSD.f;3355.61;0.01;2025.04.21 04:22:26;3368.13;;;-12.52
2025.04.21 02:15:00;Sell;0.01;XAUUSD.f;3347.88;0.01;2025.04.21 02:17:33;3346.27;;;1.6099999999999999
2025.04.17 23:42:27;Buy;0.01;XAUUSD.f;3327.11;0.01;2025.04.21 01:06:03;3334.12;;-0.94;7.01
2025.04.17 17:00:36;Sell;0.01;XAUUSD.f;3310;0.01;2025.04.17 17:02:57;3307.3;;;2.7
2025.04.17 13:26:53;Sell;0.01;XAUUSD.f;3331.84;0.01;2025.04.17 14:25:25;3325.56;;;6.28
2025.04.17 13:26:53;Sell;0.01;XAUUSD.f;3331.82;0.01;2025.04.17 14:25:25;3325.56;;;6.26
2025.04.17 13:26:52;Sell;0.01;XAUUSD.f;3331.57;0.01;2025.04.17 14:25:25;3325.56;;;6.01
2025.04.17 11:50:13;Sell;0.01;XAUUSD.f;3321.77;0.01;2025.04.17 14:25:25;3325.56;;;-3.79
2025.04.17 13:26:52;Sell;0.01;XAUUSD.f;3331.03;0.01;2025.04.17 14:25:25;3325.56;;;5.47
2025.04.17 11:50:13;Sell;0.01;XAUUSD.f;3321.8;0.01;2025.04.17 14:25:24;3325.14;;;-3.34
2025.04.17 11:35:59;Sell;0.01;XAUUSD.f;3312.7;0.01;2025.04.17 14:25:24;3325.14;;;-12.44
2025.04.17 04:51:25;Sell;0.01;XAUUSD.f;3325.97;0.01;2025.04.17 04:53:46;3324.79;;;1.18
2025.04.17 01:11:09;Buy;0.01;XAUUSD.f;3353.87;0.01;2025.04.17 01:12:19;3355.14;;;1.27
2025.04.16 22:24:00;Buy;0.01;XAUUSD.f;3340.56;0.01;2025.04.16 23:39:00;3338.93;;;-1.63
2025.04.16 23:14:00;Buy;0.01;XAUUSD.f;3336.08;0.01;2025.04.16 23:39:00;3338.93;;;2.85
2025.04.16 22:43:00;Buy;0.01;XAUUSD.f;3337.73;0.01;2025.04.16 23:39:00;3338.93;;;1.2
2025.04.16 22:20:00;Buy;0.01;XAUUSD.f;3339.2;0.01;2025.04.16 22:23:00;3340.83;;;1.63
2025.04.16 20:36:52;Buy;0.01;XAUUSD.f;3332.99;0.01;2025.04.16 21:23:03;3335.61;;;2.62
2025.04.16 18:50:42;Buy;0.01;XAUUSD.f;3325.27;0.01;2025.04.16 18:55:01;3327.47;;;2.2
2025.04.16 11:03:00;Buy;0.01;XAUUSD.f;3302.39;0.01;2025.04.16 11:04:00;3305.87;;;3.48
2025.04.16 10:49:25;Buy;0.01;XAUUSD.f;3299.21;0.01;2025.04.16 11:03:01;3301.79;;;2.58
2025.04.16 10:30:00;Buy;0.01;XAUUSD.f;3297.31;0.01;2025.04.16 11:03:00;3302.09;;;4.78
2025.04.16 08:19:12;Buy;0.01;XAUUSD.f;3289.02;0.01;2025.04.16 08:35:00;3290.71;;;1.69
2025.04.16 07:00:00;Buy;0.01;XAUUSD.f;3281.7;0.01;2025.04.16 07:02:48;3283.17;;;1.47
2025.04.16 05:30:00;Sell;0.01;XAUUSD.f;3271.74;0.01;2025.04.16 05:44:36;3269.62;;;2.12
2025.04.16 04:15:00;Sell;0.01;XAUUSD.f;3269.87;0.01;2025.04.16 04:19:08;3268.53;;;1.34
2025.04.16 03:02:13;Buy;0.01;XAUUSD.f;3258.48;0.01;2025.04.16 03:02:35;3259.75;;;1.27
2025.04.14 16:10:28;Sell;0.01;XAUUSD.f;3199.89;0.01;2025.04.14 16:13:59;3197.2;;;2.69
2025.04.14 11:28:52;Balance;;;;;;;;;-188.03
2025.04.11 16:39:43;Buy;0.03;XAUUSD.f;3233.28;0.03;2025.04.11 16:41:03;3235.35;;;6.21
2025.04.11 16:39:43;Buy;0.03;XAUUSD.f;3233.52;0.03;2025.04.11 16:40:57;3236.51;;;8.97
2025.04.11 16:33:15;Buy;0.03;XAUUSD.f;3242.68;0.03;2025.04.11 16:40:56;3237.12;;;-16.68
2025.04.11 12:49:48;Buy;0.03;XAUUSD.f;3227.17;0.03;2025.04.11 12:54:09;3229.22;;;6.15
2025.04.11 11:42:00;Buy;0.01;XAUUSD.f;3215.1;0.01;2025.04.11 11:47:00;3222.72;;;7.62
2025.04.11 11:30:00;Buy;0.01;XAUUSD.f;3219.53;0.01;2025.04.11 11:47:00;3222.72;;;3.19
2025.04.11 11:20:23;Buy;0.03;XAUUSD.f;3220.11;0.03;2025.04.11 11:22:49;3221.8;;;5.07
2025.04.11 09:00:13;Sell;0.03;XAUUSD.f;3197.66;0.03;2025.04.11 09:06:56;3192.53;;;15.39
2025.04.11 09:00:12;Sell;0.03;XAUUSD.f;3197.78;0.03;2025.04.11 09:06:56;3192.53;;;15.75
2025.04.11 08:45:07;Sell;0.03;XAUUSD.f;3187.75;0.03;2025.04.11 09:06:56;3192.53;;;-14.34
2025.04.11 05:45:00;Sell;0.03;XAUUSD.f;3217.01;0.03;2025.04.11 06:04:59;3215.19;;;5.46
2025.04.11 04:30:00;Sell;0.03;XAUUSD.f;3210.65;0.03;2025.04.11 04:34:15;3209.15;;;4.5
2025.04.11 02:51:17;Buy;0.03;XAUUSD.f;3190.7;0.03;2025.04.11 03:21:20;3194.98;;;12.84
2025.04.10 22:03:54;Buy;0.03;XAUUSD.f;3175.69;0.03;2025.04.11 01:05:59;3178.51;;-1.4;8.46
2025.04.10 19:45:00;Sell;0.03;XAUUSD.f;3164.53;0.03;2025.04.10 19:55:07;3162.69;;;5.52
2025.04.10 18:28:39;Sell;0.03;XAUUSD.f;3168.53;0.03;2025.04.10 18:33:46;3164.45;;;12.24
2025.04.10 18:28:39;Sell;0.03;XAUUSD.f;3168.31;0.03;2025.04.10 18:33:46;3164.45;;;11.58
2025.04.10 18:15:00;Sell;0.03;XAUUSD.f;3159.36;0.03;2025.04.10 18:33:46;3164.45;;;-15.27
2025.04.10 16:58:45;Buy;0.03;XAUUSD.f;3117.48;0.03;2025.04.10 17:03:22;3134.28;;;50.4
2025.04.10 16:58:44;Buy;0.03;XAUUSD.f;3117.95;0.03;2025.04.10 17:03:22;3134.28;;;48.99
2025.04.10 16:58:44;Buy;0.03;XAUUSD.f;3118.04;0.03;2025.04.10 17:03:22;3134.28;;;48.72
2025.04.10 16:58:44;Buy;0.03;XAUUSD.f;3118.12;0.03;2025.04.10 17:00:40;3122.26;;;12.42
2025.04.10 16:32:23;Buy;0.03;XAUUSD.f;3126.68;0.03;2025.04.10 17:00:40;3122.39;;;-12.87
2025.04.10 16:32:23;Buy;0.03;XAUUSD.f;3126.61;0.03;2025.04.10 17:00:40;3122.39;;;-12.66
2025.04.10 16:24:07;Buy;0.03;XAUUSD.f;3136.12;0.03;2025.04.10 17:00:37;3123.3;;;-38.46
2025.04.10 14:00:00;Buy;0.03;XAUUSD.f;3120.11;0.03;2025.04.10 14:29:50;3121.79;;;5.04
2025.04.10 08:27:30;Sell;0.03;XAUUSD.f;3125.33;0.03;2025.04.10 08:30:20;3123.6;;;5.19
2025.04.02 10:13:31;Balance;;;;;;;;;-261.29
2025.03.31 07:30:48;Buy;0.13;XAUUSD.f;3111.8;0.13;2025.03.31 07:52:00;3114.09;;;29.77
2025.03.31 06:06:13;Buy;0.13;XAUUSD.f;3109.65;0.13;2025.03.31 06:11:21;3111.22;;;20.41
2025.03.28 11:26:00;Buy;0.01;XAUUSD.f;3068.51;0.01;2025.03.28 14:39:50;3079.26;;;10.75
2025.03.28 11:19:00;Buy;0.01;XAUUSD.f;3072.84;0.01;2025.03.28 14:39:50;3079.26;;;6.42
2025.03.28 11:12:00;Buy;0.01;XAUUSD.f;3074.89;0.01;2025.03.28 14:39:50;3079.26;;;4.37
2025.03.28 11:06:00;Buy;0.01;XAUUSD.f;3077.45;0.01;2025.03.28 14:39:50;3079.26;;;1.81
2025.03.28 10:50:00;Buy;0.01;XAUUSD.f;3079.32;0.01;2025.03.28 14:39:50;3079.26;;;-0.06
2025.03.28 10:35:00;Buy;0.01;XAUUSD.f;3081.01;0.01;2025.03.28 14:39:50;3079.26;;;-1.75
2025.03.28 10:29:00;Buy;0.01;XAUUSD.f;3082.63;0.01;2025.03.28 14:39:50;3079.26;;;-3.37
2025.03.28 10:00:00;Buy;0.01;XAUUSD.f;3084.94;0.01;2025.03.28 14:39:50;3079.26;;;-5.68
2025.03.28 09:30:00;Buy;0.01;XAUUSD.f;3082.11;0.01;2025.03.28 09:48:00;3084.25;;;2.14
2025.03.28 09:00:00;Buy;0.01;XAUUSD.f;3078.03;0.01;2025.03.28 09:05:00;3079.85;;;1.8199999999999998
2025.03.21 16:58:00;Sell;0.12;XAUUSD.f;3006.03;0.12;2025.03.21 17:04:17;3004.17;;;22.32
2025.03.19 23:00:00;Buy;0.01;XAUUSD.f;3048.07;0.01;2025.03.19 23:51:00;3047.59;;;-0.48
2025.03.19 23:06:00;Buy;0.01;XAUUSD.f;3045.47;0.01;2025.03.19 23:51:00;3047.59;;;2.12
2025.03.19 22:12:00;Buy;0.01;XAUUSD.f;3047.75;0.01;2025.03.19 22:36:00;3046.09;;;-1.6600000000000001
2025.03.19 22:23:00;Buy;0.01;XAUUSD.f;3042.07;0.01;2025.03.19 22:36:00;3046.09;;;4.02
2025.03.19 22:20:00;Buy;0.01;XAUUSD.f;3045.1;0.01;2025.03.19 22:36:00;3046.09;;;0.99
2025.03.19 22:08:00;Buy;0.01;XAUUSD.f;3047.87;0.01;2025.03.19 22:11:00;3051.15;;;3.2800000000000002
2025.03.14 11:31:00;Buy;0.01;XAUUSD.f;2990.75;0.01;2025.03.14 11:59:00;2993.19;;;2.44
2025.03.14 11:30:00;Buy;0.01;XAUUSD.f;2992.62;0.01;2025.03.14 11:59:00;2993.19;;;0.57
2025.03.13 19:31:01;Buy;0.12;XAUUSD.f;2980.18;0.12;2025.03.13 19:32:53;2981.67;;;17.88
2025.03.13 17:50:54;Buy;0.12;XAUUSD.f;2971.32;0.12;2025.03.13 18:14:12;2973.08;;;21.12
2025.03.12 19:30:07;Buy;0.12;XAUUSD.f;2938.39;0.12;2025.03.12 20:47:13;2940.07;;;20.16
2025.03.11 17:45:00;Buy;0.11;XAUUSD.f;2915.56;0.11;2025.03.11 18:04:59;2917.17;;;17.71
2025.03.11 04:00:00;Sell;0.11;XAUUSD.f;2887.41;0.11;2025.03.11 04:04:45;2882.83;;;50.38
2025.03.10 21:30:00;Sell;0.01;XAUUSD.f;2883.61;0.01;2025.03.10 22:04:00;2884.5;;;-0.89
2025.03.10 21:49:00;Sell;0.01;XAUUSD.f;2889.43;0.01;2025.03.10 22:04:00;2884.5;;;4.93
2025.03.10 21:00:00;Sell;0.01;XAUUSD.f;2886.16;0.01;2025.03.10 21:02:00;2883.13;;;3.03
2025.03.10 19:21:25;Balance;;;;;;;;;-10
2025.03.05 18:18:27;Buy;0.11;XAUUSD.f;2926.69;0.11;2025.03.05 18:24:02;2928.29;;;17.6
2025.03.05 15:50:07;Buy;0.11;XAUUSD.f;2895.14;0.11;2025.03.05 16:01:18;2900.63;;;60.39
2025.03.05 15:50:07;Buy;0.11;XAUUSD.f;2895.03;0.11;2025.03.05 16:01:18;2900.63;;;61.6
2025.03.05 15:50:07;Buy;0.11;XAUUSD.f;2895.16;0.11;2025.03.05 16:01:18;2900.63;;;60.17
2025.03.05 15:50:06;Buy;0.11;XAUUSD.f;2895.14;0.11;2025.03.05 16:01:18;2900.63;;;60.39
2025.03.05 15:43:39;Buy;0.11;XAUUSD.f;2904.23;0.11;2025.03.05 16:01:18;2900.63;;;-39.6
2025.03.05 15:43:38;Buy;0.11;XAUUSD.f;2904.21;0.11;2025.03.05 16:00:27;2900.33;;;-42.68
2025.03.05 15:30:00;Buy;0.11;XAUUSD.f;2913.26;0.11;2025.03.05 16:00:26;2900.43;;;-141.13
2025.03.05 12:09:53;Balance;;;;;;;;;-82.15
2025.03.04 23:04:00;Buy;0.01;XAUUSD.f;2917.83;0.01;2025.03.04 23:47:00;2916.9;;;-0.93
2025.03.04 23:21:00;Buy;0.01;XAUUSD.f;2913.91;0.01;2025.03.04 23:47:00;2916.89;;;2.98
2025.03.04 23:18:00;Buy;0.01;XAUUSD.f;2915.17;0.01;2025.03.04 23:47:00;2916.89;;;1.72
2025.03.04 23:11:00;Buy;0.01;XAUUSD.f;2916.48;0.01;2025.03.04 23:47:00;2916.89;;;0.41
2025.03.04 13:51:13;Buy;0.11;XAUUSD.f;2921.24;0.11;2025.03.04 14:27:34;2923.18;;;21.34
2025.03.04 10:37:16;Buy;0.11;XAUUSD.f;2916.69;0.11;2025.03.04 11:28:19;2918.71;;;22.22
2025.03.04 10:40:00;Buy;0.01;XAUUSD.f;2918.38;0.01;2025.03.04 11:20:00;2916.68;;;-1.7
2025.03.04 10:47:00;Buy;0.01;XAUUSD.f;2912.01;0.01;2025.03.04 11:20:00;2916.68;;;4.67
2025.03.04 10:41:00;Buy;0.01;XAUUSD.f;2915.23;0.01;2025.03.04 11:20:00;2916.68;;;1.45
2025.03.04 10:38:00;Buy;0.01;XAUUSD.f;2916.77;0.01;2025.03.04 10:40:00;2918.13;;;1.3599999999999999
2025.03.04 10:30:00;Buy;0.01;XAUUSD.f;2914.22;0.01;2025.03.04 10:38:00;2916.45;;;2.23
2025.03.03 01:05:00;Buy;0.11;XAUUSD.f;2873.45;0.11;2025.03.03 01:10:37;2875.85;;;26.4
2025.03.02 18:42:10;Balance;;;;;;;;;-285.87
2025.02.28 18:03:45;Sell;0.13;XAUUSD.f;2850.82;0.13;2025.02.28 19:51:19;2845.37;;;70.85
2025.02.28 18:03:45;Sell;0.13;XAUUSD.f;2850.83;0.13;2025.02.28 19:51:19;2845.37;;;70.98
2025.02.28 18:02:12;Sell;0.13;XAUUSD.f;2850.8;0.13;2025.02.28 19:51:19;2845.37;;;70.59
2025.02.28 18:02:11;Sell;0.13;XAUUSD.f;2850.86;0.13;2025.02.28 19:51:19;2845.37;;;71.37
2025.02.28 17:13:25;Sell;0.13;XAUUSD.f;2842.15;0.13;2025.02.28 19:51:19;2845.37;;;-41.86
2025.02.28 17:13:25;Sell;0.13;XAUUSD.f;2842.35;0.13;2025.02.28 19:51:19;2845.37;;;-39.26
2025.02.28 17:00:21;Sell;0.13;XAUUSD.f;2832.83;0.13;2025.02.28 19:51:19;2845.37;;;-163.02
2025.02.27 18:00:00;Sell;0.01;XAUUSD.f;2872.28;0.01;2025.02.27 21:35:00;2878.43;;;-6.15
2025.02.27 20:03:00;Sell;0.01;XAUUSD.f;2884.85;0.01;2025.02.27 21:35:00;2878.43;;;6.42
2025.02.27 19:30:00;Sell;0.01;XAUUSD.f;2880.92;0.01;2025.02.27 21:35:00;2878.44;;;2.48
2025.02.26 22:30:00;Sell;0.13;XAUUSD.f;2915.78;0.13;2025.02.27 03:10:17;2914.32;;-12.9;18.98
2025.02.25 23:16:00;Buy;0.01;XAUUSD.f;2916.96;0.01;2025.02.26 01:06:00;2916.67;;-0.03;-0.29
2025.02.25 23:43:00;Buy;0.01;XAUUSD.f;2914.46;0.01;2025.02.26 01:06:00;2916.69;;-0.03;2.23
2025.02.25 23:42:00;Buy;0.01;XAUUSD.f;2915.46;0.01;2025.02.26 01:06:00;2916.69;;-0.03;1.23
2025.02.25 23:12:00;Buy;0.01;XAUUSD.f;2915.79;0.01;2025.02.25 23:13:00;2917.12;;;1.33
2025.02.25 23:09:01;Buy;0.01;XAUUSD.f;2915.34;0.01;2025.02.25 23:11:00;2915.77;;;0.43
2025.02.25 23:04:00;Buy;0.01;XAUUSD.f;2915.2;0.01;2025.02.25 23:09:00;2915.13;;;-0.07
2025.02.25 23:05:00;Buy;0.01;XAUUSD.f;2913.99;0.01;2025.02.25 23:09:00;2915.13;;;1.1400000000000001
2025.02.25 18:45:00;Buy;0.13;XAUUSD.f;2895.28;0.13;2025.02.25 18:57:48;2897.3;;;26.26
2025.02.25 18:40:00;Sell;0.01;XAUUSD.f;2898.47;0.01;2025.02.25 18:44:00;2896.36;;;2.11
2025.02.25 18:20:00;Sell;0.01;XAUUSD.f;2899.61;0.01;2025.02.25 18:26:00;2895.27;;;4.34
2025.02.25 17:24:19;Sell;0.12;XAUUSD.f;2912.27;0.12;2025.02.25 17:30:04;2910.65;;;19.44
2025.02.14 23:30:00;Sell;0.01;XAUUSD.f;2883.53;0.01;2025.02.17 01:26:00;2887.3;;-0.1;-3.77
2025.02.17 01:05:00;Sell;0.01;XAUUSD.f;2893.58;0.01;2025.02.17 01:26:00;2887.3;;;6.28
2025.02.14 23:00:00;Sell;0.01;XAUUSD.f;2885.36;0.01;2025.02.14 23:08:00;2884.26;;;1.1
2025.02.14 22:40:34;Buy;0.11;XAUUSD.f;2878.32;0.11;2025.02.14 23:00:22;2884.55;;;68.53
2025.02.14 22:40:33;Buy;0.11;XAUUSD.f;2878.25;0.11;2025.02.14 23:00:22;2884.55;;;69.3
2025.02.14 20:00:00;Buy;0.11;XAUUSD.f;2887.25;0.11;2025.02.14 23:00:22;2884.55;;;-29.7
2025.02.14 22:34:00;Sell;0.01;XAUUSD.f;2880.21;0.01;2025.02.14 22:38:00;2879.13;;;1.08
2025.02.14 22:29:00;Sell;0.01;XAUUSD.f;2882.94;0.01;2025.02.14 22:34:00;2880.43;;;2.51
2025.02.14 22:00:00;Sell;0.01;XAUUSD.f;2880.56;0.01;2025.02.14 22:34:00;2880.39;;;0.17
2025.02.14 21:27:56;Sell;0.11;XAUUSD.f;2882.26;0.11;2025.02.14 21:53:30;2880.16;;;23.1
2025.02.14 21:30:00;Sell;0.01;XAUUSD.f;2883.18;0.01;2025.02.14 21:37:00;2882.18;;;1
2025.02.14 21:00:00;Sell;0.01;XAUUSD.f;2883.97;0.01;2025.02.14 21:28:00;2882.37;;;1.6
2025.02.14 18:30:02;Sell;0.11;XAUUSD.f;2892.82;0.11;2025.02.14 18:48:00;2889.84;;;32.78
2025.02.14 18:40:00;Sell;0.01;XAUUSD.f;2895.53;0.01;2025.02.14 18:44:00;2892.95;;;2.58
2025.02.14 17:21:40;Sell;0.09;XAUUSD.f;2907.99;0.09;2025.02.14 17:22:55;2905.93;;;18.54
2025.02.12 18:48:05;Buy;0.09;XAUUSD.f;2898.04;0.09;2025.02.12 18:53:43;2899.98;;;17.46
2025.02.12 17:05:21;Buy;0.09;XAUUSD.f;2887.32;0.09;2025.02.12 17:23:51;2891.83;;;40.59
2025.02.12 17:05:20;Buy;0.09;XAUUSD.f;2887.5;0.09;2025.02.12 17:23:51;2891.83;;;38.97
2025.02.12 16:28:01;Buy;0.09;XAUUSD.f;2896.51;0.09;2025.02.12 17:23:51;2891.83;;;-42.12
2025.02.11 16:06:55;Sell;0.08;XAUUSD.f;2900.46;0.08;2025.02.11 17:03:54;2892.79;;;61.36
2025.02.11 16:06:55;Sell;0.08;XAUUSD.f;2900.47;0.08;2025.02.11 17:03:54;2892.79;;;61.44
2025.02.11 16:06:55;Sell;0.08;XAUUSD.f;2900.4;0.08;2025.02.11 17:03:54;2892.79;;;60.88
2025.02.11 16:06:55;Sell;0.08;XAUUSD.f;2900.31;0.08;2025.02.11 17:03:54;2892.79;;;60.16
2025.02.11 15:32:28;Sell;0.08;XAUUSD.f;2891.23;0.08;2025.02.11 17:03:54;2892.79;;;-12.48
2025.02.11 15:32:16;Sell;0.08;XAUUSD.f;2891.21;0.08;2025.02.11 17:03:54;2892.79;;;-12.64
2025.02.11 15:19:28;Sell;0.08;XAUUSD.f;2882.21;0.08;2025.02.11 17:03:54;2892.79;;;-84.64
2025.02.11 03:53:06;Buy;0.08;XAUUSD.f;2935.35;0.08;2025.02.11 04:03:22;2937.67;;;18.56
2025.02.10 09:41:00;Buy;0.01;XAUUSD.f;2893.5;0.01;2025.02.10 09:56:00;2895.66;;;2.16
2025.02.10 09:36:00;Buy;0.01;XAUUSD.f;2895.52;0.01;2025.02.10 09:56:00;2895.66;;;0.14
2025.02.07 18:17:02;Buy;0.08;XAUUSD.f;2866.51;0.08;2025.02.07 18:21:06;2871.88;;;42.96
2025.02.07 18:17:02;Buy;0.08;XAUUSD.f;2866.51;0.08;2025.02.07 18:21:06;2871.88;;;42.96
2025.02.07 18:17:02;Buy;0.08;XAUUSD.f;2866.62;0.08;2025.02.07 18:21:06;2871.88;;;42.08
2025.02.07 18:17:00;Buy;0.08;XAUUSD.f;2867.02;0.08;2025.02.07 18:21:06;2871.88;;;38.88
2025.02.07 18:02:14;Buy;0.08;XAUUSD.f;2874.98;0.08;2025.02.07 18:21:06;2871.88;;;-24.8
2025.02.07 18:02:14;Buy;0.08;XAUUSD.f;2875.79;0.08;2025.02.07 18:21:06;2871.88;;;-31.28
2025.02.07 17:31:50;Buy;0.08;XAUUSD.f;2884.84;0.08;2025.02.07 18:21:06;2871.88;;;-103.68
2025.02.06 17:00:46;Sell;0.08;XAUUSD.f;2838.03;0.08;2025.02.06 17:08:41;2836.35;;;13.44
2025.02.05 11:10:00;Buy;0.01;XAUUSD.f;2865.98;0.01;2025.02.05 11:24:00;2869.17;;;3.19
2025.02.05 11:00:00;Buy;0.01;XAUUSD.f;2867.78;0.01;2025.02.05 11:24:00;2869.18;;;1.4
2025.02.05 10:30:00;Buy;0.01;XAUUSD.f;2865.72;0.01;2025.02.05 10:42:00;2867.24;;;1.52
2025.02.05 08:30:00;Buy;0.01;XAUUSD.f;2861.3;0.01;2025.02.05 09:49:00;2859.84;;;-1.46
2025.02.05 09:06:00;Buy;0.01;XAUUSD.f;2855.83;0.01;2025.02.05 09:49:00;2859.87;;;4.04
2025.02.05 09:02:00;Buy;0.01;XAUUSD.f;2857.09;0.01;2025.02.05 09:49:00;2859.88;;;2.79
2025.02.05 09:01:00;Buy;0.01;XAUUSD.f;2858.32;0.01;2025.02.05 09:49:00;2859.88;;;1.56
2025.02.05 08:59:00;Buy;0.01;XAUUSD.f;2859.78;0.01;2025.02.05 09:49:00;2859.89;;;0.11
2025.02.05 08:04:00;Buy;0.01;XAUUSD.f;2858.01;0.01;2025.02.05 08:24:00;2860.14;;;2.13
2025.02.05 08:00:00;Buy;0.01;XAUUSD.f;2859.53;0.01;2025.02.05 08:24:00;2860.14;;;0.61
2025.02.04 17:40:07;Buy;0.08;XAUUSD.f;2836.56;0.08;2025.02.04 18:20:54;2840.43;;;30.96
2025.02.04 17:40:07;Buy;0.08;XAUUSD.f;2836.48;0.08;2025.02.04 18:20:54;2840.43;;;31.6
2025.02.04 17:34:05;Buy;0.08;XAUUSD.f;2845.64;0.08;2025.02.04 18:20:54;2840.43;;;-41.68
2025.02.03 16:49:28;Buy;0.08;XAUUSD.f;2825.47;0.08;2025.02.03 16:50:36;2827.46;;;15.92
2025.01.31 10:07:00;Buy;0.01;XAUUSD.f;2797.11;0.01;2025.01.31 13:28:00;2796.64;;;-0.47
2025.01.31 10:00:00;Buy;0.01;XAUUSD.f;2798.52;0.01;2025.01.31 13:28:00;2796.64;;;-1.88
2025.01.31 12:34:00;Buy;0.01;XAUUSD.f;2791.53;0.01;2025.01.31 13:28:00;2796.64;;;5.11
2025.01.31 10:31:00;Buy;0.01;XAUUSD.f;2793.01;0.01;2025.01.31 13:28:00;2796.64;;;3.63
2025.01.31 10:23:00;Buy;0.01;XAUUSD.f;2794.86;0.01;2025.01.31 13:28:00;2796.64;;;1.78
2025.01.29 21:30:00;Sell;0.01;XAUUSD.f;2745.8;0.01;2025.01.29 21:36:00;2746.57;;;-0.77
2025.01.29 21:33:00;Sell;0.01;XAUUSD.f;2750.69;0.01;2025.01.29 21:36:00;2746.5;;;4.19
2025.01.29 21:00:00;Sell;0.01;XAUUSD.f;2751.08;0.01;2025.01.29 21:01:00;2747.36;;;3.7199999999999998
2025.01.29 11:00:00;Buy;0.01;XAUUSD.f;2764.24;0.01;2025.01.29 11:52:00;2763.99;;;-0.25
2025.01.29 11:11:00;Buy;0.01;XAUUSD.f;2760.98;0.01;2025.01.29 11:52:00;2763.99;;;3.01
2025.01.29 11:04:00;Buy;0.01;XAUUSD.f;2762.98;0.01;2025.01.29 11:52:00;2763.99;;;1.01
2025.01.27 17:35:15;Sell;0.06;XAUUSD.f;2739.97;0.06;2025.01.27 18:52:30;2735.84;;;24.78
2025.01.24 11:30:00;Buy;0.01;XAUUSD.f;2777.11;0.01;2025.01.24 13:02:00;2776.51;;;-0.6
2025.01.24 11:37:00;Buy;0.01;XAUUSD.f;2772.44;0.01;2025.01.24 13:02:00;2776.5;;;4.06
2025.01.24 11:33:00;Buy;0.01;XAUUSD.f;2774.94;0.01;2025.01.24 13:02:00;2776.5;;;1.56
2025.01.24 08:30:00;Buy;0.01;XAUUSD.f;2776.46;0.01;2025.01.24 10:52:00;2775.07;;;-1.3900000000000001
2025.01.24 10:34:00;Buy;0.01;XAUUSD.f;2770.75;0.01;2025.01.24 10:52:00;2775.07;;;4.32
2025.01.24 10:02:00;Buy;0.01;XAUUSD.f;2772.06;0.01;2025.01.24 10:52:00;2775.07;;;3.01
2025.01.24 09:10:00;Buy;0.01;XAUUSD.f;2773.47;0.01;2025.01.24 10:52:00;2775.07;;;1.6
2025.01.24 08:47:00;Buy;0.01;XAUUSD.f;2775.03;0.01;2025.01.24 10:52:00;2775.07;;;0.04
2025.01.22 11:39:00;Buy;0.01;XAUUSD.f;2759.97;0.01;2025.01.22 12:36:00;2762.88;;;2.91
2025.01.22 11:30:00;Buy;0.01;XAUUSD.f;2761.96;0.01;2025.01.22 12:36:00;2762.88;;;0.92
2025.01.22 11:06:01;Buy;0.01;XAUUSD.f;2756.24;0.01;2025.01.22 11:21:00;2758.2;;;1.96
2025.01.22 08:02:00;Buy;0.01;XAUUSD.f;2756.64;0.01;2025.01.22 11:06:00;2755.99;;;-0.65
2025.01.22 08:00:00;Buy;0.01;XAUUSD.f;2758.29;0.01;2025.01.22 11:06:00;2755.99;;;-2.3
2025.01.22 08:26:00;Buy;0.01;XAUUSD.f;2747.07;0.01;2025.01.22 11:06:00;2756.01;;;8.94
2025.01.22 08:21:00;Buy;0.01;XAUUSD.f;2748.81;0.01;2025.01.22 11:06:00;2756.01;;;7.2
2025.01.22 08:18:00;Buy;0.01;XAUUSD.f;2750.89;0.01;2025.01.22 11:06:00;2756;;;5.11
2025.01.22 08:15:00;Buy;0.01;XAUUSD.f;2752.43;0.01;2025.01.22 11:06:00;2755.98;;;3.55
2025.01.22 08:09:00;Buy;0.01;XAUUSD.f;2754.01;0.01;2025.01.22 11:06:00;2755.98;;;1.97
2025.01.22 08:04:00;Buy;0.01;XAUUSD.f;2755.43;0.01;2025.01.22 11:06:00;2755.98;;;0.55
2025.01.14 01:09:00;Sell;0.01;XAUUSD.f;2664.8;0.01;2025.01.14 11:42:01;2665.47;;;-0.67
2025.01.13 23:34:00;Sell;0.01;XAUUSD.f;2663.23;0.01;2025.01.14 11:42:00;2665.45;;0.2;-2.22
2025.01.13 22:36:00;Sell;0.01;XAUUSD.f;2661.13;0.01;2025.01.14 11:42:00;2665.44;;0.2;-4.31
2025.01.13 21:30:00;Sell;0.01;XAUUSD.f;2658.81;0.01;2025.01.14 11:42:00;2665.43;;0.2;-6.62
2025.01.14 07:03:00;Sell;0.01;XAUUSD.f;2675.22;0.01;2025.01.14 11:42:00;2665.42;;;9.8
2025.01.14 06:53:00;Sell;0.01;XAUUSD.f;2673.17;0.01;2025.01.14 11:42:00;2665.42;;;7.75
2025.01.14 02:45:00;Sell;0.01;XAUUSD.f;2670.64;0.01;2025.01.14 11:42:00;2665.41;;;5.23
2025.01.14 01:49:00;Sell;0.01;XAUUSD.f;2668.63;0.01;2025.01.14 11:42:00;2665.52;;;3.11
2025.01.14 01:31:00;Sell;0.01;XAUUSD.f;2666.76;0.01;2025.01.14 11:42:00;2665.52;;;1.24
2025.01.13 21:00:00;Sell;0.01;XAUUSD.f;2659.29;0.01;2025.01.13 21:03:00;2657.32;;;1.97
2025.01.13 18:57:00;Sell;0.01;XAUUSD.f;2662.94;0.01;2025.01.13 18:59:00;2661.82;;;1.12
2025.01.13 18:00:00;Sell;0.01;XAUUSD.f;2661.78;0.01;2025.01.13 18:57:00;2663.17;;;-1.3900000000000001
2025.01.13 18:27:00;Sell;0.01;XAUUSD.f;2667.04;0.01;2025.01.13 18:57:00;2663.17;;;3.87
2024.12.16 20:30:00;Sell;0.06;XAUUSD.f;2653.17;0.06;2024.12.17 07:07:02;2650.91;;1.17;13.56
2024.12.13 23:00:00;Sell;0.01;XAUUSD.f;2647.56;0.01;2024.12.16 02:40:00;2648.89;;0.2;-1.33
2024.12.16 01:49:00;Sell;0.01;XAUUSD.f;2652.4;0.01;2024.12.16 02:40:00;2648.89;;;3.51
2024.12.16 01:16:00;Sell;0.01;XAUUSD.f;2649.91;0.01;2024.12.16 02:40:00;2648.89;;;1.02
2024.12.13 22:30:00;Sell;0.01;XAUUSD.f;2652.05;0.01;2024.12.13 22:32:00;2651.14;;;0.91
2024.12.13 22:00:00;Sell;0.01;XAUUSD.f;2652.99;0.01;2024.12.13 22:01:00;2652.05;;;0.94
2024.12.12 19:01:02;Sell;0.06;XAUUSD.f;2684.35;0.06;2024.12.12 22:57:15;2680.43;;;23.52
2024.12.12 19:01:01;Sell;0.06;XAUUSD.f;2684.36;0.06;2024.12.12 22:57:15;2680.43;;;23.58
2024.12.12 17:51:07;Sell;0.06;XAUUSD.f;2675.34;0.06;2024.12.12 22:57:15;2680.43;;;-30.54
2024.12.12 18:00:00;Sell;0.01;XAUUSD.f;2679.46;0.01;2024.12.12 22:05:00;2682.4;;;-2.94
2024.12.12 20:01:00;Sell;0.01;XAUUSD.f;2686.95;0.01;2024.12.12 22:05:00;2682.4;;;4.55
2024.12.12 16:25:59;Sell;0.06;XAUUSD.f;2685.53;0.06;2024.12.12 16:28:25;2683.95;;;9.48
2024.12.09 16:45:00;Buy;0.06;XAUUSD.f;2672.76;0.06;2024.12.09 16:55:44;2674.51;;;10.5
2024.12.05 21:45:00;Sell;0.06;XAUUSD.f;2630.91;0.06;2024.12.05 22:14:43;2629.22;;;10.14
2024.12.05 05:03:16;Buy;0.06;XAUUSD.f;2645.24;0.06;2024.12.05 05:58:45;2648.77;;;21.18
2024.12.05 05:03:16;Buy;0.06;XAUUSD.f;2645.22;0.06;2024.12.05 05:58:45;2648.77;;;21.3
2024.12.04 18:15:00;Buy;0.06;XAUUSD.f;2654.31;0.06;2024.12.05 05:58:45;2648.84;;-6.13;-32.82
2024.12.02 15:42:33;Sell;0.05;XAUUSD.f;2647.72;0.05;2024.12.02 17:46:37;2641.51;;;31.05
2024.12.02 15:42:26;Sell;0.05;XAUUSD.f;2647.72;0.05;2024.12.02 17:46:37;2641.51;;;31.05
2024.12.02 15:42:25;Sell;0.05;XAUUSD.f;2647.72;0.05;2024.12.02 17:46:37;2641.51;;;31.05
2024.12.02 15:42:25;Sell;0.05;XAUUSD.f;2647.74;0.05;2024.12.02 17:46:37;2641.51;;;31.15
2024.12.02 13:12:37;Sell;0.05;XAUUSD.f;2638.91;0.05;2024.12.02 17:46:37;2641.51;;;-13
2024.12.02 13:12:37;Sell;0.05;XAUUSD.f;2638.74;0.05;2024.12.02 17:46:37;2641.51;;;-13.85
2024.12.02 10:45:00;Sell;0.05;XAUUSD.f;2629.72;0.05;2024.12.02 17:46:37;2641.51;;;-58.95
2024.12.02 02:44:01;Sell;0.05;XAUUSD.f;2630.23;0.05;2024.12.02 03:19:05;2628.76;;;7.35
2024.11.29 08:00:00;Buy;0.05;XAUUSD.f;2662.55;0.05;2024.11.29 08:07:14;2664.24;;;8.45
2024.11.28 04:14:54;Balance;;;;;;;;;-0.57
2024.11.27 23:15:00;Sell;0.05;XAUUSD.f;2637.01;0.05;2024.11.28 03:00:05;2635.02;;2.94;9.95
2024.11.26 17:00:09;Buy;0.01;AUDCAD.f;0.91142;0.01;2024.11.27 10:08:28;0.9125;;-0.03;0.77
2024.11.26 02:00:11;Sell;0.01;AUDCAD.f;0.91092;0.01;2024.11.26 16:43:43;0.913;;;-1.47
2024.11.26 06:30:06;Sell;0.01;AUDCAD.f;0.9159;0.01;2024.11.26 16:43:36;0.91296;;;2.08
2024.11.25 00:17:32;Sell;0.01;AUDCAD.f;0.91085;0.01;2024.11.25 05:41:18;0.90976;;;0.78
2024.11.22 07:15:04;Buy;0.01;AUDCAD.f;0.90796;0.01;2024.11.22 10:02:45;0.90899;;;0.74
2024.11.21 23:33:45;Balance;;;;;;;;;-0.59
2024.11.21 19:00:06;Buy;0.01;AUDCAD.f;0.90772;0.01;2024.11.21 19:38:20;0.9088;;;0.77
2024.11.21 06:00:05;Sell;0.01;AUDCAD.f;0.91105;0.01;2024.11.21 06:54:19;0.91004;;;0.72
2024.11.20 16:30:04;Buy;0.01;AUDCAD.f;0.9087;0.01;2024.11.21 02:54:48;0.9098;;-0.08;0.79
2024.11.19 11:45:06;Buy;0.01;AUDCAD.f;0.91023;0.01;2024.11.19 12:39:29;0.91128;;;0.75
2024.11.19 05:54:41;Balance;;;;;;;;;451.49
